entity_id,state,last_changed
sensor.shellyplugsg3_8cbfeaa49324_potencia,9.9,2026-05-13T06:00:00.000Z
sensor.shellyplugsg3_8cbfeaa49324_potencia,9.7,2026-05-13T06:00:00.030Z
sensor.shellyplugsg3_8cbfeaa49324_potencia,10.0,2026-05-13T06:01:00.025Z
sensor.shellyplugsg3_8cbfeaa49324_potencia,9.7,2026-05-13T06:02:00.035Z
sensor.shellyplugsg3_8cbfeaa49324_potencia,9.9,2026-05-13T06:03:00.084Z
sensor.shellyplugsg3_8cbfeaa49324_potencia,11.3,2026-05-13T06:03:05.046Z
sensor.shellyplugsg3_8cbfeaa49324_potencia,13.4,2026-05-13T06:03:20.479Z
sensor.shellyplugsg3_8cbfeaa49324_potencia,13.6,2026-05-13T06:03:25.522Z
sensor.shellyplugsg3_8cbfeaa49324_potencia,12.4,2026-05-13T06:03:58.520Z
sensor.shellyplugsg3_8cbfeaa49324_potencia,10.4,2026-05-13T06:04:00.080Z
sensor.shellyplugsg3_8cbfeaa49324_potencia,13.5,2026-05-13T06:05:03.281Z
sensor.shellyplugsg3_8cbfeaa49324_potencia,14.3,2026-05-13T06:05:09.352Z
sensor.shellyplugsg3_8cbfeaa49324_potencia,14.0,2026-05-13T06:05:14.489Z
sensor.shellyplugsg3_8cbfeaa49324_potencia,12.5,2026-05-13T06:05:22.823Z
sensor.shellyplugsg3_8cbfeaa49324_potencia,13.8,2026-05-13T06:05:27.864Z
sensor.shellyplugsg3_8cbfeaa49324_potencia,12.1,2026-05-13T06:05:39.281Z
sensor.shellyplugsg3_8cbfeaa49324_potencia,14.1,2026-05-13T06:05:44.324Z
sensor.shellyplugsg3_8cbfeaa49324_potencia,12.8,2026-05-13T06:05:50.489Z
sensor.shellyplugsg3_8cbfeaa49324_potencia,10.5,2026-05-13T06:05:55.631Z
sensor.shellyplugsg3_8cbfeaa49324_potencia,10.2,2026-05-13T06:06:00.072Z
sensor.shellyplugsg3_8cbfeaa49324_potencia,11.8,2026-05-13T06:06:53.295Z
sensor.shellyplugsg3_8cbfeaa49324_potencia,14.8,2026-05-13T06:06:58.338Z
sensor.shellyplugsg3_8cbfeaa49324_potencia,14.9,2026-05-13T06:07:00.069Z
sensor.shellyplugsg3_8cbfeaa49324_potencia,13.3,2026-05-13T06:07:03.479Z
sensor.shellyplugsg3_8cbfeaa49324_potencia,15.0,2026-05-13T06:07:08.615Z
sensor.shellyplugsg3_8cbfeaa49324_potencia,13.4,2026-05-13T06:07:13.755Z
sensor.shellyplugsg3_8cbfeaa49324_potencia,14.7,2026-05-13T06:07:18.896Z
sensor.shellyplugsg3_8cbfeaa49324_potencia,14.3,2026-05-13T06:07:24.035Z
sensor.shellyplugsg3_8cbfeaa49324_potencia,12.8,2026-05-13T06:07:30.205Z
sensor.shellyplugsg3_8cbfeaa49324_potencia,12.1,2026-05-13T06:07:35.344Z
sensor.shellyplugsg3_8cbfeaa49324_potencia,13.0,2026-05-13T06:07:40.483Z
sensor.shellyplugsg3_8cbfeaa49324_potencia,10.6,2026-05-13T06:07:50.764Z
sensor.shellyplugsg3_8cbfeaa49324_potencia,9.9,2026-05-13T06:08:00.066Z
sensor.shellyplugsg3_8cbfeaa49324_potencia,12.3,2026-05-13T06:08:52.539Z
sensor.shellyplugsg3_8cbfeaa49324_potencia,14.1,2026-05-13T06:08:57.582Z
sensor.shellyplugsg3_8cbfeaa49324_potencia,16.6,2026-05-13T06:09:00.062Z
sensor.shellyplugsg3_8cbfeaa49324_potencia,12.5,2026-05-13T06:09:04.776Z
sensor.shellyplugsg3_8cbfeaa49324_potencia,14.1,2026-05-13T06:09:09.916Z
sensor.shellyplugsg3_8cbfeaa49324_potencia,14.4,2026-05-13T06:09:16.085Z
sensor.shellyplugsg3_8cbfeaa49324_potencia,13.0,2026-05-13T06:09:22.251Z
sensor.shellyplugsg3_8cbfeaa49324_potencia,15.7,2026-05-13T06:09:27.390Z
sensor.shellyplugsg3_8cbfeaa49324_potencia,14.9,2026-05-13T06:09:32.530Z
sensor.shellyplugsg3_8cbfeaa49324_potencia,17.5,2026-05-13T06:09:37.672Z
sensor.shellyplugsg3_8cbfeaa49324_potencia,15.6,2026-05-13T06:09:42.813Z
sensor.shellyplugsg3_8cbfeaa49324_potencia,13.2,2026-05-13T06:09:48.978Z
sensor.shellyplugsg3_8cbfeaa49324_potencia,11.9,2026-05-13T06:09:54.120Z
sensor.shellyplugsg3_8cbfeaa49324_potencia,10.8,2026-05-13T06:09:59.257Z
sensor.shellyplugsg3_8cbfeaa49324_potencia,10.2,2026-05-13T06:10:00.059Z
sensor.shellyplugsg3_8cbfeaa49324_potencia,9.7,2026-05-13T06:10:36.370Z
sensor.shellyplugsg3_8cbfeaa49324_potencia,10.9,2026-05-13T06:10:54.883Z
sensor.shellyplugsg3_8cbfeaa49324_potencia,15.8,2026-05-13T06:11:00.057Z
sensor.shellyplugsg3_8cbfeaa49324_potencia,14.0,2026-05-13T06:11:01.992Z
sensor.shellyplugsg3_8cbfeaa49324_potencia,12.6,2026-05-13T06:11:08.182Z
sensor.shellyplugsg3_8cbfeaa49324_potencia,13.8,2026-05-13T06:11:13.323Z
sensor.shellyplugsg3_8cbfeaa49324_potencia,12.6,2026-05-13T06:11:18.512Z
sensor.shellyplugsg3_8cbfeaa49324_potencia,13.2,2026-05-13T06:11:23.603Z
sensor.shellyplugsg3_8cbfeaa49324_potencia,13.8,2026-05-13T06:11:29.771Z
sensor.shellyplugsg3_8cbfeaa49324_potencia,16.1,2026-05-13T06:11:34.911Z
sensor.shellyplugsg3_8cbfeaa49324_potencia,17.3,2026-05-13T06:11:40.051Z
sensor.shellyplugsg3_8cbfeaa49324_potencia,16.8,2026-05-13T06:11:45.192Z
sensor.shellyplugsg3_8cbfeaa49324_potencia,13.6,2026-05-13T06:11:51.360Z
sensor.shellyplugsg3_8cbfeaa49324_potencia,16.4,2026-05-13T06:11:56.501Z
sensor.shellyplugsg3_8cbfeaa49324_potencia,12.9,2026-05-13T06:12:00.054Z
sensor.shellyplugsg3_8cbfeaa49324_potencia,16.3,2026-05-13T06:12:01.643Z
sensor.shellyplugsg3_8cbfeaa49324_potencia,11.1,2026-05-13T06:12:06.784Z
sensor.shellyplugsg3_8cbfeaa49324_potencia,10.0,2026-05-13T06:12:12.950Z
sensor.shellyplugsg3_8cbfeaa49324_potencia,9.9,2026-05-13T06:13:00.052Z
sensor.shellyplugsg3_8cbfeaa49324_potencia,13.7,2026-05-13T06:13:08.564Z
sensor.shellyplugsg3_8cbfeaa49324_potencia,16.3,2026-05-13T06:13:13.607Z
sensor.shellyplugsg3_8cbfeaa49324_potencia,16.2,2026-05-13T06:13:18.748Z
sensor.shellyplugsg3_8cbfeaa49324_potencia,13.6,2026-05-13T06:13:23.888Z
sensor.shellyplugsg3_8cbfeaa49324_potencia,13.8,2026-05-13T06:13:29.029Z
sensor.shellyplugsg3_8cbfeaa49324_potencia,15.6,2026-05-13T06:13:35.198Z
sensor.shellyplugsg3_8cbfeaa49324_potencia,16.6,2026-05-13T06:13:40.336Z
sensor.shellyplugsg3_8cbfeaa49324_potencia,14.9,2026-05-13T06:13:45.478Z
sensor.shellyplugsg3_8cbfeaa49324_potencia,12.8,2026-05-13T06:13:51.645Z
sensor.shellyplugsg3_8cbfeaa49324_potencia,16.4,2026-05-13T06:13:56.785Z
sensor.shellyplugsg3_8cbfeaa49324_potencia,14.8,2026-05-13T06:14:00.049Z
sensor.shellyplugsg3_8cbfeaa49324_potencia,15.6,2026-05-13T06:14:01.926Z
sensor.shellyplugsg3_8cbfeaa49324_potencia,13.6,2026-05-13T06:14:07.066Z
sensor.shellyplugsg3_8cbfeaa49324_potencia,14.6,2026-05-13T06:14:12.207Z
sensor.shellyplugsg3_8cbfeaa49324_potencia,16.6,2026-05-13T06:14:18.375Z
sensor.shellyplugsg3_8cbfeaa49324_potencia,10.7,2026-05-13T06:14:24.543Z
sensor.shellyplugsg3_8cbfeaa49324_potencia,9.7,2026-05-13T06:15:00.046Z
sensor.shellyplugsg3_8cbfeaa49324_potencia,12.9,2026-05-13T06:15:24.265Z
sensor.shellyplugsg3_8cbfeaa49324_potencia,13.9,2026-05-13T06:15:29.308Z
sensor.shellyplugsg3_8cbfeaa49324_potencia,16.6,2026-05-13T06:15:34.446Z
sensor.shellyplugsg3_8cbfeaa49324_potencia,15.0,2026-05-13T06:15:39.586Z
sensor.shellyplugsg3_8cbfeaa49324_potencia,16.8,2026-05-13T06:15:45.755Z
sensor.shellyplugsg3_8cbfeaa49324_potencia,12.6,2026-05-13T06:15:50.895Z
sensor.shellyplugsg3_8cbfeaa49324_potencia,16.4,2026-05-13T06:15:56.035Z
sensor.shellyplugsg3_8cbfeaa49324_potencia,12.8,2026-05-13T06:16:00.044Z
sensor.shellyplugsg3_8cbfeaa49324_potencia,16.2,2026-05-13T06:16:01.178Z
sensor.shellyplugsg3_8cbfeaa49324_potencia,13.8,2026-05-13T06:16:06.317Z
sensor.shellyplugsg3_8cbfeaa49324_potencia,14.3,2026-05-13T06:16:11.458Z
sensor.shellyplugsg3_8cbfeaa49324_potencia,16.5,2026-05-13T06:16:17.626Z
sensor.shellyplugsg3_8cbfeaa49324_potencia,12.6,2026-05-13T06:16:23.794Z
sensor.shellyplugsg3_8cbfeaa49324_potencia,14.6,2026-05-13T06:16:28.935Z
sensor.shellyplugsg3_8cbfeaa49324_potencia,16.1,2026-05-13T06:16:35.104Z
sensor.shellyplugsg3_8cbfeaa49324_potencia,16.3,2026-05-13T06:16:40.244Z
sensor.shellyplugsg3_8cbfeaa49324_potencia,12.0,2026-05-13T06:16:45.385Z
sensor.shellyplugsg3_8cbfeaa49324_potencia,10.4,2026-05-13T06:16:51.550Z
sensor.shellyplugsg3_8cbfeaa49324_potencia,10.1,2026-05-13T06:17:00.041Z
sensor.shellyplugsg3_8cbfeaa49324_potencia,11.8,2026-05-13T06:17:48.189Z
sensor.shellyplugsg3_8cbfeaa49324_potencia,12.9,2026-05-13T06:17:53.232Z
sensor.shellyplugsg3_8cbfeaa49324_potencia,16.5,2026-05-13T06:17:58.373Z
sensor.shellyplugsg3_8cbfeaa49324_potencia,14.0,2026-05-13T06:18:00.039Z
sensor.shellyplugsg3_8cbfeaa49324_potencia,16.4,2026-05-13T06:18:03.511Z
sensor.shellyplugsg3_8cbfeaa49324_potencia,13.5,2026-05-13T06:18:08.653Z
sensor.shellyplugsg3_8cbfeaa49324_potencia,16.7,2026-05-13T06:18:13.795Z
sensor.shellyplugsg3_8cbfeaa49324_potencia,14.9,2026-05-13T06:18:18.936Z
sensor.shellyplugsg3_8cbfeaa49324_potencia,17.0,2026-05-13T06:18:24.077Z
sensor.shellyplugsg3_8cbfeaa49324_potencia,15.3,2026-05-13T06:18:29.217Z
sensor.shellyplugsg3_8cbfeaa49324_potencia,15.6,2026-05-13T06:18:34.357Z
sensor.shellyplugsg3_8cbfeaa49324_potencia,12.5,2026-05-13T06:18:40.525Z
sensor.shellyplugsg3_8cbfeaa49324_potencia,15.6,2026-05-13T06:18:45.665Z
sensor.shellyplugsg3_8cbfeaa49324_potencia,12.5,2026-05-13T06:18:50.804Z
sensor.shellyplugsg3_8cbfeaa49324_potencia,16.7,2026-05-13T06:18:55.946Z
sensor.shellyplugsg3_8cbfeaa49324_potencia,17.3,2026-05-13T06:19:00.039Z
sensor.shellyplugsg3_8cbfeaa49324_potencia,14.6,2026-05-13T06:19:01.087Z
sensor.shellyplugsg3_8cbfeaa49324_potencia,16.3,2026-05-13T06:19:06.228Z
sensor.shellyplugsg3_8cbfeaa49324_potencia,14.9,2026-05-13T06:19:11.367Z
sensor.shellyplugsg3_8cbfeaa49324_potencia,11.1,2026-05-13T06:19:17.536Z
sensor.shellyplugsg3_8cbfeaa49324_potencia,10.0,2026-05-13T06:19:22.676Z
sensor.shellyplugsg3_8cbfeaa49324_potencia,10.1,2026-05-13T06:20:00.034Z
sensor.shellyplugsg3_8cbfeaa49324_potencia,13.3,2026-05-13T06:20:18.288Z
sensor.shellyplugsg3_8cbfeaa49324_potencia,12.8,2026-05-13T06:20:23.331Z
sensor.shellyplugsg3_8cbfeaa49324_potencia,12.9,2026-05-13T06:20:28.471Z
sensor.shellyplugsg3_8cbfeaa49324_potencia,16.8,2026-05-13T06:20:33.612Z
sensor.shellyplugsg3_8cbfeaa49324_potencia,16.9,2026-05-13T06:20:38.753Z
sensor.shellyplugsg3_8cbfeaa49324_potencia,12.5,2026-05-13T06:20:43.893Z
sensor.shellyplugsg3_8cbfeaa49324_potencia,13.2,2026-05-13T06:20:49.034Z
sensor.shellyplugsg3_8cbfeaa49324_potencia,16.5,2026-05-13T06:20:54.174Z
sensor.shellyplugsg3_8cbfeaa49324_potencia,16.3,2026-05-13T06:20:59.322Z
sensor.shellyplugsg3_8cbfeaa49324_potencia,12.7,2026-05-13T06:21:00.032Z
sensor.shellyplugsg3_8cbfeaa49324_potencia,13.8,2026-05-13T06:21:04.457Z
sensor.shellyplugsg3_8cbfeaa49324_potencia,15.4,2026-05-13T06:21:09.596Z
sensor.shellyplugsg3_8cbfeaa49324_potencia,16.7,2026-05-13T06:21:14.738Z
sensor.shellyplugsg3_8cbfeaa49324_potencia,12.9,2026-05-13T06:21:19.878Z
sensor.shellyplugsg3_8cbfeaa49324_potencia,12.8,2026-05-13T06:21:25.019Z
sensor.shellyplugsg3_8cbfeaa49324_potencia,16.3,2026-05-13T06:21:30.159Z
sensor.shellyplugsg3_8cbfeaa49324_potencia,14.7,2026-05-13T06:21:36.328Z
sensor.shellyplugsg3_8cbfeaa49324_potencia,16.3,2026-05-13T06:21:41.469Z
sensor.shellyplugsg3_8cbfeaa49324_potencia,14.1,2026-05-13T06:21:47.637Z
sensor.shellyplugsg3_8cbfeaa49324_potencia,11.2,2026-05-13T06:21:52.777Z
sensor.shellyplugsg3_8cbfeaa49324_potencia,10.0,2026-05-13T06:21:58.944Z
sensor.shellyplugsg3_8cbfeaa49324_potencia,10.5,2026-05-13T06:22:00.030Z
sensor.shellyplugsg3_8cbfeaa49324_potencia,11.2,2026-05-13T06:22:53.527Z
sensor.shellyplugsg3_8cbfeaa49324_potencia,17.0,2026-05-13T06:22:58.570Z
sensor.shellyplugsg3_8cbfeaa49324_potencia,14.1,2026-05-13T06:23:00.028Z
sensor.shellyplugsg3_8cbfeaa49324_potencia,14.5,2026-05-13T06:23:04.739Z
sensor.shellyplugsg3_8cbfeaa49324_potencia,16.1,2026-05-13T06:23:09.879Z
sensor.shellyplugsg3_8cbfeaa49324_potencia,16.6,2026-05-13T06:23:16.047Z
sensor.shellyplugsg3_8cbfeaa49324_potencia,16.9,2026-05-13T06:23:27.358Z
sensor.shellyplugsg3_8cbfeaa49324_potencia,14.8,2026-05-13T06:23:32.499Z
sensor.shellyplugsg3_8cbfeaa49324_potencia,16.9,2026-05-13T06:23:37.640Z
sensor.shellyplugsg3_8cbfeaa49324_potencia,16.4,2026-05-13T06:23:43.808Z
sensor.shellyplugsg3_8cbfeaa49324_potencia,16.9,2026-05-13T06:23:48.949Z
sensor.shellyplugsg3_8cbfeaa49324_potencia,15.4,2026-05-13T06:23:54.089Z
sensor.shellyplugsg3_8cbfeaa49324_potencia,14.4,2026-05-13T06:23:59.231Z
sensor.shellyplugsg3_8cbfeaa49324_potencia,16.6,2026-05-13T06:24:00.027Z
sensor.shellyplugsg3_8cbfeaa49324_potencia,13.1,2026-05-13T06:24:04.372Z
sensor.shellyplugsg3_8cbfeaa49324_potencia,12.5,2026-05-13T06:24:09.513Z
sensor.shellyplugsg3_8cbfeaa49324_potencia,14.6,2026-05-13T06:24:14.654Z
sensor.shellyplugsg3_8cbfeaa49324_potencia,14.3,2026-05-13T06:24:19.794Z
sensor.shellyplugsg3_8cbfeaa49324_potencia,14.6,2026-05-13T06:24:24.933Z
sensor.shellyplugsg3_8cbfeaa49324_potencia,12.1,2026-05-13T06:24:32.127Z
sensor.shellyplugsg3_8cbfeaa49324_potencia,10.8,2026-05-13T06:24:37.270Z
sensor.shellyplugsg3_8cbfeaa49324_potencia,9.9,2026-05-13T06:25:00.025Z
sensor.shellyplugsg3_8cbfeaa49324_potencia,14.9,2026-05-13T06:25:37.008Z
sensor.shellyplugsg3_8cbfeaa49324_potencia,14.1,2026-05-13T06:25:42.051Z
sensor.shellyplugsg3_8cbfeaa49324_potencia,15.8,2026-05-13T06:25:48.220Z
sensor.shellyplugsg3_8cbfeaa49324_potencia,16.6,2026-05-13T06:25:54.387Z
sensor.shellyplugsg3_8cbfeaa49324_potencia,14.9,2026-05-13T06:26:00.022Z
sensor.shellyplugsg3_8cbfeaa49324_potencia,16.6,2026-05-13T06:26:04.669Z
sensor.shellyplugsg3_8cbfeaa49324_potencia,16.7,2026-05-13T06:26:09.809Z
sensor.shellyplugsg3_8cbfeaa49324_potencia,16.8,2026-05-13T06:26:14.950Z
sensor.shellyplugsg3_8cbfeaa49324_potencia,17.3,2026-05-13T06:26:23.172Z
sensor.shellyplugsg3_8cbfeaa49324_potencia,15.8,2026-05-13T06:26:28.313Z
sensor.shellyplugsg3_8cbfeaa49324_potencia,16.5,2026-05-13T06:26:33.455Z
sensor.shellyplugsg3_8cbfeaa49324_potencia,14.5,2026-05-13T06:26:38.595Z
sensor.shellyplugsg3_8cbfeaa49324_potencia,13.0,2026-05-13T06:26:44.764Z
sensor.shellyplugsg3_8cbfeaa49324_potencia,15.3,2026-05-13T06:26:49.904Z
sensor.shellyplugsg3_8cbfeaa49324_potencia,12.5,2026-05-13T06:26:55.046Z
sensor.shellyplugsg3_8cbfeaa49324_potencia,14.3,2026-05-13T06:27:00.020Z
sensor.shellyplugsg3_8cbfeaa49324_potencia,12.9,2026-05-13T06:27:05.328Z
sensor.shellyplugsg3_8cbfeaa49324_potencia,14.6,2026-05-13T06:27:10.469Z
sensor.shellyplugsg3_8cbfeaa49324_potencia,12.7,2026-05-13T06:27:15.608Z
sensor.shellyplugsg3_8cbfeaa49324_potencia,12.5,2026-05-13T06:27:20.749Z
sensor.shellyplugsg3_8cbfeaa49324_potencia,10.9,2026-05-13T06:27:26.918Z
sensor.shellyplugsg3_8cbfeaa49324_potencia,9.8,2026-05-13T06:27:34.110Z
sensor.shellyplugsg3_8cbfeaa49324_potencia,10.0,2026-05-13T06:28:00.018Z
sensor.shellyplugsg3_8cbfeaa49324_potencia,11.0,2026-05-13T06:28:22.527Z
sensor.shellyplugsg3_8cbfeaa49324_potencia,16.6,2026-05-13T06:28:28.598Z
sensor.shellyplugsg3_8cbfeaa49324_potencia,15.2,2026-05-13T06:28:33.739Z
sensor.shellyplugsg3_8cbfeaa49324_potencia,12.7,2026-05-13T06:28:38.880Z
sensor.shellyplugsg3_8cbfeaa49324_potencia,12.4,2026-05-13T06:28:44.021Z
sensor.shellyplugsg3_8cbfeaa49324_potencia,15.2,2026-05-13T06:28:49.162Z
sensor.shellyplugsg3_8cbfeaa49324_potencia,13.9,2026-05-13T06:28:55.330Z
sensor.shellyplugsg3_8cbfeaa49324_potencia,13.7,2026-05-13T06:29:00.016Z
sensor.shellyplugsg3_8cbfeaa49324_potencia,13.0,2026-05-13T06:29:05.611Z
sensor.shellyplugsg3_8cbfeaa49324_potencia,15.4,2026-05-13T06:29:10.751Z
sensor.shellyplugsg3_8cbfeaa49324_potencia,13.8,2026-05-13T06:29:15.892Z
sensor.shellyplugsg3_8cbfeaa49324_potencia,17.0,2026-05-13T06:29:21.034Z
sensor.shellyplugsg3_8cbfeaa49324_potencia,16.3,2026-05-13T06:29:31.315Z
sensor.shellyplugsg3_8cbfeaa49324_potencia,17.1,2026-05-13T06:29:39.538Z
sensor.shellyplugsg3_8cbfeaa49324_potencia,16.8,2026-05-13T06:29:44.679Z
sensor.shellyplugsg3_8cbfeaa49324_potencia,14.5,2026-05-13T06:29:49.820Z
sensor.shellyplugsg3_8cbfeaa49324_potencia,15.3,2026-05-13T06:29:54.960Z
sensor.shellyplugsg3_8cbfeaa49324_potencia,12.4,2026-05-13T06:30:00.015Z
sensor.shellyplugsg3_8cbfeaa49324_potencia,15.2,2026-05-13T06:30:02.155Z
sensor.shellyplugsg3_8cbfeaa49324_potencia,16.7,2026-05-13T06:30:07.294Z
sensor.shellyplugsg3_8cbfeaa49324_potencia,16.9,2026-05-13T06:30:12.436Z
sensor.shellyplugsg3_8cbfeaa49324_potencia,11.3,2026-05-13T06:30:17.576Z
sensor.shellyplugsg3_8cbfeaa49324_potencia,10.0,2026-05-13T06:30:23.744Z
sensor.shellyplugsg3_8cbfeaa49324_potencia,11.2,2026-05-13T06:31:18.327Z
sensor.shellyplugsg3_8cbfeaa49324_potencia,15.9,2026-05-13T06:31:23.369Z
sensor.shellyplugsg3_8cbfeaa49324_potencia,16.3,2026-05-13T06:31:29.539Z
sensor.shellyplugsg3_8cbfeaa49324_potencia,13.2,2026-05-13T06:31:34.789Z
sensor.shellyplugsg3_8cbfeaa49324_potencia,13.6,2026-05-13T06:31:39.832Z
sensor.shellyplugsg3_8cbfeaa49324_potencia,13.5,2026-05-13T06:31:46.001Z
sensor.shellyplugsg3_8cbfeaa49324_potencia,16.5,2026-05-13T06:31:51.142Z
sensor.shellyplugsg3_8cbfeaa49324_potencia,17.4,2026-05-13T06:31:56.283Z
sensor.shellyplugsg3_8cbfeaa49324_potencia,13.3,2026-05-13T06:32:00.008Z
sensor.shellyplugsg3_8cbfeaa49324_potencia,16.9,2026-05-13T06:32:01.424Z
sensor.shellyplugsg3_8cbfeaa49324_potencia,16.8,2026-05-13T06:32:07.593Z
sensor.shellyplugsg3_8cbfeaa49324_potencia,16.1,2026-05-13T06:32:12.734Z
sensor.shellyplugsg3_8cbfeaa49324_potencia,16.5,2026-05-13T06:32:18.903Z
sensor.shellyplugsg3_8cbfeaa49324_potencia,14.7,2026-05-13T06:32:24.044Z
sensor.shellyplugsg3_8cbfeaa49324_potencia,13.0,2026-05-13T06:32:29.183Z
sensor.shellyplugsg3_8cbfeaa49324_potencia,16.1,2026-05-13T06:32:34.323Z
sensor.shellyplugsg3_8cbfeaa49324_potencia,16.8,2026-05-13T06:32:39.464Z
sensor.shellyplugsg3_8cbfeaa49324_potencia,17.0,2026-05-13T06:32:44.610Z
sensor.shellyplugsg3_8cbfeaa49324_potencia,16.3,2026-05-13T06:32:56.945Z
sensor.shellyplugsg3_8cbfeaa49324_potencia,16.6,2026-05-13T06:33:00.075Z
sensor.shellyplugsg3_8cbfeaa49324_potencia,15.8,2026-05-13T06:33:02.086Z
sensor.shellyplugsg3_8cbfeaa49324_potencia,14.8,2026-05-13T06:33:09.282Z
sensor.shellyplugsg3_8cbfeaa49324_potencia,16.5,2026-05-13T06:33:14.422Z
sensor.shellyplugsg3_8cbfeaa49324_potencia,10.9,2026-05-13T06:33:20.591Z
sensor.shellyplugsg3_8cbfeaa49324_potencia,9.8,2026-05-13T06:33:25.729Z
sensor.shellyplugsg3_8cbfeaa49324_potencia,11.0,2026-05-13T06:33:42.285Z
sensor.shellyplugsg3_8cbfeaa49324_potencia,9.9,2026-05-13T06:33:48.354Z
sensor.shellyplugsg3_8cbfeaa49324_potencia,11.0,2026-05-13T06:34:17.242Z
sensor.shellyplugsg3_8cbfeaa49324_potencia,15.4,2026-05-13T06:34:23.313Z
sensor.shellyplugsg3_8cbfeaa49324_potencia,13.0,2026-05-13T06:34:29.480Z
sensor.shellyplugsg3_8cbfeaa49324_potencia,13.7,2026-05-13T06:34:34.621Z
sensor.shellyplugsg3_8cbfeaa49324_potencia,16.7,2026-05-13T06:34:39.761Z
sensor.shellyplugsg3_8cbfeaa49324_potencia,13.1,2026-05-13T06:34:45.012Z
sensor.shellyplugsg3_8cbfeaa49324_potencia,13.0,2026-05-13T06:34:50.055Z
sensor.shellyplugsg3_8cbfeaa49324_potencia,16.3,2026-05-13T06:34:55.195Z
sensor.shellyplugsg3_8cbfeaa49324_potencia,16.7,2026-05-13T06:35:00.069Z
sensor.shellyplugsg3_8cbfeaa49324_potencia,15.9,2026-05-13T06:35:00.335Z
sensor.shellyplugsg3_8cbfeaa49324_potencia,12.5,2026-05-13T06:35:05.476Z
sensor.shellyplugsg3_8cbfeaa49324_potencia,15.4,2026-05-13T06:35:10.617Z
sensor.shellyplugsg3_8cbfeaa49324_potencia,17.0,2026-05-13T06:35:15.757Z
sensor.shellyplugsg3_8cbfeaa49324_potencia,12.6,2026-05-13T06:35:21.008Z
sensor.shellyplugsg3_8cbfeaa49324_potencia,16.2,2026-05-13T06:35:26.052Z
sensor.shellyplugsg3_8cbfeaa49324_potencia,16.5,2026-05-13T06:35:31.192Z
sensor.shellyplugsg3_8cbfeaa49324_potencia,16.8,2026-05-13T06:35:36.333Z
sensor.shellyplugsg3_8cbfeaa49324_potencia,17.3,2026-05-13T06:35:42.500Z
sensor.shellyplugsg3_8cbfeaa49324_potencia,17.0,2026-05-13T06:35:48.671Z
sensor.shellyplugsg3_8cbfeaa49324_potencia,12.7,2026-05-13T06:35:53.862Z
sensor.shellyplugsg3_8cbfeaa49324_potencia,16.9,2026-05-13T06:35:58.952Z
sensor.shellyplugsg3_8cbfeaa49324_potencia,13.9,2026-05-13T06:36:00.066Z
sensor.shellyplugsg3_8cbfeaa49324_potencia,16.9,2026-05-13T06:36:04.091Z
sensor.shellyplugsg3_8cbfeaa49324_potencia,17.1,2026-05-13T06:36:10.260Z
sensor.shellyplugsg3_8cbfeaa49324_potencia,15.9,2026-05-13T06:36:15.399Z
sensor.shellyplugsg3_8cbfeaa49324_potencia,14.0,2026-05-13T06:36:22.597Z
sensor.shellyplugsg3_8cbfeaa49324_potencia,9.9,2026-05-13T06:36:27.737Z
sensor.shellyplugsg3_8cbfeaa49324_potencia,11.0,2026-05-13T06:36:36.069Z
sensor.shellyplugsg3_8cbfeaa49324_potencia,10.0,2026-05-13T06:36:42.139Z
sensor.shellyplugsg3_8cbfeaa49324_potencia,11.3,2026-05-13T06:37:26.443Z
sensor.shellyplugsg3_8cbfeaa49324_potencia,17.3,2026-05-13T06:37:31.486Z
sensor.shellyplugsg3_8cbfeaa49324_potencia,16.6,2026-05-13T06:37:36.626Z
sensor.shellyplugsg3_8cbfeaa49324_potencia,13.4,2026-05-13T06:37:43.933Z
sensor.shellyplugsg3_8cbfeaa49324_potencia,15.4,2026-05-13T06:37:48.976Z
sensor.shellyplugsg3_8cbfeaa49324_potencia,16.9,2026-05-13T06:37:54.118Z
sensor.shellyplugsg3_8cbfeaa49324_potencia,14.0,2026-05-13T06:37:59.258Z
sensor.shellyplugsg3_8cbfeaa49324_potencia,16.8,2026-05-13T06:38:00.061Z
sensor.shellyplugsg3_8cbfeaa49324_potencia,16.0,2026-05-13T06:38:04.399Z
sensor.shellyplugsg3_8cbfeaa49324_potencia,16.8,2026-05-13T06:38:09.537Z
sensor.shellyplugsg3_8cbfeaa49324_potencia,14.2,2026-05-13T06:38:15.705Z
sensor.shellyplugsg3_8cbfeaa49324_potencia,14.9,2026-05-13T06:38:20.845Z
sensor.shellyplugsg3_8cbfeaa49324_potencia,16.7,2026-05-13T06:38:27.014Z
sensor.shellyplugsg3_8cbfeaa49324_potencia,17.1,2026-05-13T06:38:32.152Z
sensor.shellyplugsg3_8cbfeaa49324_potencia,16.5,2026-05-13T06:38:38.321Z
sensor.shellyplugsg3_8cbfeaa49324_potencia,16.2,2026-05-13T06:38:45.518Z
sensor.shellyplugsg3_8cbfeaa49324_potencia,16.9,2026-05-13T06:38:51.686Z
sensor.shellyplugsg3_8cbfeaa49324_potencia,16.8,2026-05-13T06:38:57.854Z
sensor.shellyplugsg3_8cbfeaa49324_potencia,13.0,2026-05-13T06:39:00.059Z
sensor.shellyplugsg3_8cbfeaa49324_potencia,17.1,2026-05-13T06:39:04.023Z
sensor.shellyplugsg3_8cbfeaa49324_potencia,16.7,2026-05-13T06:39:11.236Z
sensor.shellyplugsg3_8cbfeaa49324_potencia,17.0,2026-05-13T06:39:17.405Z
sensor.shellyplugsg3_8cbfeaa49324_potencia,14.9,2026-05-13T06:39:23.573Z
sensor.shellyplugsg3_8cbfeaa49324_potencia,14.3,2026-05-13T06:39:28.713Z
sensor.shellyplugsg3_8cbfeaa49324_potencia,15.8,2026-05-13T06:39:34.882Z
sensor.shellyplugsg3_8cbfeaa49324_potencia,10.5,2026-05-13T06:39:40.023Z
sensor.shellyplugsg3_8cbfeaa49324_potencia,10.2,2026-05-13T06:40:00.055Z
sensor.shellyplugsg3_8cbfeaa49324_potencia,11.7,2026-05-13T06:40:39.743Z
sensor.shellyplugsg3_8cbfeaa49324_potencia,16.4,2026-05-13T06:40:44.786Z
sensor.shellyplugsg3_8cbfeaa49324_potencia,14.6,2026-05-13T06:40:50.952Z
sensor.shellyplugsg3_8cbfeaa49324_potencia,17.2,2026-05-13T06:40:56.091Z
sensor.shellyplugsg3_8cbfeaa49324_potencia,16.2,2026-05-13T06:41:00.053Z
sensor.shellyplugsg3_8cbfeaa49324_potencia,13.2,2026-05-13T06:41:01.232Z
sensor.shellyplugsg3_8cbfeaa49324_potencia,16.7,2026-05-13T06:41:06.374Z
sensor.shellyplugsg3_8cbfeaa49324_potencia,15.4,2026-05-13T06:41:11.514Z
sensor.shellyplugsg3_8cbfeaa49324_potencia,14.1,2026-05-13T06:41:16.655Z
sensor.shellyplugsg3_8cbfeaa49324_potencia,16.9,2026-05-13T06:41:22.824Z
sensor.shellyplugsg3_8cbfeaa49324_potencia,17.1,2026-05-13T06:41:27.965Z
sensor.shellyplugsg3_8cbfeaa49324_potencia,15.7,2026-05-13T06:41:34.131Z
sensor.shellyplugsg3_8cbfeaa49324_potencia,15.0,2026-05-13T06:41:40.299Z
sensor.shellyplugsg3_8cbfeaa49324_potencia,16.9,2026-05-13T06:41:45.439Z
sensor.shellyplugsg3_8cbfeaa49324_potencia,17.3,2026-05-13T06:41:51.610Z
sensor.shellyplugsg3_8cbfeaa49324_potencia,15.6,2026-05-13T06:41:57.778Z
sensor.shellyplugsg3_8cbfeaa49324_potencia,14.2,2026-05-13T06:42:02.920Z
sensor.shellyplugsg3_8cbfeaa49324_potencia,16.8,2026-05-13T06:42:09.088Z
sensor.shellyplugsg3_8cbfeaa49324_potencia,17.1,2026-05-13T06:42:14.229Z
sensor.shellyplugsg3_8cbfeaa49324_potencia,16.0,2026-05-13T06:42:20.507Z
sensor.shellyplugsg3_8cbfeaa49324_potencia,16.5,2026-05-13T06:42:26.576Z
sensor.shellyplugsg3_8cbfeaa49324_potencia,16.9,2026-05-13T06:42:34.801Z
sensor.shellyplugsg3_8cbfeaa49324_potencia,13.0,2026-05-13T06:42:40.973Z
sensor.shellyplugsg3_8cbfeaa49324_potencia,16.5,2026-05-13T06:42:46.115Z
sensor.shellyplugsg3_8cbfeaa49324_potencia,16.1,2026-05-13T06:42:51.251Z
sensor.shellyplugsg3_8cbfeaa49324_potencia,11.0,2026-05-13T06:42:57.420Z
sensor.shellyplugsg3_8cbfeaa49324_potencia,10.0,2026-05-13T06:43:00.049Z
sensor.shellyplugsg3_8cbfeaa49324_potencia,9.9,2026-05-13T06:43:03.698Z
sensor.shellyplugsg3_8cbfeaa49324_potencia,11.0,2026-05-13T06:43:58.186Z
sensor.shellyplugsg3_8cbfeaa49324_potencia,14.9,2026-05-13T06:44:00.047Z
sensor.shellyplugsg3_8cbfeaa49324_potencia,13.0,2026-05-13T06:44:03.228Z
sensor.shellyplugsg3_8cbfeaa49324_potencia,16.3,2026-05-13T06:44:08.369Z
sensor.shellyplugsg3_8cbfeaa49324_potencia,12.4,2026-05-13T06:44:14.538Z
sensor.shellyplugsg3_8cbfeaa49324_potencia,16.4,2026-05-13T06:44:19.679Z
sensor.shellyplugsg3_8cbfeaa49324_potencia,16.6,2026-05-13T06:44:25.846Z
sensor.shellyplugsg3_8cbfeaa49324_potencia,16.9,2026-05-13T06:44:33.042Z
sensor.shellyplugsg3_8cbfeaa49324_potencia,12.1,2026-05-13T06:44:39.210Z
sensor.shellyplugsg3_8cbfeaa49324_potencia,16.4,2026-05-13T06:44:44.351Z
sensor.shellyplugsg3_8cbfeaa49324_potencia,16.9,2026-05-13T06:44:57.716Z
sensor.shellyplugsg3_8cbfeaa49324_potencia,15.2,2026-05-13T06:45:00.043Z
sensor.shellyplugsg3_8cbfeaa49324_potencia,13.4,2026-05-13T06:45:03.885Z
sensor.shellyplugsg3_8cbfeaa49324_potencia,17.3,2026-05-13T06:45:09.026Z
sensor.shellyplugsg3_8cbfeaa49324_potencia,13.5,2026-05-13T06:45:14.167Z
sensor.shellyplugsg3_8cbfeaa49324_potencia,16.1,2026-05-13T06:45:19.307Z
sensor.shellyplugsg3_8cbfeaa49324_potencia,13.5,2026-05-13T06:45:24.446Z
sensor.shellyplugsg3_8cbfeaa49324_potencia,15.9,2026-05-13T06:45:29.588Z
sensor.shellyplugsg3_8cbfeaa49324_potencia,16.2,2026-05-13T06:45:35.756Z
sensor.shellyplugsg3_8cbfeaa49324_potencia,14.7,2026-05-13T06:45:41.922Z
sensor.shellyplugsg3_8cbfeaa49324_potencia,16.8,2026-05-13T06:45:47.065Z
sensor.shellyplugsg3_8cbfeaa49324_potencia,13.1,2026-05-13T06:45:52.203Z
sensor.shellyplugsg3_8cbfeaa49324_potencia,17.1,2026-05-13T06:45:57.344Z
sensor.shellyplugsg3_8cbfeaa49324_potencia,16.4,2026-05-13T06:46:00.043Z
sensor.shellyplugsg3_8cbfeaa49324_potencia,14.6,2026-05-13T06:46:03.513Z
sensor.shellyplugsg3_8cbfeaa49324_potencia,17.1,2026-05-13T06:46:08.652Z
sensor.shellyplugsg3_8cbfeaa49324_potencia,16.2,2026-05-13T06:46:13.794Z
sensor.shellyplugsg3_8cbfeaa49324_potencia,13.0,2026-05-13T06:46:20.990Z
sensor.shellyplugsg3_8cbfeaa49324_potencia,10.0,2026-05-13T06:46:27.158Z
sensor.shellyplugsg3_8cbfeaa49324_potencia,9.9,2026-05-13T06:47:00.039Z
sensor.shellyplugsg3_8cbfeaa49324_potencia,13.2,2026-05-13T06:47:24.825Z
sensor.shellyplugsg3_8cbfeaa49324_potencia,16.5,2026-05-13T06:47:29.868Z
sensor.shellyplugsg3_8cbfeaa49324_potencia,16.6,2026-05-13T06:47:37.063Z
sensor.shellyplugsg3_8cbfeaa49324_potencia,16.7,2026-05-13T06:47:44.259Z
sensor.shellyplugsg3_8cbfeaa49324_potencia,16.1,2026-05-13T06:47:51.456Z
sensor.shellyplugsg3_8cbfeaa49324_potencia,13.6,2026-05-13T06:47:57.624Z
sensor.shellyplugsg3_8cbfeaa49324_potencia,15.6,2026-05-13T06:48:00.037Z
sensor.shellyplugsg3_8cbfeaa49324_potencia,17.4,2026-05-13T06:48:02.765Z
sensor.shellyplugsg3_8cbfeaa49324_potencia,12.4,2026-05-13T06:48:08.934Z
sensor.shellyplugsg3_8cbfeaa49324_potencia,15.2,2026-05-13T06:48:14.075Z
sensor.shellyplugsg3_8cbfeaa49324_potencia,14.8,2026-05-13T06:48:19.215Z
sensor.shellyplugsg3_8cbfeaa49324_potencia,16.1,2026-05-13T06:48:25.383Z
sensor.shellyplugsg3_8cbfeaa49324_potencia,18.0,2026-05-13T06:48:36.690Z
sensor.shellyplugsg3_8cbfeaa49324_potencia,13.6,2026-05-13T06:48:41.832Z
sensor.shellyplugsg3_8cbfeaa49324_potencia,17.1,2026-05-13T06:48:46.973Z
sensor.shellyplugsg3_8cbfeaa49324_potencia,14.4,2026-05-13T06:48:52.112Z
sensor.shellyplugsg3_8cbfeaa49324_potencia,16.4,2026-05-13T06:48:58.281Z
sensor.shellyplugsg3_8cbfeaa49324_potencia,13.2,2026-05-13T06:49:00.035Z
sensor.shellyplugsg3_8cbfeaa49324_potencia,15.6,2026-05-13T06:49:04.449Z
sensor.shellyplugsg3_8cbfeaa49324_potencia,14.6,2026-05-13T06:49:10.619Z
sensor.shellyplugsg3_8cbfeaa49324_potencia,14.5,2026-05-13T06:49:15.760Z
sensor.shellyplugsg3_8cbfeaa49324_potencia,16.4,2026-05-13T06:49:20.900Z
sensor.shellyplugsg3_8cbfeaa49324_potencia,17.1,2026-05-13T06:49:27.067Z
sensor.shellyplugsg3_8cbfeaa49324_potencia,14.9,2026-05-13T06:49:33.236Z
sensor.shellyplugsg3_8cbfeaa49324_potencia,15.8,2026-05-13T06:49:38.377Z
sensor.shellyplugsg3_8cbfeaa49324_potencia,16.5,2026-05-13T06:49:45.573Z
sensor.shellyplugsg3_8cbfeaa49324_potencia,15.3,2026-05-13T06:49:51.851Z
sensor.shellyplugsg3_8cbfeaa49324_potencia,11.6,2026-05-13T06:49:56.895Z
sensor.shellyplugsg3_8cbfeaa49324_potencia,9.9,2026-05-13T06:50:00.032Z
sensor.shellyplugsg3_8cbfeaa49324_potencia,10.0,2026-05-13T06:50:02.031Z
sensor.shellyplugsg3_8cbfeaa49324_potencia,13.6,2026-05-13T06:50:56.617Z
sensor.shellyplugsg3_8cbfeaa49324_potencia,13.1,2026-05-13T06:51:00.030Z
sensor.shellyplugsg3_8cbfeaa49324_potencia,16.3,2026-05-13T06:51:01.660Z
sensor.shellyplugsg3_8cbfeaa49324_potencia,14.5,2026-05-13T06:51:08.855Z
sensor.shellyplugsg3_8cbfeaa49324_potencia,16.8,2026-05-13T06:51:15.023Z
sensor.shellyplugsg3_8cbfeaa49324_potencia,13.2,2026-05-13T06:51:21.192Z
sensor.shellyplugsg3_8cbfeaa49324_potencia,16.3,2026-05-13T06:51:26.333Z
sensor.shellyplugsg3_8cbfeaa49324_potencia,17.8,2026-05-13T06:51:31.473Z
sensor.shellyplugsg3_8cbfeaa49324_potencia,16.5,2026-05-13T06:51:36.612Z
sensor.shellyplugsg3_8cbfeaa49324_potencia,14.1,2026-05-13T06:51:43.810Z
sensor.shellyplugsg3_8cbfeaa49324_potencia,17.0,2026-05-13T06:51:48.949Z
sensor.shellyplugsg3_8cbfeaa49324_potencia,13.2,2026-05-13T06:51:55.118Z
sensor.shellyplugsg3_8cbfeaa49324_potencia,17.1,2026-05-13T06:52:00.028Z
sensor.shellyplugsg3_8cbfeaa49324_potencia,16.7,2026-05-13T06:52:05.399Z
sensor.shellyplugsg3_8cbfeaa49324_potencia,13.2,2026-05-13T06:52:10.540Z
sensor.shellyplugsg3_8cbfeaa49324_potencia,17.2,2026-05-13T06:52:15.680Z
sensor.shellyplugsg3_8cbfeaa49324_potencia,13.9,2026-05-13T06:52:21.849Z
sensor.shellyplugsg3_8cbfeaa49324_potencia,16.8,2026-05-13T06:52:26.990Z
sensor.shellyplugsg3_8cbfeaa49324_potencia,14.4,2026-05-13T06:52:33.159Z
sensor.shellyplugsg3_8cbfeaa49324_potencia,16.5,2026-05-13T06:52:38.298Z
sensor.shellyplugsg3_8cbfeaa49324_potencia,13.9,2026-05-13T06:52:44.466Z
sensor.shellyplugsg3_8cbfeaa49324_potencia,16.6,2026-05-13T06:52:49.606Z
sensor.shellyplugsg3_8cbfeaa49324_potencia,13.2,2026-05-13T06:52:55.774Z
sensor.shellyplugsg3_8cbfeaa49324_potencia,13.3,2026-05-13T06:53:00.028Z
sensor.shellyplugsg3_8cbfeaa49324_potencia,16.7,2026-05-13T06:53:00.915Z
sensor.shellyplugsg3_8cbfeaa49324_potencia,14.7,2026-05-13T06:53:08.122Z
sensor.shellyplugsg3_8cbfeaa49324_potencia,16.5,2026-05-13T06:53:13.263Z
sensor.shellyplugsg3_8cbfeaa49324_potencia,13.4,2026-05-13T06:53:19.429Z
sensor.shellyplugsg3_8cbfeaa49324_potencia,17.0,2026-05-13T06:53:24.572Z
sensor.shellyplugsg3_8cbfeaa49324_potencia,13.1,2026-05-13T06:53:30.738Z
sensor.shellyplugsg3_8cbfeaa49324_potencia,10.9,2026-05-13T06:53:36.907Z
sensor.shellyplugsg3_8cbfeaa49324_potencia,9.8,2026-05-13T06:53:57.573Z
sensor.shellyplugsg3_8cbfeaa49324_potencia,10.2,2026-05-13T06:54:00.025Z
sensor.shellyplugsg3_8cbfeaa49324_potencia,10.8,2026-05-13T06:54:10.948Z
sensor.shellyplugsg3_8cbfeaa49324_potencia,9.8,2026-05-13T06:54:17.017Z
sensor.shellyplugsg3_8cbfeaa49324_potencia,9.9,2026-05-13T06:54:25.239Z
sensor.shellyplugsg3_8cbfeaa49324_potencia,12.0,2026-05-13T06:54:35.630Z
sensor.shellyplugsg3_8cbfeaa49324_potencia,12.8,2026-05-13T06:54:40.673Z
sensor.shellyplugsg3_8cbfeaa49324_potencia,17.4,2026-05-13T06:54:45.812Z
sensor.shellyplugsg3_8cbfeaa49324_potencia,16.4,2026-05-13T06:54:50.951Z
sensor.shellyplugsg3_8cbfeaa49324_potencia,14.8,2026-05-13T06:54:57.120Z
sensor.shellyplugsg3_8cbfeaa49324_potencia,14.9,2026-05-13T06:55:00.022Z
sensor.shellyplugsg3_8cbfeaa49324_potencia,16.9,2026-05-13T06:55:02.259Z
sensor.shellyplugsg3_8cbfeaa49324_potencia,14.8,2026-05-13T06:55:08.428Z
sensor.shellyplugsg3_8cbfeaa49324_potencia,17.3,2026-05-13T06:55:14.595Z
sensor.shellyplugsg3_8cbfeaa49324_potencia,13.4,2026-05-13T06:55:20.765Z
sensor.shellyplugsg3_8cbfeaa49324_potencia,17.2,2026-05-13T06:55:25.906Z
sensor.shellyplugsg3_8cbfeaa49324_potencia,13.6,2026-05-13T06:55:36.297Z
sensor.shellyplugsg3_8cbfeaa49324_potencia,16.9,2026-05-13T06:55:41.340Z
sensor.shellyplugsg3_8cbfeaa49324_potencia,13.5,2026-05-13T06:55:48.536Z
sensor.shellyplugsg3_8cbfeaa49324_potencia,16.8,2026-05-13T06:55:53.677Z
sensor.shellyplugsg3_8cbfeaa49324_potencia,14.5,2026-05-13T06:55:59.844Z
sensor.shellyplugsg3_8cbfeaa49324_potencia,12.9,2026-05-13T06:56:00.020Z
sensor.shellyplugsg3_8cbfeaa49324_potencia,16.9,2026-05-13T06:56:04.985Z
sensor.shellyplugsg3_8cbfeaa49324_potencia,14.4,2026-05-13T06:56:12.178Z
sensor.shellyplugsg3_8cbfeaa49324_potencia,17.0,2026-05-13T06:56:17.321Z
sensor.shellyplugsg3_8cbfeaa49324_potencia,14.6,2026-05-13T06:56:24.515Z
sensor.shellyplugsg3_8cbfeaa49324_potencia,16.9,2026-05-13T06:56:29.657Z
sensor.shellyplugsg3_8cbfeaa49324_potencia,12.8,2026-05-13T06:56:35.825Z
sensor.shellyplugsg3_8cbfeaa49324_potencia,16.8,2026-05-13T06:56:40.969Z
sensor.shellyplugsg3_8cbfeaa49324_potencia,15.0,2026-05-13T06:56:48.160Z
sensor.shellyplugsg3_8cbfeaa49324_potencia,15.8,2026-05-13T06:56:53.302Z
sensor.shellyplugsg3_8cbfeaa49324_potencia,16.9,2026-05-13T06:56:58.441Z
sensor.shellyplugsg3_8cbfeaa49324_potencia,15.5,2026-05-13T06:57:00.018Z
sensor.shellyplugsg3_8cbfeaa49324_potencia,13.1,2026-05-13T06:57:03.582Z
sensor.shellyplugsg3_8cbfeaa49324_potencia,16.6,2026-05-13T06:57:08.723Z
sensor.shellyplugsg3_8cbfeaa49324_potencia,12.3,2026-05-13T06:57:15.919Z
sensor.shellyplugsg3_8cbfeaa49324_potencia,10.7,2026-05-13T06:57:22.086Z
sensor.shellyplugsg3_8cbfeaa49324_potencia,9.9,2026-05-13T06:58:00.016Z
sensor.shellyplugsg3_8cbfeaa49324_potencia,11.9,2026-05-13T06:58:21.809Z
sensor.shellyplugsg3_8cbfeaa49324_potencia,13.7,2026-05-13T06:58:26.852Z
sensor.shellyplugsg3_8cbfeaa49324_potencia,15.4,2026-05-13T06:58:31.993Z
sensor.shellyplugsg3_8cbfeaa49324_potencia,16.6,2026-05-13T06:58:37.131Z
sensor.shellyplugsg3_8cbfeaa49324_potencia,15.0,2026-05-13T06:58:43.299Z
sensor.shellyplugsg3_8cbfeaa49324_potencia,16.4,2026-05-13T06:58:49.467Z
sensor.shellyplugsg3_8cbfeaa49324_potencia,16.5,2026-05-13T06:58:54.609Z
sensor.shellyplugsg3_8cbfeaa49324_potencia,17.7,2026-05-13T06:58:59.859Z
sensor.shellyplugsg3_8cbfeaa49324_potencia,16.5,2026-05-13T06:59:00.014Z
sensor.shellyplugsg3_8cbfeaa49324_potencia,16.4,2026-05-13T06:59:04.903Z
sensor.shellyplugsg3_8cbfeaa49324_potencia,16.9,2026-05-13T06:59:10.041Z
sensor.shellyplugsg3_8cbfeaa49324_potencia,13.3,2026-05-13T06:59:17.239Z
sensor.shellyplugsg3_8cbfeaa49324_potencia,17.0,2026-05-13T06:59:22.379Z
sensor.shellyplugsg3_8cbfeaa49324_potencia,15.5,2026-05-13T06:59:29.573Z
sensor.shellyplugsg3_8cbfeaa49324_potencia,16.6,2026-05-13T06:59:34.713Z
sensor.shellyplugsg3_8cbfeaa49324_potencia,17.0,2026-05-13T06:59:40.883Z
sensor.shellyplugsg3_8cbfeaa49324_potencia,12.2,2026-05-13T06:59:46.024Z
sensor.shellyplugsg3_8cbfeaa49324_potencia,17.3,2026-05-13T06:59:51.164Z
sensor.shellyplugsg3_8cbfeaa49324_potencia,15.7,2026-05-13T06:59:58.359Z
sensor.shellyplugsg3_8cbfeaa49324_potencia,16.2,2026-05-13T07:00:00.011Z
sensor.shellyplugsg3_8cbfeaa49324_potencia,17.3,2026-05-13T07:00:03.500Z
sensor.shellyplugsg3_8cbfeaa49324_potencia,16.3,2026-05-13T07:00:09.669Z
sensor.shellyplugsg3_8cbfeaa49324_potencia,13.1,2026-05-13T07:00:14.809Z
sensor.shellyplugsg3_8cbfeaa49324_potencia,16.8,2026-05-13T07:00:19.949Z
sensor.shellyplugsg3_8cbfeaa49324_potencia,16.5,2026-05-13T07:00:26.115Z
sensor.shellyplugsg3_8cbfeaa49324_potencia,13.7,2026-05-13T07:00:31.257Z
sensor.shellyplugsg3_8cbfeaa49324_potencia,16.8,2026-05-13T07:00:36.398Z
sensor.shellyplugsg3_8cbfeaa49324_potencia,13.3,2026-05-13T07:00:43.594Z
sensor.shellyplugsg3_8cbfeaa49324_potencia,17.1,2026-05-13T07:00:48.735Z
sensor.shellyplugsg3_8cbfeaa49324_potencia,13.3,2026-05-13T07:00:55.931Z
sensor.shellyplugsg3_8cbfeaa49324_potencia,12.2,2026-05-13T07:01:00.009Z
sensor.shellyplugsg3_8cbfeaa49324_potencia,16.4,2026-05-13T07:01:01.072Z
sensor.shellyplugsg3_8cbfeaa49324_potencia,13.8,2026-05-13T07:01:08.268Z
sensor.shellyplugsg3_8cbfeaa49324_potencia,10.1,2026-05-13T07:01:14.437Z
sensor.shellyplugsg3_8cbfeaa49324_potencia,10.0,2026-05-13T07:02:00.007Z
sensor.shellyplugsg3_8cbfeaa49324_potencia,13.0,2026-05-13T07:02:12.102Z
sensor.shellyplugsg3_8cbfeaa49324_potencia,13.3,2026-05-13T07:02:17.145Z
sensor.shellyplugsg3_8cbfeaa49324_potencia,16.7,2026-05-13T07:02:22.284Z
sensor.shellyplugsg3_8cbfeaa49324_potencia,14.3,2026-05-13T07:02:29.479Z
sensor.shellyplugsg3_8cbfeaa49324_potencia,16.8,2026-05-13T07:02:35.647Z
sensor.shellyplugsg3_8cbfeaa49324_potencia,15.0,2026-05-13T07:02:42.845Z
sensor.shellyplugsg3_8cbfeaa49324_potencia,17.2,2026-05-13T07:02:47.985Z
sensor.shellyplugsg3_8cbfeaa49324_potencia,14.4,2026-05-13T07:02:55.182Z
sensor.shellyplugsg3_8cbfeaa49324_potencia,12.5,2026-05-13T07:03:00.005Z
sensor.shellyplugsg3_8cbfeaa49324_potencia,16.8,2026-05-13T07:03:01.349Z
sensor.shellyplugsg3_8cbfeaa49324_potencia,18.1,2026-05-13T07:03:07.627Z
sensor.shellyplugsg3_8cbfeaa49324_potencia,12.9,2026-05-13T07:03:12.670Z
sensor.shellyplugsg3_8cbfeaa49324_potencia,16.7,2026-05-13T07:03:17.810Z
sensor.shellyplugsg3_8cbfeaa49324_potencia,16.6,2026-05-13T07:03:25.004Z
sensor.shellyplugsg3_8cbfeaa49324_potencia,16.2,2026-05-13T07:03:31.174Z
sensor.shellyplugsg3_8cbfeaa49324_potencia,16.8,2026-05-13T07:03:37.340Z
sensor.shellyplugsg3_8cbfeaa49324_potencia,13.6,2026-05-13T07:03:42.482Z
sensor.shellyplugsg3_8cbfeaa49324_potencia,16.8,2026-05-13T07:03:47.623Z
sensor.shellyplugsg3_8cbfeaa49324_potencia,13.7,2026-05-13T07:03:54.818Z
sensor.shellyplugsg3_8cbfeaa49324_potencia,13.9,2026-05-13T07:03:59.958Z
sensor.shellyplugsg3_8cbfeaa49324_potencia,16.2,2026-05-13T07:04:05.153Z
sensor.shellyplugsg3_8cbfeaa49324_potencia,14.7,2026-05-13T07:04:12.293Z
sensor.shellyplugsg3_8cbfeaa49324_potencia,17.5,2026-05-13T07:04:17.435Z
sensor.shellyplugsg3_8cbfeaa49324_potencia,16.5,2026-05-13T07:04:23.603Z
sensor.shellyplugsg3_8cbfeaa49324_potencia,14.1,2026-05-13T07:04:29.772Z
sensor.shellyplugsg3_8cbfeaa49324_potencia,16.9,2026-05-13T07:04:34.911Z
sensor.shellyplugsg3_8cbfeaa49324_potencia,15.9,2026-05-13T07:04:42.108Z
sensor.shellyplugsg3_8cbfeaa49324_potencia,13.2,2026-05-13T07:04:47.248Z
sensor.shellyplugsg3_8cbfeaa49324_potencia,16.8,2026-05-13T07:04:52.390Z
sensor.shellyplugsg3_8cbfeaa49324_potencia,17.2,2026-05-13T07:04:57.527Z
sensor.shellyplugsg3_8cbfeaa49324_potencia,16.9,2026-05-13T07:05:00.064Z
sensor.shellyplugsg3_8cbfeaa49324_potencia,13.1,2026-05-13T07:05:03.696Z
sensor.shellyplugsg3_8cbfeaa49324_potencia,11.0,2026-05-13T07:05:10.892Z
sensor.shellyplugsg3_8cbfeaa49324_potencia,9.9,2026-05-13T07:05:19.113Z
sensor.shellyplugsg3_8cbfeaa49324_potencia,10.9,2026-05-13T07:05:53.139Z
sensor.shellyplugsg3_8cbfeaa49324_potencia,10.3,2026-05-13T07:06:00.061Z
sensor.shellyplugsg3_8cbfeaa49324_potencia,9.9,2026-05-13T07:06:02.402Z
sensor.shellyplugsg3_8cbfeaa49324_potencia,10.9,2026-05-13T07:06:11.665Z
sensor.shellyplugsg3_8cbfeaa49324_potencia,16.1,2026-05-13T07:06:16.708Z
sensor.shellyplugsg3_8cbfeaa49324_potencia,16.6,2026-05-13T07:06:24.931Z
sensor.shellyplugsg3_8cbfeaa49324_potencia,17.6,2026-05-13T07:06:30.071Z
sensor.shellyplugsg3_8cbfeaa49324_potencia,15.4,2026-05-13T07:06:35.218Z
sensor.shellyplugsg3_8cbfeaa49324_potencia,16.6,2026-05-13T07:06:40.354Z
sensor.shellyplugsg3_8cbfeaa49324_potencia,18.3,2026-05-13T07:06:47.547Z
sensor.shellyplugsg3_8cbfeaa49324_potencia,16.0,2026-05-13T07:06:52.688Z
sensor.shellyplugsg3_8cbfeaa49324_potencia,15.7,2026-05-13T07:06:57.830Z
sensor.shellyplugsg3_8cbfeaa49324_potencia,16.2,2026-05-13T07:07:00.059Z
sensor.shellyplugsg3_8cbfeaa49324_potencia,17.0,2026-05-13T07:07:02.975Z
sensor.shellyplugsg3_8cbfeaa49324_potencia,16.5,2026-05-13T07:07:10.165Z
sensor.shellyplugsg3_8cbfeaa49324_potencia,16.7,2026-05-13T07:07:15.310Z
sensor.shellyplugsg3_8cbfeaa49324_potencia,14.0,2026-05-13T07:07:23.528Z
sensor.shellyplugsg3_8cbfeaa49324_potencia,14.2,2026-05-13T07:07:28.669Z
sensor.shellyplugsg3_8cbfeaa49324_potencia,17.2,2026-05-13T07:07:33.810Z
sensor.shellyplugsg3_8cbfeaa49324_potencia,14.1,2026-05-13T07:07:41.006Z
sensor.shellyplugsg3_8cbfeaa49324_potencia,13.0,2026-05-13T07:07:46.146Z
sensor.shellyplugsg3_8cbfeaa49324_potencia,17.7,2026-05-13T07:07:51.287Z
sensor.shellyplugsg3_8cbfeaa49324_potencia,14.1,2026-05-13T07:07:58.483Z
sensor.shellyplugsg3_8cbfeaa49324_potencia,16.4,2026-05-13T07:08:00.057Z
sensor.shellyplugsg3_8cbfeaa49324_potencia,12.5,2026-05-13T07:08:03.624Z
sensor.shellyplugsg3_8cbfeaa49324_potencia,16.9,2026-05-13T07:08:08.764Z
sensor.shellyplugsg3_8cbfeaa49324_potencia,14.8,2026-05-13T07:08:15.958Z
sensor.shellyplugsg3_8cbfeaa49324_potencia,13.6,2026-05-13T07:08:21.100Z
sensor.shellyplugsg3_8cbfeaa49324_potencia,12.7,2026-05-13T07:08:26.240Z
sensor.shellyplugsg3_8cbfeaa49324_potencia,16.9,2026-05-13T07:08:31.381Z
sensor.shellyplugsg3_8cbfeaa49324_potencia,14.3,2026-05-13T07:08:38.576Z
sensor.shellyplugsg3_8cbfeaa49324_potencia,12.8,2026-05-13T07:08:43.717Z
sensor.shellyplugsg3_8cbfeaa49324_potencia,17.1,2026-05-13T07:08:48.857Z
sensor.shellyplugsg3_8cbfeaa49324_potencia,14.7,2026-05-13T07:08:56.053Z
sensor.shellyplugsg3_8cbfeaa49324_potencia,17.8,2026-05-13T07:09:00.054Z
sensor.shellyplugsg3_8cbfeaa49324_potencia,13.1,2026-05-13T07:09:01.193Z
sensor.shellyplugsg3_8cbfeaa49324_potencia,17.9,2026-05-13T07:09:06.334Z
sensor.shellyplugsg3_8cbfeaa49324_potencia,11.1,2026-05-13T07:09:12.501Z
sensor.shellyplugsg3_8cbfeaa49324_potencia,10.0,2026-05-13T07:09:18.669Z
sensor.shellyplugsg3_8cbfeaa49324_potencia,10.1,2026-05-13T07:10:00.052Z
sensor.shellyplugsg3_8cbfeaa49324_potencia,12.1,2026-05-13T07:10:14.279Z
sensor.shellyplugsg3_8cbfeaa49324_potencia,16.2,2026-05-13T07:10:19.322Z
sensor.shellyplugsg3_8cbfeaa49324_potencia,15.5,2026-05-13T07:10:24.462Z
sensor.shellyplugsg3_8cbfeaa49324_potencia,17.0,2026-05-13T07:10:31.660Z
sensor.shellyplugsg3_8cbfeaa49324_potencia,16.9,2026-05-13T07:10:37.826Z
sensor.shellyplugsg3_8cbfeaa49324_potencia,12.9,2026-05-13T07:10:42.967Z
sensor.shellyplugsg3_8cbfeaa49324_potencia,15.1,2026-05-13T07:10:48.108Z
sensor.shellyplugsg3_8cbfeaa49324_potencia,17.1,2026-05-13T07:10:58.385Z
sensor.shellyplugsg3_8cbfeaa49324_potencia,17.9,2026-05-13T07:11:00.049Z
sensor.shellyplugsg3_8cbfeaa49324_potencia,13.0,2026-05-13T07:11:05.582Z
sensor.shellyplugsg3_8cbfeaa49324_potencia,12.4,2026-05-13T07:11:10.722Z
sensor.shellyplugsg3_8cbfeaa49324_potencia,16.7,2026-05-13T07:11:15.862Z
sensor.shellyplugsg3_8cbfeaa49324_potencia,16.8,2026-05-13T07:11:23.058Z
sensor.shellyplugsg3_8cbfeaa49324_potencia,13.2,2026-05-13T07:11:33.338Z
sensor.shellyplugsg3_8cbfeaa49324_potencia,14.9,2026-05-13T07:11:43.619Z
sensor.shellyplugsg3_8cbfeaa49324_potencia,17.1,2026-05-13T07:11:48.759Z
sensor.shellyplugsg3_8cbfeaa49324_potencia,14.4,2026-05-13T07:11:55.954Z
sensor.shellyplugsg3_8cbfeaa49324_potencia,18.0,2026-05-13T07:12:00.048Z
sensor.shellyplugsg3_8cbfeaa49324_potencia,13.0,2026-05-13T07:12:01.095Z
sensor.shellyplugsg3_8cbfeaa49324_potencia,16.1,2026-05-13T07:12:06.235Z
sensor.shellyplugsg3_8cbfeaa49324_potencia,17.6,2026-05-13T07:12:11.373Z
sensor.shellyplugsg3_8cbfeaa49324_potencia,16.2,2026-05-13T07:12:18.571Z
sensor.shellyplugsg3_8cbfeaa49324_potencia,17.0,2026-05-13T07:12:25.765Z
sensor.shellyplugsg3_8cbfeaa49324_potencia,15.6,2026-05-13T07:12:31.935Z
sensor.shellyplugsg3_8cbfeaa49324_potencia,16.7,2026-05-13T07:12:37.078Z
sensor.shellyplugsg3_8cbfeaa49324_potencia,16.8,2026-05-13T07:12:45.295Z
sensor.shellyplugsg3_8cbfeaa49324_potencia,17.1,2026-05-13T07:12:50.437Z
sensor.shellyplugsg3_8cbfeaa49324_potencia,14.2,2026-05-13T07:12:55.578Z
sensor.shellyplugsg3_8cbfeaa49324_potencia,14.9,2026-05-13T07:13:00.044Z
sensor.shellyplugsg3_8cbfeaa49324_potencia,14.5,2026-05-13T07:13:00.717Z
sensor.shellyplugsg3_8cbfeaa49324_potencia,16.6,2026-05-13T07:13:05.856Z
sensor.shellyplugsg3_8cbfeaa49324_potencia,17.8,2026-05-13T07:13:10.998Z
sensor.shellyplugsg3_8cbfeaa49324_potencia,14.0,2026-05-13T07:13:18.194Z
sensor.shellyplugsg3_8cbfeaa49324_potencia,10.9,2026-05-13T07:13:23.335Z
sensor.shellyplugsg3_8cbfeaa49324_potencia,9.8,2026-05-13T07:13:54.278Z
sensor.shellyplugsg3_8cbfeaa49324_potencia,10.1,2026-05-13T07:14:00.042Z
sensor.shellyplugsg3_8cbfeaa49324_potencia,10.9,2026-05-13T07:14:21.013Z
sensor.shellyplugsg3_8cbfeaa49324_potencia,15.8,2026-05-13T07:14:26.168Z
sensor.shellyplugsg3_8cbfeaa49324_potencia,16.4,2026-05-13T07:14:34.305Z
sensor.shellyplugsg3_8cbfeaa49324_potencia,14.8,2026-05-13T07:14:39.445Z
sensor.shellyplugsg3_8cbfeaa49324_potencia,15.7,2026-05-13T07:14:45.613Z
sensor.shellyplugsg3_8cbfeaa49324_potencia,16.7,2026-05-13T07:14:50.753Z
sensor.shellyplugsg3_8cbfeaa49324_potencia,16.9,2026-05-13T07:14:56.921Z
sensor.shellyplugsg3_8cbfeaa49324_potencia,16.8,2026-05-13T07:15:00.040Z
sensor.shellyplugsg3_8cbfeaa49324_potencia,16.2,2026-05-13T07:15:03.089Z
sensor.shellyplugsg3_8cbfeaa49324_potencia,12.9,2026-05-13T07:15:08.230Z
sensor.shellyplugsg3_8cbfeaa49324_potencia,13.4,2026-05-13T07:15:13.371Z
sensor.shellyplugsg3_8cbfeaa49324_potencia,12.8,2026-05-13T07:15:18.514Z
sensor.shellyplugsg3_8cbfeaa49324_potencia,16.5,2026-05-13T07:15:23.651Z
sensor.shellyplugsg3_8cbfeaa49324_potencia,14.8,2026-05-13T07:15:31.873Z
sensor.shellyplugsg3_8cbfeaa49324_potencia,17.3,2026-05-13T07:15:38.041Z
sensor.shellyplugsg3_8cbfeaa49324_potencia,17.5,2026-05-13T07:15:45.240Z
sensor.shellyplugsg3_8cbfeaa49324_potencia,17.2,2026-05-13T07:15:50.378Z
sensor.shellyplugsg3_8cbfeaa49324_potencia,12.2,2026-05-13T07:15:55.629Z
sensor.shellyplugsg3_8cbfeaa49324_potencia,12.6,2026-05-13T07:16:00.039Z
sensor.shellyplugsg3_8cbfeaa49324_potencia,17.4,2026-05-13T07:16:05.814Z
sensor.shellyplugsg3_8cbfeaa49324_potencia,16.9,2026-05-13T07:16:13.008Z
sensor.shellyplugsg3_8cbfeaa49324_potencia,17.0,2026-05-13T07:16:18.148Z
sensor.shellyplugsg3_8cbfeaa49324_potencia,14.6,2026-05-13T07:16:23.288Z
sensor.shellyplugsg3_8cbfeaa49324_potencia,16.6,2026-05-13T07:16:29.456Z
sensor.shellyplugsg3_8cbfeaa49324_potencia,12.1,2026-05-13T07:16:37.680Z
sensor.shellyplugsg3_8cbfeaa49324_potencia,12.7,2026-05-13T07:16:42.820Z
sensor.shellyplugsg3_8cbfeaa49324_potencia,12.9,2026-05-13T07:16:47.960Z
sensor.shellyplugsg3_8cbfeaa49324_potencia,17.3,2026-05-13T07:16:53.101Z
sensor.shellyplugsg3_8cbfeaa49324_potencia,17.0,2026-05-13T07:16:58.241Z
sensor.shellyplugsg3_8cbfeaa49324_potencia,14.5,2026-05-13T07:17:06.465Z
sensor.shellyplugsg3_8cbfeaa49324_potencia,14.7,2026-05-13T07:17:11.602Z
sensor.shellyplugsg3_8cbfeaa49324_potencia,17.0,2026-05-13T07:17:21.884Z
sensor.shellyplugsg3_8cbfeaa49324_potencia,17.7,2026-05-13T07:17:34.219Z
sensor.shellyplugsg3_8cbfeaa49324_potencia,10.9,2026-05-13T07:17:39.360Z
sensor.shellyplugsg3_8cbfeaa49324_potencia,9.8,2026-05-13T07:17:53.861Z
sensor.shellyplugsg3_8cbfeaa49324_potencia,10.0,2026-05-13T07:18:00.032Z
sensor.shellyplugsg3_8cbfeaa49324_potencia,10.9,2026-05-13T07:18:37.043Z
sensor.shellyplugsg3_8cbfeaa49324_potencia,16.3,2026-05-13T07:18:44.141Z
sensor.shellyplugsg3_8cbfeaa49324_potencia,16.4,2026-05-13T07:18:49.281Z
sensor.shellyplugsg3_8cbfeaa49324_potencia,16.7,2026-05-13T07:18:54.420Z
sensor.shellyplugsg3_8cbfeaa49324_potencia,16.6,2026-05-13T07:18:59.559Z
sensor.shellyplugsg3_8cbfeaa49324_potencia,13.1,2026-05-13T07:19:00.030Z
sensor.shellyplugsg3_8cbfeaa49324_potencia,12.9,2026-05-13T07:19:04.699Z
sensor.shellyplugsg3_8cbfeaa49324_potencia,13.1,2026-05-13T07:19:09.839Z
sensor.shellyplugsg3_8cbfeaa49324_potencia,12.6,2026-05-13T07:19:14.980Z
sensor.shellyplugsg3_8cbfeaa49324_potencia,13.9,2026-05-13T07:19:20.120Z
sensor.shellyplugsg3_8cbfeaa49324_potencia,14.7,2026-05-13T07:19:25.259Z
sensor.shellyplugsg3_8cbfeaa49324_potencia,17.1,2026-05-13T07:19:30.399Z
sensor.shellyplugsg3_8cbfeaa49324_potencia,16.9,2026-05-13T07:19:37.593Z
sensor.shellyplugsg3_8cbfeaa49324_potencia,17.2,2026-05-13T07:19:42.735Z
sensor.shellyplugsg3_8cbfeaa49324_potencia,16.9,2026-05-13T07:19:47.872Z
sensor.shellyplugsg3_8cbfeaa49324_potencia,16.5,2026-05-13T07:19:53.014Z
sensor.shellyplugsg3_8cbfeaa49324_potencia,17.2,2026-05-13T07:19:58.155Z
sensor.shellyplugsg3_8cbfeaa49324_potencia,16.8,2026-05-13T07:20:00.028Z
sensor.shellyplugsg3_8cbfeaa49324_potencia,17.9,2026-05-13T07:20:06.378Z
sensor.shellyplugsg3_8cbfeaa49324_potencia,17.8,2026-05-13T07:20:11.516Z
sensor.shellyplugsg3_8cbfeaa49324_potencia,13.9,2026-05-13T07:20:17.683Z
sensor.shellyplugsg3_8cbfeaa49324_potencia,14.3,2026-05-13T07:20:22.823Z
sensor.shellyplugsg3_8cbfeaa49324_potencia,13.7,2026-05-13T07:20:27.963Z
sensor.shellyplugsg3_8cbfeaa49324_potencia,13.4,2026-05-13T07:20:33.105Z
sensor.shellyplugsg3_8cbfeaa49324_potencia,17.1,2026-05-13T07:20:38.255Z
sensor.shellyplugsg3_8cbfeaa49324_potencia,16.8,2026-05-13T07:20:46.469Z
sensor.shellyplugsg3_8cbfeaa49324_potencia,18.6,2026-05-13T07:20:51.609Z
sensor.shellyplugsg3_8cbfeaa49324_potencia,15.4,2026-05-13T07:20:56.747Z
sensor.shellyplugsg3_8cbfeaa49324_potencia,18.4,2026-05-13T07:21:00.026Z
sensor.shellyplugsg3_8cbfeaa49324_potencia,16.8,2026-05-13T07:21:02.915Z
sensor.shellyplugsg3_8cbfeaa49324_potencia,16.2,2026-05-13T07:21:10.123Z
sensor.shellyplugsg3_8cbfeaa49324_potencia,17.8,2026-05-13T07:21:16.281Z
sensor.shellyplugsg3_8cbfeaa49324_potencia,14.4,2026-05-13T07:21:21.419Z
sensor.shellyplugsg3_8cbfeaa49324_potencia,14.3,2026-05-13T07:21:26.559Z
sensor.shellyplugsg3_8cbfeaa49324_potencia,17.0,2026-05-13T07:21:32.727Z
sensor.shellyplugsg3_8cbfeaa49324_potencia,16.4,2026-05-13T07:21:39.923Z
sensor.shellyplugsg3_8cbfeaa49324_potencia,14.1,2026-05-13T07:21:46.090Z
sensor.shellyplugsg3_8cbfeaa49324_potencia,13.9,2026-05-13T07:21:51.230Z
sensor.shellyplugsg3_8cbfeaa49324_potencia,12.3,2026-05-13T07:21:56.371Z
sensor.shellyplugsg3_8cbfeaa49324_potencia,10.2,2026-05-13T07:22:00.023Z
sensor.shellyplugsg3_8cbfeaa49324_potencia,10.8,2026-05-13T07:22:02.537Z
sensor.shellyplugsg3_8cbfeaa49324_potencia,10.3,2026-05-13T07:23:00.022Z
sensor.shellyplugsg3_8cbfeaa49324_potencia,12.3,2026-05-13T07:23:01.229Z
sensor.shellyplugsg3_8cbfeaa49324_potencia,14.2,2026-05-13T07:23:06.273Z
sensor.shellyplugsg3_8cbfeaa49324_potencia,17.0,2026-05-13T07:23:12.438Z
sensor.shellyplugsg3_8cbfeaa49324_potencia,16.8,2026-05-13T07:23:20.661Z
sensor.shellyplugsg3_8cbfeaa49324_potencia,13.0,2026-05-13T07:23:26.830Z
sensor.shellyplugsg3_8cbfeaa49324_potencia,13.6,2026-05-13T07:23:31.970Z
sensor.shellyplugsg3_8cbfeaa49324_potencia,13.7,2026-05-13T07:23:37.110Z
sensor.shellyplugsg3_8cbfeaa49324_potencia,12.5,2026-05-13T07:23:42.249Z
sensor.shellyplugsg3_8cbfeaa49324_potencia,13.8,2026-05-13T07:23:47.389Z
sensor.shellyplugsg3_8cbfeaa49324_potencia,14.6,2026-05-13T07:23:52.529Z
sensor.shellyplugsg3_8cbfeaa49324_potencia,13.8,2026-05-13T07:23:57.669Z
sensor.shellyplugsg3_8cbfeaa49324_potencia,16.9,2026-05-13T07:24:00.019Z
sensor.shellyplugsg3_8cbfeaa49324_potencia,17.0,2026-05-13T07:24:02.808Z
sensor.shellyplugsg3_8cbfeaa49324_potencia,17.2,2026-05-13T07:24:10.001Z
sensor.shellyplugsg3_8cbfeaa49324_potencia,17.8,2026-05-13T07:24:15.141Z
sensor.shellyplugsg3_8cbfeaa49324_potencia,17.1,2026-05-13T07:24:20.283Z
sensor.shellyplugsg3_8cbfeaa49324_potencia,17.6,2026-05-13T07:24:26.450Z
sensor.shellyplugsg3_8cbfeaa49324_potencia,16.7,2026-05-13T07:24:31.589Z
sensor.shellyplugsg3_8cbfeaa49324_potencia,18.1,2026-05-13T07:24:36.727Z
sensor.shellyplugsg3_8cbfeaa49324_potencia,14.3,2026-05-13T07:24:41.869Z
sensor.shellyplugsg3_8cbfeaa49324_potencia,13.1,2026-05-13T07:24:48.038Z
sensor.shellyplugsg3_8cbfeaa49324_potencia,16.8,2026-05-13T07:24:53.178Z
sensor.shellyplugsg3_8cbfeaa49324_potencia,17.9,2026-05-13T07:25:00.017Z
sensor.shellyplugsg3_8cbfeaa49324_potencia,16.7,2026-05-13T07:25:06.539Z
sensor.shellyplugsg3_8cbfeaa49324_potencia,18.1,2026-05-13T07:25:11.681Z
sensor.shellyplugsg3_8cbfeaa49324_potencia,17.1,2026-05-13T07:25:16.821Z
sensor.shellyplugsg3_8cbfeaa49324_potencia,15.3,2026-05-13T07:25:22.071Z
sensor.shellyplugsg3_8cbfeaa49324_potencia,12.5,2026-05-13T07:25:28.142Z
sensor.shellyplugsg3_8cbfeaa49324_potencia,16.6,2026-05-13T07:25:33.282Z
sensor.shellyplugsg3_8cbfeaa49324_potencia,14.1,2026-05-13T07:25:38.532Z
sensor.shellyplugsg3_8cbfeaa49324_potencia,16.7,2026-05-13T07:25:43.573Z
sensor.shellyplugsg3_8cbfeaa49324_potencia,16.8,2026-05-13T07:25:50.771Z
sensor.shellyplugsg3_8cbfeaa49324_potencia,16.9,2026-05-13T07:25:56.938Z
sensor.shellyplugsg3_8cbfeaa49324_potencia,16.5,2026-05-13T07:26:00.015Z
sensor.shellyplugsg3_8cbfeaa49324_potencia,16.9,2026-05-13T07:26:02.079Z
sensor.shellyplugsg3_8cbfeaa49324_potencia,18.2,2026-05-13T07:26:07.219Z
sensor.shellyplugsg3_8cbfeaa49324_potencia,16.4,2026-05-13T07:26:12.357Z
sensor.shellyplugsg3_8cbfeaa49324_potencia,16.7,2026-05-13T07:26:17.499Z
sensor.shellyplugsg3_8cbfeaa49324_potencia,16.5,2026-05-13T07:26:22.637Z
sensor.shellyplugsg3_8cbfeaa49324_potencia,11.0,2026-05-13T07:26:27.779Z
sensor.shellyplugsg3_8cbfeaa49324_potencia,9.8,2026-05-13T07:26:36.111Z
sensor.shellyplugsg3_8cbfeaa49324_potencia,9.9,2026-05-13T07:27:00.013Z
sensor.shellyplugsg3_8cbfeaa49324_potencia,10.9,2026-05-13T07:27:22.389Z
sensor.shellyplugsg3_8cbfeaa49324_potencia,13.6,2026-05-13T07:27:28.570Z
sensor.shellyplugsg3_8cbfeaa49324_potencia,13.2,2026-05-13T07:27:33.613Z
sensor.shellyplugsg3_8cbfeaa49324_potencia,14.3,2026-05-13T07:27:38.753Z
sensor.shellyplugsg3_8cbfeaa49324_potencia,16.9,2026-05-13T07:27:43.892Z
sensor.shellyplugsg3_8cbfeaa49324_potencia,16.6,2026-05-13T07:27:49.030Z
sensor.shellyplugsg3_8cbfeaa49324_potencia,17.1,2026-05-13T07:27:54.172Z
sensor.shellyplugsg3_8cbfeaa49324_potencia,16.3,2026-05-13T07:27:59.310Z
sensor.shellyplugsg3_8cbfeaa49324_potencia,13.7,2026-05-13T07:28:00.011Z
sensor.shellyplugsg3_8cbfeaa49324_potencia,17.3,2026-05-13T07:28:04.452Z
sensor.shellyplugsg3_8cbfeaa49324_potencia,17.1,2026-05-13T07:28:09.591Z
sensor.shellyplugsg3_8cbfeaa49324_potencia,17.0,2026-05-13T07:28:14.731Z
sensor.shellyplugsg3_8cbfeaa49324_potencia,16.8,2026-05-13T07:28:19.869Z
sensor.shellyplugsg3_8cbfeaa49324_potencia,16.7,2026-05-13T07:28:25.011Z
sensor.shellyplugsg3_8cbfeaa49324_potencia,17.6,2026-05-13T07:28:30.150Z
sensor.shellyplugsg3_8cbfeaa49324_potencia,16.8,2026-05-13T07:28:35.291Z
sensor.shellyplugsg3_8cbfeaa49324_potencia,16.9,2026-05-13T07:28:40.429Z
sensor.shellyplugsg3_8cbfeaa49324_potencia,17.9,2026-05-13T07:28:45.681Z
sensor.shellyplugsg3_8cbfeaa49324_potencia,16.8,2026-05-13T07:28:50.722Z
sensor.shellyplugsg3_8cbfeaa49324_potencia,13.1,2026-05-13T07:28:57.002Z
sensor.shellyplugsg3_8cbfeaa49324_potencia,16.6,2026-05-13T07:29:00.008Z
sensor.shellyplugsg3_8cbfeaa49324_potencia,16.8,2026-05-13T07:29:02.045Z
sensor.shellyplugsg3_8cbfeaa49324_potencia,13.6,2026-05-13T07:29:07.185Z
sensor.shellyplugsg3_8cbfeaa49324_potencia,15.9,2026-05-13T07:29:12.324Z
sensor.shellyplugsg3_8cbfeaa49324_potencia,13.0,2026-05-13T07:29:17.464Z
sensor.shellyplugsg3_8cbfeaa49324_potencia,16.1,2026-05-13T07:29:22.603Z
sensor.shellyplugsg3_8cbfeaa49324_potencia,18.2,2026-05-13T07:29:27.745Z
sensor.shellyplugsg3_8cbfeaa49324_potencia,16.1,2026-05-13T07:29:32.883Z
sensor.shellyplugsg3_8cbfeaa49324_potencia,17.0,2026-05-13T07:29:38.026Z
sensor.shellyplugsg3_8cbfeaa49324_potencia,13.3,2026-05-13T07:29:44.304Z
sensor.shellyplugsg3_8cbfeaa49324_potencia,13.2,2026-05-13T07:29:49.347Z
sensor.shellyplugsg3_8cbfeaa49324_potencia,13.1,2026-05-13T07:29:54.487Z
sensor.shellyplugsg3_8cbfeaa49324_potencia,13.5,2026-05-13T07:29:59.627Z
sensor.shellyplugsg3_8cbfeaa49324_potencia,17.0,2026-05-13T07:30:00.006Z
sensor.shellyplugsg3_8cbfeaa49324_potencia,13.4,2026-05-13T07:30:04.766Z
sensor.shellyplugsg3_8cbfeaa49324_potencia,15.0,2026-05-13T07:30:09.906Z
sensor.shellyplugsg3_8cbfeaa49324_potencia,14.0,2026-05-13T07:30:15.046Z
sensor.shellyplugsg3_8cbfeaa49324_potencia,17.4,2026-05-13T07:30:20.184Z
sensor.shellyplugsg3_8cbfeaa49324_potencia,17.9,2026-05-13T07:30:25.326Z
sensor.shellyplugsg3_8cbfeaa49324_potencia,15.2,2026-05-13T07:30:30.464Z
sensor.shellyplugsg3_8cbfeaa49324_potencia,15.6,2026-05-13T07:30:36.631Z
sensor.shellyplugsg3_8cbfeaa49324_potencia,14.4,2026-05-13T07:30:41.770Z
sensor.shellyplugsg3_8cbfeaa49324_potencia,13.5,2026-05-13T07:30:46.912Z
sensor.shellyplugsg3_8cbfeaa49324_potencia,14.2,2026-05-13T07:30:52.053Z
sensor.shellyplugsg3_8cbfeaa49324_potencia,14.1,2026-05-13T07:30:57.190Z
sensor.shellyplugsg3_8cbfeaa49324_potencia,11.1,2026-05-13T07:31:00.004Z
sensor.shellyplugsg3_8cbfeaa49324_potencia,10.7,2026-05-13T07:31:03.359Z
sensor.shellyplugsg3_8cbfeaa49324_potencia,10.1,2026-05-13T07:32:00.002Z
sensor.shellyplugsg3_8cbfeaa49324_potencia,14.8,2026-05-13T07:32:03.098Z
sensor.shellyplugsg3_8cbfeaa49324_potencia,15.3,2026-05-13T07:32:08.140Z
sensor.shellyplugsg3_8cbfeaa49324_potencia,14.4,2026-05-13T07:32:13.281Z
sensor.shellyplugsg3_8cbfeaa49324_potencia,17.1,2026-05-13T07:32:18.420Z
sensor.shellyplugsg3_8cbfeaa49324_potencia,16.9,2026-05-13T07:32:23.562Z
sensor.shellyplugsg3_8cbfeaa49324_potencia,17.8,2026-05-13T07:32:28.701Z
sensor.shellyplugsg3_8cbfeaa49324_potencia,17.1,2026-05-13T07:32:33.839Z
sensor.shellyplugsg3_8cbfeaa49324_potencia,17.0,2026-05-13T07:32:38.982Z
sensor.shellyplugsg3_8cbfeaa49324_potencia,17.4,2026-05-13T07:32:45.150Z
sensor.shellyplugsg3_8cbfeaa49324_potencia,17.3,2026-05-13T07:32:50.288Z
sensor.shellyplugsg3_8cbfeaa49324_potencia,17.8,2026-05-13T07:32:55.429Z
sensor.shellyplugsg3_8cbfeaa49324_potencia,17.9,2026-05-13T07:33:00.000Z
sensor.shellyplugsg3_8cbfeaa49324_potencia,17.7,2026-05-13T07:33:05.709Z
sensor.shellyplugsg3_8cbfeaa49324_potencia,14.7,2026-05-13T07:33:12.904Z
sensor.shellyplugsg3_8cbfeaa49324_potencia,16.5,2026-05-13T07:33:18.044Z
sensor.shellyplugsg3_8cbfeaa49324_potencia,13.5,2026-05-13T07:33:23.297Z
sensor.shellyplugsg3_8cbfeaa49324_potencia,14.0,2026-05-13T07:33:28.340Z
sensor.shellyplugsg3_8cbfeaa49324_potencia,12.5,2026-05-13T07:33:33.481Z
sensor.shellyplugsg3_8cbfeaa49324_potencia,15.8,2026-05-13T07:33:38.621Z
sensor.shellyplugsg3_8cbfeaa49324_potencia,16.6,2026-05-13T07:33:45.817Z
sensor.shellyplugsg3_8cbfeaa49324_potencia,16.3,2026-05-13T07:33:50.955Z
sensor.shellyplugsg3_8cbfeaa49324_potencia,17.0,2026-05-13T07:33:56.097Z
sensor.shellyplugsg3_8cbfeaa49324_potencia,14.0,2026-05-13T07:33:59.998Z
sensor.shellyplugsg3_8cbfeaa49324_potencia,17.2,2026-05-13T07:34:03.291Z
sensor.shellyplugsg3_8cbfeaa49324_potencia,17.0,2026-05-13T07:34:09.460Z
sensor.shellyplugsg3_8cbfeaa49324_potencia,16.3,2026-05-13T07:34:14.600Z
sensor.shellyplugsg3_8cbfeaa49324_potencia,17.0,2026-05-13T07:34:19.740Z
sensor.shellyplugsg3_8cbfeaa49324_potencia,17.1,2026-05-13T07:34:24.880Z
sensor.shellyplugsg3_8cbfeaa49324_potencia,16.9,2026-05-13T07:34:30.018Z
sensor.shellyplugsg3_8cbfeaa49324_potencia,17.7,2026-05-13T07:34:36.188Z
sensor.shellyplugsg3_8cbfeaa49324_potencia,17.9,2026-05-13T07:34:41.326Z
sensor.shellyplugsg3_8cbfeaa49324_potencia,16.5,2026-05-13T07:34:46.468Z
sensor.shellyplugsg3_8cbfeaa49324_potencia,17.4,2026-05-13T07:34:51.609Z
sensor.shellyplugsg3_8cbfeaa49324_potencia,16.6,2026-05-13T07:34:57.776Z
sensor.shellyplugsg3_8cbfeaa49324_potencia,16.7,2026-05-13T07:35:08.055Z
sensor.shellyplugsg3_8cbfeaa49324_potencia,16.5,2026-05-13T07:35:13.196Z
sensor.shellyplugsg3_8cbfeaa49324_potencia,17.1,2026-05-13T07:35:19.363Z
sensor.shellyplugsg3_8cbfeaa49324_potencia,18.2,2026-05-13T07:35:24.503Z
sensor.shellyplugsg3_8cbfeaa49324_potencia,17.2,2026-05-13T07:35:29.643Z
sensor.shellyplugsg3_8cbfeaa49324_potencia,16.6,2026-05-13T07:35:34.784Z
sensor.shellyplugsg3_8cbfeaa49324_potencia,10.9,2026-05-13T07:35:39.924Z
sensor.shellyplugsg3_8cbfeaa49324_potencia,10.5,2026-05-13T07:35:59.993Z
sensor.shellyplugsg3_8cbfeaa49324_potencia,9.9,2026-05-13T07:36:34.506Z
sensor.shellyplugsg3_8cbfeaa49324_potencia,10.9,2026-05-13T07:36:39.547Z
sensor.shellyplugsg3_8cbfeaa49324_potencia,17.3,2026-05-13T07:36:45.717Z
sensor.shellyplugsg3_8cbfeaa49324_potencia,16.8,2026-05-13T07:36:51.885Z
sensor.shellyplugsg3_8cbfeaa49324_potencia,17.1,2026-05-13T07:36:57.024Z
sensor.shellyplugsg3_8cbfeaa49324_potencia,16.7,2026-05-13T07:37:00.064Z
sensor.shellyplugsg3_8cbfeaa49324_potencia,16.8,2026-05-13T07:37:08.337Z
sensor.shellyplugsg3_8cbfeaa49324_potencia,15.0,2026-05-13T07:37:14.500Z
sensor.shellyplugsg3_8cbfeaa49324_potencia,17.2,2026-05-13T07:37:19.641Z
sensor.shellyplugsg3_8cbfeaa49324_potencia,17.4,2026-05-13T07:37:24.787Z
sensor.shellyplugsg3_8cbfeaa49324_potencia,17.0,2026-05-13T07:37:29.922Z
sensor.shellyplugsg3_8cbfeaa49324_potencia,17.4,2026-05-13T07:37:41.246Z
sensor.shellyplugsg3_8cbfeaa49324_potencia,14.9,2026-05-13T07:37:47.504Z
sensor.shellyplugsg3_8cbfeaa49324_potencia,16.9,2026-05-13T07:37:52.548Z
sensor.shellyplugsg3_8cbfeaa49324_potencia,17.9,2026-05-13T07:37:57.797Z
sensor.shellyplugsg3_8cbfeaa49324_potencia,17.3,2026-05-13T07:38:00.060Z
sensor.shellyplugsg3_8cbfeaa49324_potencia,17.1,2026-05-13T07:38:09.006Z
sensor.shellyplugsg3_8cbfeaa49324_potencia,17.2,2026-05-13T07:38:19.292Z
sensor.shellyplugsg3_8cbfeaa49324_potencia,16.9,2026-05-13T07:38:25.460Z
sensor.shellyplugsg3_8cbfeaa49324_potencia,17.0,2026-05-13T07:38:30.602Z
sensor.shellyplugsg3_8cbfeaa49324_potencia,17.4,2026-05-13T07:38:36.768Z
sensor.shellyplugsg3_8cbfeaa49324_potencia,17.1,2026-05-13T07:38:41.909Z
sensor.shellyplugsg3_8cbfeaa49324_potencia,18.3,2026-05-13T07:38:47.046Z
sensor.shellyplugsg3_8cbfeaa49324_potencia,18.0,2026-05-13T07:38:52.186Z
sensor.shellyplugsg3_8cbfeaa49324_potencia,17.0,2026-05-13T07:38:58.355Z
sensor.shellyplugsg3_8cbfeaa49324_potencia,15.8,2026-05-13T07:39:00.059Z
sensor.shellyplugsg3_8cbfeaa49324_potencia,17.0,2026-05-13T07:39:03.495Z
sensor.shellyplugsg3_8cbfeaa49324_potencia,13.4,2026-05-13T07:39:10.799Z
sensor.shellyplugsg3_8cbfeaa49324_potencia,16.8,2026-05-13T07:39:15.841Z
sensor.shellyplugsg3_8cbfeaa49324_potencia,17.9,2026-05-13T07:39:21.091Z
sensor.shellyplugsg3_8cbfeaa49324_potencia,18.1,2026-05-13T07:39:26.135Z
sensor.shellyplugsg3_8cbfeaa49324_potencia,17.0,2026-05-13T07:39:31.275Z
sensor.shellyplugsg3_8cbfeaa49324_potencia,16.7,2026-05-13T07:39:37.443Z
sensor.shellyplugsg3_8cbfeaa49324_potencia,17.1,2026-05-13T07:39:42.583Z
sensor.shellyplugsg3_8cbfeaa49324_potencia,16.1,2026-05-13T07:39:48.752Z
sensor.shellyplugsg3_8cbfeaa49324_potencia,17.2,2026-05-13T07:39:53.891Z
sensor.shellyplugsg3_8cbfeaa49324_potencia,16.4,2026-05-13T07:40:00.057Z
sensor.shellyplugsg3_8cbfeaa49324_potencia,13.2,2026-05-13T07:40:01.196Z
sensor.shellyplugsg3_8cbfeaa49324_potencia,14.0,2026-05-13T07:40:06.237Z
sensor.shellyplugsg3_8cbfeaa49324_potencia,15.0,2026-05-13T07:40:11.377Z
sensor.shellyplugsg3_8cbfeaa49324_potencia,14.8,2026-05-13T07:40:17.544Z
sensor.shellyplugsg3_8cbfeaa49324_potencia,13.3,2026-05-13T07:40:22.684Z
sensor.shellyplugsg3_8cbfeaa49324_potencia,11.0,2026-05-13T07:40:27.825Z
sensor.shellyplugsg3_8cbfeaa49324_potencia,9.9,2026-05-13T07:40:34.103Z
sensor.shellyplugsg3_8cbfeaa49324_potencia,10.9,2026-05-13T07:40:47.476Z
sensor.shellyplugsg3_8cbfeaa49324_potencia,10.3,2026-05-13T07:41:00.055Z
sensor.shellyplugsg3_8cbfeaa49324_potencia,9.9,2026-05-13T07:41:08.045Z
sensor.shellyplugsg3_8cbfeaa49324_potencia,12.0,2026-05-13T07:41:26.558Z
sensor.shellyplugsg3_8cbfeaa49324_potencia,16.1,2026-05-13T07:41:31.602Z
sensor.shellyplugsg3_8cbfeaa49324_potencia,17.2,2026-05-13T07:41:36.739Z
sensor.shellyplugsg3_8cbfeaa49324_potencia,16.7,2026-05-13T07:41:42.908Z
sensor.shellyplugsg3_8cbfeaa49324_potencia,17.5,2026-05-13T07:41:49.077Z
sensor.shellyplugsg3_8cbfeaa49324_potencia,16.8,2026-05-13T07:41:54.217Z
sensor.shellyplugsg3_8cbfeaa49324_potencia,16.5,2026-05-13T07:42:00.053Z
sensor.shellyplugsg3_8cbfeaa49324_potencia,17.1,2026-05-13T07:42:05.524Z
sensor.shellyplugsg3_8cbfeaa49324_potencia,18.0,2026-05-13T07:42:16.831Z
sensor.shellyplugsg3_8cbfeaa49324_potencia,16.7,2026-05-13T07:42:22.999Z
sensor.shellyplugsg3_8cbfeaa49324_potencia,17.6,2026-05-13T07:42:28.140Z
sensor.shellyplugsg3_8cbfeaa49324_potencia,17.2,2026-05-13T07:42:34.309Z
sensor.shellyplugsg3_8cbfeaa49324_potencia,16.5,2026-05-13T07:42:40.477Z
sensor.shellyplugsg3_8cbfeaa49324_potencia,17.6,2026-05-13T07:42:45.618Z
sensor.shellyplugsg3_8cbfeaa49324_potencia,17.4,2026-05-13T07:42:51.784Z
sensor.shellyplugsg3_8cbfeaa49324_potencia,18.0,2026-05-13T07:42:56.924Z
sensor.shellyplugsg3_8cbfeaa49324_potencia,17.1,2026-05-13T07:43:00.050Z
sensor.shellyplugsg3_8cbfeaa49324_potencia,18.1,2026-05-13T07:43:03.091Z
sensor.shellyplugsg3_8cbfeaa49324_potencia,18.0,2026-05-13T07:43:08.233Z
sensor.shellyplugsg3_8cbfeaa49324_potencia,17.4,2026-05-13T07:43:13.373Z
sensor.shellyplugsg3_8cbfeaa49324_potencia,17.1,2026-05-13T07:43:19.541Z
sensor.shellyplugsg3_8cbfeaa49324_potencia,17.9,2026-05-13T07:43:24.681Z
sensor.shellyplugsg3_8cbfeaa49324_potencia,18.2,2026-05-13T07:43:30.849Z
sensor.shellyplugsg3_8cbfeaa49324_potencia,16.9,2026-05-13T07:43:42.156Z
sensor.shellyplugsg3_8cbfeaa49324_potencia,17.6,2026-05-13T07:43:47.296Z
sensor.shellyplugsg3_8cbfeaa49324_potencia,17.8,2026-05-13T07:43:52.435Z
sensor.shellyplugsg3_8cbfeaa49324_potencia,17.1,2026-05-13T07:43:58.605Z
sensor.shellyplugsg3_8cbfeaa49324_potencia,16.9,2026-05-13T07:44:00.048Z
sensor.shellyplugsg3_8cbfeaa49324_potencia,17.2,2026-05-13T07:44:09.913Z
sensor.shellyplugsg3_8cbfeaa49324_potencia,17.6,2026-05-13T07:44:15.053Z
sensor.shellyplugsg3_8cbfeaa49324_potencia,16.2,2026-05-13T07:44:21.220Z
sensor.shellyplugsg3_8cbfeaa49324_potencia,17.1,2026-05-13T07:44:27.436Z
sensor.shellyplugsg3_8cbfeaa49324_potencia,17.9,2026-05-13T07:44:32.525Z
sensor.shellyplugsg3_8cbfeaa49324_potencia,17.0,2026-05-13T07:44:42.806Z
sensor.shellyplugsg3_8cbfeaa49324_potencia,15.9,2026-05-13T07:44:50.111Z
sensor.shellyplugsg3_8cbfeaa49324_potencia,17.2,2026-05-13T07:44:55.153Z
sensor.shellyplugsg3_8cbfeaa49324_potencia,16.9,2026-05-13T07:45:00.046Z
sensor.shellyplugsg3_8cbfeaa49324_potencia,17.5,2026-05-13T07:45:00.292Z
sensor.shellyplugsg3_8cbfeaa49324_potencia,16.8,2026-05-13T07:45:05.434Z
sensor.shellyplugsg3_8cbfeaa49324_potencia,17.0,2026-05-13T07:45:11.600Z
sensor.shellyplugsg3_8cbfeaa49324_potencia,10.8,2026-05-13T07:45:17.768Z
sensor.shellyplugsg3_8cbfeaa49324_potencia,9.8,2026-05-13T07:45:54.878Z
sensor.shellyplugsg3_8cbfeaa49324_potencia,9.9,2026-05-13T07:46:00.044Z
sensor.shellyplugsg3_8cbfeaa49324_potencia,12.7,2026-05-13T07:46:18.570Z
sensor.shellyplugsg3_8cbfeaa49324_potencia,17.0,2026-05-13T07:46:23.613Z
sensor.shellyplugsg3_8cbfeaa49324_potencia,17.5,2026-05-13T07:46:28.752Z
sensor.shellyplugsg3_8cbfeaa49324_potencia,16.4,2026-05-13T07:46:33.894Z
sensor.shellyplugsg3_8cbfeaa49324_potencia,16.9,2026-05-13T07:46:40.060Z
sensor.shellyplugsg3_8cbfeaa49324_potencia,15.5,2026-05-13T07:46:45.199Z
sensor.shellyplugsg3_8cbfeaa49324_potencia,17.1,2026-05-13T07:46:50.339Z
sensor.shellyplugsg3_8cbfeaa49324_potencia,16.8,2026-05-13T07:46:56.509Z
sensor.shellyplugsg3_8cbfeaa49324_potencia,15.7,2026-05-13T07:47:00.042Z
sensor.shellyplugsg3_8cbfeaa49324_potencia,17.0,2026-05-13T07:47:01.649Z
sensor.shellyplugsg3_8cbfeaa49324_potencia,17.1,2026-05-13T07:47:09.871Z
sensor.shellyplugsg3_8cbfeaa49324_potencia,17.6,2026-05-13T07:47:16.038Z
sensor.shellyplugsg3_8cbfeaa49324_potencia,17.1,2026-05-13T07:47:21.177Z
sensor.shellyplugsg3_8cbfeaa49324_potencia,18.2,2026-05-13T07:47:27.347Z
sensor.shellyplugsg3_8cbfeaa49324_potencia,17.0,2026-05-13T07:47:32.487Z
sensor.shellyplugsg3_8cbfeaa49324_potencia,16.8,2026-05-13T07:47:37.626Z
sensor.shellyplugsg3_8cbfeaa49324_potencia,16.7,2026-05-13T07:47:54.074Z
sensor.shellyplugsg3_8cbfeaa49324_potencia,16.8,2026-05-13T07:48:00.039Z
sensor.shellyplugsg3_8cbfeaa49324_potencia,17.3,2026-05-13T07:48:01.271Z
sensor.shellyplugsg3_8cbfeaa49324_potencia,18.4,2026-05-13T07:48:07.437Z
sensor.shellyplugsg3_8cbfeaa49324_potencia,17.2,2026-05-13T07:48:12.627Z
sensor.shellyplugsg3_8cbfeaa49324_potencia,13.5,2026-05-13T07:48:26.054Z
sensor.shellyplugsg3_8cbfeaa49324_potencia,17.0,2026-05-13T07:48:31.097Z
sensor.shellyplugsg3_8cbfeaa49324_potencia,17.2,2026-05-13T07:48:42.403Z
sensor.shellyplugsg3_8cbfeaa49324_potencia,17.6,2026-05-13T07:48:47.543Z
sensor.shellyplugsg3_8cbfeaa49324_potencia,16.8,2026-05-13T07:48:52.686Z
sensor.shellyplugsg3_8cbfeaa49324_potencia,17.0,2026-05-13T07:48:57.825Z
sensor.shellyplugsg3_8cbfeaa49324_potencia,17.7,2026-05-13T07:49:00.039Z
sensor.shellyplugsg3_8cbfeaa49324_potencia,17.0,2026-05-13T07:49:05.050Z
sensor.shellyplugsg3_8cbfeaa49324_potencia,17.4,2026-05-13T07:49:11.218Z
sensor.shellyplugsg3_8cbfeaa49324_potencia,16.7,2026-05-13T07:49:16.358Z
sensor.shellyplugsg3_8cbfeaa49324_potencia,16.9,2026-05-13T07:49:22.526Z
sensor.shellyplugsg3_8cbfeaa49324_potencia,17.0,2026-05-13T07:49:28.694Z
sensor.shellyplugsg3_8cbfeaa49324_potencia,17.2,2026-05-13T07:49:33.834Z
sensor.shellyplugsg3_8cbfeaa49324_potencia,15.5,2026-05-13T07:49:40.001Z
sensor.shellyplugsg3_8cbfeaa49324_potencia,17.3,2026-05-13T07:49:45.143Z
sensor.shellyplugsg3_8cbfeaa49324_potencia,17.1,2026-05-13T07:49:51.310Z
sensor.shellyplugsg3_8cbfeaa49324_potencia,17.9,2026-05-13T07:49:57.476Z
sensor.shellyplugsg3_8cbfeaa49324_potencia,17.0,2026-05-13T07:50:00.035Z
sensor.shellyplugsg3_8cbfeaa49324_potencia,17.6,2026-05-13T07:50:02.616Z
sensor.shellyplugsg3_8cbfeaa49324_potencia,16.9,2026-05-13T07:50:08.786Z
sensor.shellyplugsg3_8cbfeaa49324_potencia,10.5,2026-05-13T07:50:14.953Z
sensor.shellyplugsg3_8cbfeaa49324_potencia,10.3,2026-05-13T07:51:00.034Z
sensor.shellyplugsg3_8cbfeaa49324_potencia,14.7,2026-05-13T07:51:16.734Z
sensor.shellyplugsg3_8cbfeaa49324_potencia,16.7,2026-05-13T07:51:21.775Z
sensor.shellyplugsg3_8cbfeaa49324_potencia,16.1,2026-05-13T07:51:26.913Z
sensor.shellyplugsg3_8cbfeaa49324_potencia,16.9,2026-05-13T07:51:33.080Z
sensor.shellyplugsg3_8cbfeaa49324_potencia,16.7,2026-05-13T07:51:38.222Z
sensor.shellyplugsg3_8cbfeaa49324_potencia,17.4,2026-05-13T07:51:45.417Z
sensor.shellyplugsg3_8cbfeaa49324_potencia,16.7,2026-05-13T07:51:50.559Z
sensor.shellyplugsg3_8cbfeaa49324_potencia,17.0,2026-05-13T07:51:55.696Z
sensor.shellyplugsg3_8cbfeaa49324_potencia,17.3,2026-05-13T07:52:00.032Z
sensor.shellyplugsg3_8cbfeaa49324_potencia,17.5,2026-05-13T07:52:08.033Z
sensor.shellyplugsg3_8cbfeaa49324_potencia,17.9,2026-05-13T07:52:14.200Z
sensor.shellyplugsg3_8cbfeaa49324_potencia,16.4,2026-05-13T07:52:25.508Z
sensor.shellyplugsg3_8cbfeaa49324_potencia,15.9,2026-05-13T07:52:30.648Z
sensor.shellyplugsg3_8cbfeaa49324_potencia,16.6,2026-05-13T07:52:35.787Z
sensor.shellyplugsg3_8cbfeaa49324_potencia,16.5,2026-05-13T07:52:41.957Z
sensor.shellyplugsg3_8cbfeaa49324_potencia,16.4,2026-05-13T07:52:48.123Z
sensor.shellyplugsg3_8cbfeaa49324_potencia,16.6,2026-05-13T07:52:54.294Z
sensor.shellyplugsg3_8cbfeaa49324_potencia,17.8,2026-05-13T07:53:00.029Z
sensor.shellyplugsg3_8cbfeaa49324_potencia,16.9,2026-05-13T07:53:07.656Z
sensor.shellyplugsg3_8cbfeaa49324_potencia,17.9,2026-05-13T07:53:13.826Z
sensor.shellyplugsg3_8cbfeaa49324_potencia,17.3,2026-05-13T07:53:18.967Z
sensor.shellyplugsg3_8cbfeaa49324_potencia,16.8,2026-05-13T07:53:26.160Z
sensor.shellyplugsg3_8cbfeaa49324_potencia,18.0,2026-05-13T07:53:32.329Z
sensor.shellyplugsg3_8cbfeaa49324_potencia,17.1,2026-05-13T07:53:37.470Z
sensor.shellyplugsg3_8cbfeaa49324_potencia,16.8,2026-05-13T07:53:43.636Z
sensor.shellyplugsg3_8cbfeaa49324_potencia,17.1,2026-05-13T07:53:49.806Z
sensor.shellyplugsg3_8cbfeaa49324_potencia,17.0,2026-05-13T07:53:54.944Z
sensor.shellyplugsg3_8cbfeaa49324_potencia,16.6,2026-05-13T07:54:00.027Z
sensor.shellyplugsg3_8cbfeaa49324_potencia,13.3,2026-05-13T07:54:03.280Z
sensor.shellyplugsg3_8cbfeaa49324_potencia,15.3,2026-05-13T07:54:08.323Z
sensor.shellyplugsg3_8cbfeaa49324_potencia,17.1,2026-05-13T07:54:13.463Z
sensor.shellyplugsg3_8cbfeaa49324_potencia,16.7,2026-05-13T07:54:25.799Z
sensor.shellyplugsg3_8cbfeaa49324_potencia,17.0,2026-05-13T07:54:30.937Z
sensor.shellyplugsg3_8cbfeaa49324_potencia,12.5,2026-05-13T07:54:39.273Z
sensor.shellyplugsg3_8cbfeaa49324_potencia,15.6,2026-05-13T07:54:44.316Z
sensor.shellyplugsg3_8cbfeaa49324_potencia,16.7,2026-05-13T07:54:49.455Z
sensor.shellyplugsg3_8cbfeaa49324_potencia,16.5,2026-05-13T07:54:54.594Z
sensor.shellyplugsg3_8cbfeaa49324_potencia,17.2,2026-05-13T07:55:00.025Z
sensor.shellyplugsg3_8cbfeaa49324_potencia,16.7,2026-05-13T07:55:00.761Z
sensor.shellyplugsg3_8cbfeaa49324_potencia,18.0,2026-05-13T07:55:06.930Z
sensor.shellyplugsg3_8cbfeaa49324_potencia,16.7,2026-05-13T07:55:13.097Z
sensor.shellyplugsg3_8cbfeaa49324_potencia,11.0,2026-05-13T07:55:19.266Z
sensor.shellyplugsg3_8cbfeaa49324_potencia,10.0,2026-05-13T07:55:26.571Z
sensor.shellyplugsg3_8cbfeaa49324_potencia,11.0,2026-05-13T07:55:37.889Z
sensor.shellyplugsg3_8cbfeaa49324_potencia,10.0,2026-05-13T07:55:42.931Z
sensor.shellyplugsg3_8cbfeaa49324_potencia,9.8,2026-05-13T07:56:00.023Z
sensor.shellyplugsg3_8cbfeaa49324_potencia,11.7,2026-05-13T07:56:20.042Z
sensor.shellyplugsg3_8cbfeaa49324_potencia,16.4,2026-05-13T07:56:25.086Z
sensor.shellyplugsg3_8cbfeaa49324_potencia,17.1,2026-05-13T07:56:31.254Z
sensor.shellyplugsg3_8cbfeaa49324_potencia,16.6,2026-05-13T07:56:36.394Z
sensor.shellyplugsg3_8cbfeaa49324_potencia,17.0,2026-05-13T07:56:43.586Z
sensor.shellyplugsg3_8cbfeaa49324_potencia,16.6,2026-05-13T07:56:48.728Z
sensor.shellyplugsg3_8cbfeaa49324_potencia,16.2,2026-05-13T07:56:53.867Z
sensor.shellyplugsg3_8cbfeaa49324_potencia,16.6,2026-05-13T07:56:59.009Z
sensor.shellyplugsg3_8cbfeaa49324_potencia,17.2,2026-05-13T07:57:00.021Z
sensor.shellyplugsg3_8cbfeaa49324_potencia,16.9,2026-05-13T07:57:05.175Z
sensor.shellyplugsg3_8cbfeaa49324_potencia,17.2,2026-05-13T07:57:12.369Z
sensor.shellyplugsg3_8cbfeaa49324_potencia,18.1,2026-05-13T07:57:19.567Z
sensor.shellyplugsg3_8cbfeaa49324_potencia,16.9,2026-05-13T07:57:24.704Z
sensor.shellyplugsg3_8cbfeaa49324_potencia,17.7,2026-05-13T07:57:31.902Z
sensor.shellyplugsg3_8cbfeaa49324_potencia,16.9,2026-05-13T07:57:38.070Z
sensor.shellyplugsg3_8cbfeaa49324_potencia,17.4,2026-05-13T07:57:43.210Z
sensor.shellyplugsg3_8cbfeaa49324_potencia,16.8,2026-05-13T07:57:50.406Z
sensor.shellyplugsg3_8cbfeaa49324_potencia,17.1,2026-05-13T07:57:55.544Z
sensor.shellyplugsg3_8cbfeaa49324_potencia,16.8,2026-05-13T07:58:00.018Z
sensor.shellyplugsg3_8cbfeaa49324_potencia,17.9,2026-05-13T07:58:06.853Z
sensor.shellyplugsg3_8cbfeaa49324_potencia,17.4,2026-05-13T07:58:14.055Z
sensor.shellyplugsg3_8cbfeaa49324_potencia,16.8,2026-05-13T07:58:20.217Z
sensor.shellyplugsg3_8cbfeaa49324_potencia,17.7,2026-05-13T07:58:25.354Z
sensor.shellyplugsg3_8cbfeaa49324_potencia,17.4,2026-05-13T07:58:32.552Z
sensor.shellyplugsg3_8cbfeaa49324_potencia,16.7,2026-05-13T07:58:37.690Z
sensor.shellyplugsg3_8cbfeaa49324_potencia,17.1,2026-05-13T07:58:42.833Z
sensor.shellyplugsg3_8cbfeaa49324_potencia,17.5,2026-05-13T07:58:51.055Z
sensor.shellyplugsg3_8cbfeaa49324_potencia,17.2,2026-05-13T07:58:56.195Z
sensor.shellyplugsg3_8cbfeaa49324_potencia,16.9,2026-05-13T07:59:00.016Z
sensor.shellyplugsg3_8cbfeaa49324_potencia,14.6,2026-05-13T07:59:05.555Z
sensor.shellyplugsg3_8cbfeaa49324_potencia,13.8,2026-05-13T07:59:10.598Z
sensor.shellyplugsg3_8cbfeaa49324_potencia,18.0,2026-05-13T07:59:15.738Z
sensor.shellyplugsg3_8cbfeaa49324_potencia,17.4,2026-05-13T07:59:20.878Z
sensor.shellyplugsg3_8cbfeaa49324_potencia,15.9,2026-05-13T07:59:27.044Z
sensor.shellyplugsg3_8cbfeaa49324_potencia,16.7,2026-05-13T07:59:34.242Z
sensor.shellyplugsg3_8cbfeaa49324_potencia,17.0,2026-05-13T07:59:39.380Z
sensor.shellyplugsg3_8cbfeaa49324_potencia,15.3,2026-05-13T07:59:47.714Z
sensor.shellyplugsg3_8cbfeaa49324_potencia,17.6,2026-05-13T07:59:52.755Z
sensor.shellyplugsg3_8cbfeaa49324_potencia,17.1,2026-05-13T07:59:57.897Z
sensor.shellyplugsg3_8cbfeaa49324_potencia,12.7,2026-05-13T08:00:00.013Z
sensor.shellyplugsg3_8cbfeaa49324_potencia,18.4,2026-05-13T08:00:04.066Z
sensor.shellyplugsg3_8cbfeaa49324_potencia,17.7,2026-05-13T08:00:10.231Z
sensor.shellyplugsg3_8cbfeaa49324_potencia,17.8,2026-05-13T08:00:16.401Z
sensor.shellyplugsg3_8cbfeaa49324_potencia,17.1,2026-05-13T08:00:22.568Z
sensor.shellyplugsg3_8cbfeaa49324_potencia,11.4,2026-05-13T08:00:28.737Z
sensor.shellyplugsg3_8cbfeaa49324_potencia,10.1,2026-05-13T08:00:34.905Z
sensor.shellyplugsg3_8cbfeaa49324_potencia,10.9,2026-05-13T08:01:00.011Z
sensor.shellyplugsg3_8cbfeaa49324_potencia,11.9,2026-05-13T08:01:29.488Z
sensor.shellyplugsg3_8cbfeaa49324_potencia,17.0,2026-05-13T08:01:34.531Z
sensor.shellyplugsg3_8cbfeaa49324_potencia,16.7,2026-05-13T08:01:39.671Z
sensor.shellyplugsg3_8cbfeaa49324_potencia,14.2,2026-05-13T08:01:50.061Z
sensor.shellyplugsg3_8cbfeaa49324_potencia,17.7,2026-05-13T08:01:55.102Z
sensor.shellyplugsg3_8cbfeaa49324_potencia,17.2,2026-05-13T08:02:00.009Z
sensor.shellyplugsg3_8cbfeaa49324_potencia,16.8,2026-05-13T08:02:00.244Z
sensor.shellyplugsg3_8cbfeaa49324_potencia,17.2,2026-05-13T08:02:05.384Z
sensor.shellyplugsg3_8cbfeaa49324_potencia,18.5,2026-05-13T08:02:12.578Z
sensor.shellyplugsg3_8cbfeaa49324_potencia,16.9,2026-05-13T08:02:18.746Z
sensor.shellyplugsg3_8cbfeaa49324_potencia,17.3,2026-05-13T08:02:23.888Z
sensor.shellyplugsg3_8cbfeaa49324_potencia,16.5,2026-05-13T08:02:31.084Z
sensor.shellyplugsg3_8cbfeaa49324_potencia,16.3,2026-05-13T08:02:36.222Z
sensor.shellyplugsg3_8cbfeaa49324_potencia,17.4,2026-05-13T08:02:44.447Z
sensor.shellyplugsg3_8cbfeaa49324_potencia,18.3,2026-05-13T08:02:49.587Z
sensor.shellyplugsg3_8cbfeaa49324_potencia,17.1,2026-05-13T08:02:56.781Z
sensor.shellyplugsg3_8cbfeaa49324_potencia,17.0,2026-05-13T08:03:09.130Z
sensor.shellyplugsg3_8cbfeaa49324_potencia,16.9,2026-05-13T08:03:15.298Z
sensor.shellyplugsg3_8cbfeaa49324_potencia,18.6,2026-05-13T08:03:21.466Z
sensor.shellyplugsg3_8cbfeaa49324_potencia,16.9,2026-05-13T08:03:27.631Z
sensor.shellyplugsg3_8cbfeaa49324_potencia,17.6,2026-05-13T08:03:33.800Z
sensor.shellyplugsg3_8cbfeaa49324_potencia,17.8,2026-05-13T08:03:39.969Z
sensor.shellyplugsg3_8cbfeaa49324_potencia,18.0,2026-05-13T08:03:46.136Z
sensor.shellyplugsg3_8cbfeaa49324_potencia,18.6,2026-05-13T08:03:52.303Z
sensor.shellyplugsg3_8cbfeaa49324_potencia,18.3,2026-05-13T08:03:57.443Z
sensor.shellyplugsg3_8cbfeaa49324_potencia,12.5,2026-05-13T08:04:00.004Z
sensor.shellyplugsg3_8cbfeaa49324_potencia,16.8,2026-05-13T08:04:04.640Z
sensor.shellyplugsg3_8cbfeaa49324_potencia,18.7,2026-05-13T08:04:11.945Z
sensor.shellyplugsg3_8cbfeaa49324_potencia,18.3,2026-05-13T08:04:16.988Z
sensor.shellyplugsg3_8cbfeaa49324_potencia,17.0,2026-05-13T08:04:23.156Z
sensor.shellyplugsg3_8cbfeaa49324_potencia,18.1,2026-05-13T08:04:29.323Z
sensor.shellyplugsg3_8cbfeaa49324_potencia,16.4,2026-05-13T08:04:37.545Z
sensor.shellyplugsg3_8cbfeaa49324_potencia,18.2,2026-05-13T08:04:42.687Z
sensor.shellyplugsg3_8cbfeaa49324_potencia,17.1,2026-05-13T08:04:47.828Z
sensor.shellyplugsg3_8cbfeaa49324_potencia,17.2,2026-05-13T08:04:55.022Z
sensor.shellyplugsg3_8cbfeaa49324_potencia,17.3,2026-05-13T08:05:00.002Z
sensor.shellyplugsg3_8cbfeaa49324_potencia,17.1,2026-05-13T08:05:01.192Z
sensor.shellyplugsg3_8cbfeaa49324_potencia,17.4,2026-05-13T08:05:07.359Z
sensor.shellyplugsg3_8cbfeaa49324_potencia,16.9,2026-05-13T08:05:13.527Z
sensor.shellyplugsg3_8cbfeaa49324_potencia,18.2,2026-05-13T08:05:25.861Z
sensor.shellyplugsg3_8cbfeaa49324_potencia,17.0,2026-05-13T08:05:32.031Z
sensor.shellyplugsg3_8cbfeaa49324_potencia,17.6,2026-05-13T08:05:38.199Z
sensor.shellyplugsg3_8cbfeaa49324_potencia,11.3,2026-05-13T08:05:44.367Z
sensor.shellyplugsg3_8cbfeaa49324_potencia,10.2,2026-05-13T08:05:49.504Z
sensor.shellyplugsg3_8cbfeaa49324_potencia,10.4,2026-05-13T08:06:00.062Z
sensor.shellyplugsg3_8cbfeaa49324_potencia,11.5,2026-05-13T08:06:45.115Z
sensor.shellyplugsg3_8cbfeaa49324_potencia,15.7,2026-05-13T08:06:50.158Z
sensor.shellyplugsg3_8cbfeaa49324_potencia,16.2,2026-05-13T08:06:55.295Z
sensor.shellyplugsg3_8cbfeaa49324_potencia,15.6,2026-05-13T08:07:00.060Z
sensor.shellyplugsg3_8cbfeaa49324_potencia,17.3,2026-05-13T08:07:03.521Z
sensor.shellyplugsg3_8cbfeaa49324_potencia,16.6,2026-05-13T08:07:10.715Z
sensor.shellyplugsg3_8cbfeaa49324_potencia,16.4,2026-05-13T08:07:16.883Z
sensor.shellyplugsg3_8cbfeaa49324_potencia,17.1,2026-05-13T08:07:24.078Z
sensor.shellyplugsg3_8cbfeaa49324_potencia,17.4,2026-05-13T08:07:29.218Z
sensor.shellyplugsg3_8cbfeaa49324_potencia,17.5,2026-05-13T08:07:36.415Z
sensor.shellyplugsg3_8cbfeaa49324_potencia,16.3,2026-05-13T08:07:42.581Z
sensor.shellyplugsg3_8cbfeaa49324_potencia,17.2,2026-05-13T08:07:47.723Z
sensor.shellyplugsg3_8cbfeaa49324_potencia,17.6,2026-05-13T08:07:55.951Z
sensor.shellyplugsg3_8cbfeaa49324_potencia,16.9,2026-05-13T08:08:00.059Z
sensor.shellyplugsg3_8cbfeaa49324_potencia,18.7,2026-05-13T08:08:02.117Z
sensor.shellyplugsg3_8cbfeaa49324_potencia,18.0,2026-05-13T08:08:08.283Z
sensor.shellyplugsg3_8cbfeaa49324_potencia,17.0,2026-05-13T08:08:14.450Z
sensor.shellyplugsg3_8cbfeaa49324_potencia,17.2,2026-05-13T08:08:20.619Z
sensor.shellyplugsg3_8cbfeaa49324_potencia,16.4,2026-05-13T08:08:27.814Z
sensor.shellyplugsg3_8cbfeaa49324_potencia,17.4,2026-05-13T08:08:32.953Z
sensor.shellyplugsg3_8cbfeaa49324_potencia,17.0,2026-05-13T08:08:40.148Z
sensor.shellyplugsg3_8cbfeaa49324_potencia,16.8,2026-05-13T08:08:46.318Z
sensor.shellyplugsg3_8cbfeaa49324_potencia,16.9,2026-05-13T08:08:51.458Z
sensor.shellyplugsg3_8cbfeaa49324_potencia,15.8,2026-05-13T08:08:56.598Z
sensor.shellyplugsg3_8cbfeaa49324_potencia,17.5,2026-05-13T08:09:00.057Z
sensor.shellyplugsg3_8cbfeaa49324_potencia,13.6,2026-05-13T08:09:01.737Z
sensor.shellyplugsg3_8cbfeaa49324_potencia,18.1,2026-05-13T08:09:06.876Z
sensor.shellyplugsg3_8cbfeaa49324_potencia,16.6,2026-05-13T08:09:13.043Z
sensor.shellyplugsg3_8cbfeaa49324_potencia,16.0,2026-05-13T08:09:18.182Z
sensor.shellyplugsg3_8cbfeaa49324_potencia,16.7,2026-05-13T08:09:23.322Z
sensor.shellyplugsg3_8cbfeaa49324_potencia,16.9,2026-05-13T08:09:31.545Z
sensor.shellyplugsg3_8cbfeaa49324_potencia,16.8,2026-05-13T08:09:38.741Z
sensor.shellyplugsg3_8cbfeaa49324_potencia,18.6,2026-05-13T08:09:44.910Z
sensor.shellyplugsg3_8cbfeaa49324_potencia,18.0,2026-05-13T08:09:51.077Z
sensor.shellyplugsg3_8cbfeaa49324_potencia,17.2,2026-05-13T08:09:58.274Z
sensor.shellyplugsg3_8cbfeaa49324_potencia,14.6,2026-05-13T08:10:00.055Z
sensor.shellyplugsg3_8cbfeaa49324_potencia,17.0,2026-05-13T08:10:04.442Z
sensor.shellyplugsg3_8cbfeaa49324_potencia,16.9,2026-05-13T08:10:11.688Z
sensor.shellyplugsg3_8cbfeaa49324_potencia,17.3,2026-05-13T08:10:16.777Z
sensor.shellyplugsg3_8cbfeaa49324_potencia,17.2,2026-05-13T08:10:23.971Z
sensor.shellyplugsg3_8cbfeaa49324_potencia,18.4,2026-05-13T08:10:31.168Z
sensor.shellyplugsg3_8cbfeaa49324_potencia,18.2,2026-05-13T08:10:37.337Z
sensor.shellyplugsg3_8cbfeaa49324_potencia,18.1,2026-05-13T08:10:42.477Z
sensor.shellyplugsg3_8cbfeaa49324_potencia,17.3,2026-05-13T08:10:48.646Z
sensor.shellyplugsg3_8cbfeaa49324_potencia,17.6,2026-05-13T08:10:55.839Z
sensor.shellyplugsg3_8cbfeaa49324_potencia,16.6,2026-05-13T08:11:00.053Z
sensor.shellyplugsg3_8cbfeaa49324_potencia,10.8,2026-05-13T08:11:09.205Z
sensor.shellyplugsg3_8cbfeaa49324_potencia,10.5,2026-05-13T08:12:00.050Z
sensor.shellyplugsg3_8cbfeaa49324_potencia,13.3,2026-05-13T08:12:09.952Z
sensor.shellyplugsg3_8cbfeaa49324_potencia,16.1,2026-05-13T08:12:14.996Z
sensor.shellyplugsg3_8cbfeaa49324_potencia,17.2,2026-05-13T08:12:20.135Z
sensor.shellyplugsg3_8cbfeaa49324_potencia,17.3,2026-05-13T08:12:27.331Z
sensor.shellyplugsg3_8cbfeaa49324_potencia,16.7,2026-05-13T08:12:34.528Z
sensor.shellyplugsg3_8cbfeaa49324_potencia,16.3,2026-05-13T08:12:40.695Z
sensor.shellyplugsg3_8cbfeaa49324_potencia,17.0,2026-05-13T08:12:45.833Z
sensor.shellyplugsg3_8cbfeaa49324_potencia,17.2,2026-05-13T08:12:54.057Z
sensor.shellyplugsg3_8cbfeaa49324_potencia,17.9,2026-05-13T08:13:07.422Z
sensor.shellyplugsg3_8cbfeaa49324_potencia,16.9,2026-05-13T08:13:13.591Z
sensor.shellyplugsg3_8cbfeaa49324_potencia,16.6,2026-05-13T08:13:19.757Z
sensor.shellyplugsg3_8cbfeaa49324_potencia,16.7,2026-05-13T08:13:24.897Z
sensor.shellyplugsg3_8cbfeaa49324_potencia,17.1,2026-05-13T08:13:31.065Z
sensor.shellyplugsg3_8cbfeaa49324_potencia,17.5,2026-05-13T08:13:39.289Z
sensor.shellyplugsg3_8cbfeaa49324_potencia,18.4,2026-05-13T08:13:46.484Z
sensor.shellyplugsg3_8cbfeaa49324_potencia,18.0,2026-05-13T08:13:52.652Z
sensor.shellyplugsg3_8cbfeaa49324_potencia,17.8,2026-05-13T08:13:59.846Z
sensor.shellyplugsg3_8cbfeaa49324_potencia,18.4,2026-05-13T08:14:00.046Z
sensor.shellyplugsg3_8cbfeaa49324_potencia,18.0,2026-05-13T08:14:06.015Z
sensor.shellyplugsg3_8cbfeaa49324_potencia,17.1,2026-05-13T08:14:17.323Z
sensor.shellyplugsg3_8cbfeaa49324_potencia,16.7,2026-05-13T08:14:30.686Z
sensor.shellyplugsg3_8cbfeaa49324_potencia,16.9,2026-05-13T08:14:35.824Z
sensor.shellyplugsg3_8cbfeaa49324_potencia,13.7,2026-05-13T08:14:40.966Z
sensor.shellyplugsg3_8cbfeaa49324_potencia,18.3,2026-05-13T08:14:46.106Z
sensor.shellyplugsg3_8cbfeaa49324_potencia,17.1,2026-05-13T08:14:51.243Z
sensor.shellyplugsg3_8cbfeaa49324_potencia,12.1,2026-05-13T08:15:00.044Z
sensor.shellyplugsg3_8cbfeaa49324_potencia,16.5,2026-05-13T08:15:02.554Z
sensor.shellyplugsg3_8cbfeaa49324_potencia,17.0,2026-05-13T08:15:08.720Z
sensor.shellyplugsg3_8cbfeaa49324_potencia,16.9,2026-05-13T08:15:15.916Z
sensor.shellyplugsg3_8cbfeaa49324_potencia,13.5,2026-05-13T08:15:21.058Z
sensor.shellyplugsg3_8cbfeaa49324_potencia,17.8,2026-05-13T08:15:26.198Z
sensor.shellyplugsg3_8cbfeaa49324_potencia,16.9,2026-05-13T08:15:31.338Z
sensor.shellyplugsg3_8cbfeaa49324_potencia,16.6,2026-05-13T08:15:38.534Z
sensor.shellyplugsg3_8cbfeaa49324_potencia,16.8,2026-05-13T08:15:50.868Z
sensor.shellyplugsg3_8cbfeaa49324_potencia,17.4,2026-05-13T08:15:58.065Z
sensor.shellyplugsg3_8cbfeaa49324_potencia,16.1,2026-05-13T08:16:00.042Z
sensor.shellyplugsg3_8cbfeaa49324_potencia,17.0,2026-05-13T08:16:10.399Z
sensor.shellyplugsg3_8cbfeaa49324_potencia,17.1,2026-05-13T08:16:16.566Z
sensor.shellyplugsg3_8cbfeaa49324_potencia,16.8,2026-05-13T08:16:22.733Z
sensor.shellyplugsg3_8cbfeaa49324_potencia,16.9,2026-05-13T08:16:27.875Z
sensor.shellyplugsg3_8cbfeaa49324_potencia,12.5,2026-05-13T08:16:33.127Z
sensor.shellyplugsg3_8cbfeaa49324_potencia,10.1,2026-05-13T08:16:40.223Z
sensor.shellyplugsg3_8cbfeaa49324_potencia,12.3,2026-05-13T08:17:37.892Z
sensor.shellyplugsg3_8cbfeaa49324_potencia,16.6,2026-05-13T08:17:42.935Z
sensor.shellyplugsg3_8cbfeaa49324_potencia,17.2,2026-05-13T08:17:49.103Z
sensor.shellyplugsg3_8cbfeaa49324_potencia,16.7,2026-05-13T08:17:56.298Z
sensor.shellyplugsg3_8cbfeaa49324_potencia,17.1,2026-05-13T08:18:09.659Z
sensor.shellyplugsg3_8cbfeaa49324_potencia,16.0,2026-05-13T08:18:15.827Z
sensor.shellyplugsg3_8cbfeaa49324_potencia,17.3,2026-05-13T08:18:20.969Z
sensor.shellyplugsg3_8cbfeaa49324_potencia,14.4,2026-05-13T08:18:26.221Z
sensor.shellyplugsg3_8cbfeaa49324_potencia,16.8,2026-05-13T08:18:32.292Z
sensor.shellyplugsg3_8cbfeaa49324_potencia,16.9,2026-05-13T08:18:37.432Z
sensor.shellyplugsg3_8cbfeaa49324_potencia,17.6,2026-05-13T08:18:43.599Z
sensor.shellyplugsg3_8cbfeaa49324_potencia,16.8,2026-05-13T08:18:49.768Z
sensor.shellyplugsg3_8cbfeaa49324_potencia,16.2,2026-05-13T08:18:54.908Z
sensor.shellyplugsg3_8cbfeaa49324_potencia,12.8,2026-05-13T08:19:00.035Z
sensor.shellyplugsg3_8cbfeaa49324_potencia,17.1,2026-05-13T08:19:01.075Z
sensor.shellyplugsg3_8cbfeaa49324_potencia,18.4,2026-05-13T08:19:11.463Z
sensor.shellyplugsg3_8cbfeaa49324_potencia,17.6,2026-05-13T08:19:17.532Z
sensor.shellyplugsg3_8cbfeaa49324_potencia,16.5,2026-05-13T08:19:23.701Z
sensor.shellyplugsg3_8cbfeaa49324_potencia,16.9,2026-05-13T08:19:29.869Z
sensor.shellyplugsg3_8cbfeaa49324_potencia,16.8,2026-05-13T08:19:36.035Z
sensor.shellyplugsg3_8cbfeaa49324_potencia,17.4,2026-05-13T08:19:50.427Z
sensor.shellyplugsg3_8cbfeaa49324_potencia,16.3,2026-05-13T08:19:55.567Z
sensor.shellyplugsg3_8cbfeaa49324_potencia,12.6,2026-05-13T08:20:00.033Z
sensor.shellyplugsg3_8cbfeaa49324_potencia,16.4,2026-05-13T08:20:02.765Z
sensor.shellyplugsg3_8cbfeaa49324_potencia,17.5,2026-05-13T08:20:08.931Z
sensor.shellyplugsg3_8cbfeaa49324_potencia,12.7,2026-05-13T08:20:14.184Z
sensor.shellyplugsg3_8cbfeaa49324_potencia,17.0,2026-05-13T08:20:19.227Z
sensor.shellyplugsg3_8cbfeaa49324_potencia,17.6,2026-05-13T08:20:24.364Z
sensor.shellyplugsg3_8cbfeaa49324_potencia,17.1,2026-05-13T08:20:30.534Z
sensor.shellyplugsg3_8cbfeaa49324_potencia,17.6,2026-05-13T08:20:37.730Z
sensor.shellyplugsg3_8cbfeaa49324_potencia,17.9,2026-05-13T08:20:44.923Z
sensor.shellyplugsg3_8cbfeaa49324_potencia,17.4,2026-05-13T08:20:51.091Z
sensor.shellyplugsg3_8cbfeaa49324_potencia,17.0,2026-05-13T08:20:58.288Z
sensor.shellyplugsg3_8cbfeaa49324_potencia,16.3,2026-05-13T08:21:00.031Z
sensor.shellyplugsg3_8cbfeaa49324_potencia,17.2,2026-05-13T08:21:05.483Z
sensor.shellyplugsg3_8cbfeaa49324_potencia,16.4,2026-05-13T08:21:11.649Z
sensor.shellyplugsg3_8cbfeaa49324_potencia,17.1,2026-05-13T08:21:16.791Z
sensor.shellyplugsg3_8cbfeaa49324_potencia,17.4,2026-05-13T08:21:25.014Z
sensor.shellyplugsg3_8cbfeaa49324_potencia,16.9,2026-05-13T08:21:31.183Z
sensor.shellyplugsg3_8cbfeaa49324_potencia,16.7,2026-05-13T08:21:38.378Z
sensor.shellyplugsg3_8cbfeaa49324_potencia,16.5,2026-05-13T08:21:44.544Z
sensor.shellyplugsg3_8cbfeaa49324_potencia,17.3,2026-05-13T08:21:55.854Z
sensor.shellyplugsg3_8cbfeaa49324_potencia,16.8,2026-05-13T08:22:00.029Z
sensor.shellyplugsg3_8cbfeaa49324_potencia,15.3,2026-05-13T08:22:01.103Z
sensor.shellyplugsg3_8cbfeaa49324_potencia,16.7,2026-05-13T08:22:06.147Z
sensor.shellyplugsg3_8cbfeaa49324_potencia,10.9,2026-05-13T08:22:12.314Z
sensor.shellyplugsg3_8cbfeaa49324_potencia,9.9,2026-05-13T08:22:48.396Z
sensor.shellyplugsg3_8cbfeaa49324_potencia,10.9,2026-05-13T08:23:00.026Z
sensor.shellyplugsg3_8cbfeaa49324_potencia,9.9,2026-05-13T08:23:08.867Z
sensor.shellyplugsg3_8cbfeaa49324_potencia,15.9,2026-05-13T08:23:17.092Z
sensor.shellyplugsg3_8cbfeaa49324_potencia,16.5,2026-05-13T08:23:22.230Z
sensor.shellyplugsg3_8cbfeaa49324_potencia,16.9,2026-05-13T08:23:30.453Z
sensor.shellyplugsg3_8cbfeaa49324_potencia,17.4,2026-05-13T08:23:37.649Z
sensor.shellyplugsg3_8cbfeaa49324_potencia,13.4,2026-05-13T08:23:42.903Z
sensor.shellyplugsg3_8cbfeaa49324_potencia,17.8,2026-05-13T08:23:47.946Z
sensor.shellyplugsg3_8cbfeaa49324_potencia,18.1,2026-05-13T08:23:53.084Z
sensor.shellyplugsg3_8cbfeaa49324_potencia,17.5,2026-05-13T08:23:59.254Z
sensor.shellyplugsg3_8cbfeaa49324_potencia,17.1,2026-05-13T08:24:00.024Z
sensor.shellyplugsg3_8cbfeaa49324_potencia,16.9,2026-05-13T08:24:06.449Z
sensor.shellyplugsg3_8cbfeaa49324_potencia,17.2,2026-05-13T08:24:13.645Z
sensor.shellyplugsg3_8cbfeaa49324_potencia,17.9,2026-05-13T08:24:19.811Z
sensor.shellyplugsg3_8cbfeaa49324_potencia,18.3,2026-05-13T08:24:27.008Z
sensor.shellyplugsg3_8cbfeaa49324_potencia,17.0,2026-05-13T08:24:33.177Z
sensor.shellyplugsg3_8cbfeaa49324_potencia,18.2,2026-05-13T08:24:41.508Z
sensor.shellyplugsg3_8cbfeaa49324_potencia,16.4,2026-05-13T08:24:47.588Z
sensor.shellyplugsg3_8cbfeaa49324_potencia,17.0,2026-05-13T08:24:52.731Z
sensor.shellyplugsg3_8cbfeaa49324_potencia,13.5,2026-05-13T08:24:57.982Z
sensor.shellyplugsg3_8cbfeaa49324_potencia,16.7,2026-05-13T08:25:00.022Z
sensor.shellyplugsg3_8cbfeaa49324_potencia,17.8,2026-05-13T08:25:03.025Z
sensor.shellyplugsg3_8cbfeaa49324_potencia,16.9,2026-05-13T08:25:08.165Z
sensor.shellyplugsg3_8cbfeaa49324_potencia,18.3,2026-05-13T08:25:16.387Z
sensor.shellyplugsg3_8cbfeaa49324_potencia,16.9,2026-05-13T08:25:28.724Z
sensor.shellyplugsg3_8cbfeaa49324_potencia,16.1,2026-05-13T08:25:33.863Z
sensor.shellyplugsg3_8cbfeaa49324_potencia,12.4,2026-05-13T08:25:39.005Z
sensor.shellyplugsg3_8cbfeaa49324_potencia,17.2,2026-05-13T08:25:44.145Z
sensor.shellyplugsg3_8cbfeaa49324_potencia,17.8,2026-05-13T08:25:49.282Z
sensor.shellyplugsg3_8cbfeaa49324_potencia,18.6,2026-05-13T08:25:56.480Z
sensor.shellyplugsg3_8cbfeaa49324_potencia,16.9,2026-05-13T08:26:00.020Z
sensor.shellyplugsg3_8cbfeaa49324_potencia,16.3,2026-05-13T08:26:16.012Z
sensor.shellyplugsg3_8cbfeaa49324_potencia,17.5,2026-05-13T08:26:23.317Z
sensor.shellyplugsg3_8cbfeaa49324_potencia,17.4,2026-05-13T08:26:31.441Z
sensor.shellyplugsg3_8cbfeaa49324_potencia,16.9,2026-05-13T08:26:38.638Z
sensor.shellyplugsg3_8cbfeaa49324_potencia,18.2,2026-05-13T08:26:45.833Z
sensor.shellyplugsg3_8cbfeaa49324_potencia,16.1,2026-05-13T08:26:52.002Z
sensor.shellyplugsg3_8cbfeaa49324_potencia,16.9,2026-05-13T08:26:58.169Z
sensor.shellyplugsg3_8cbfeaa49324_potencia,16.8,2026-05-13T08:27:00.018Z
sensor.shellyplugsg3_8cbfeaa49324_potencia,16.6,2026-05-13T08:27:06.392Z
sensor.shellyplugsg3_8cbfeaa49324_potencia,17.1,2026-05-13T08:27:19.754Z
sensor.shellyplugsg3_8cbfeaa49324_potencia,17.4,2026-05-13T08:27:26.952Z
sensor.shellyplugsg3_8cbfeaa49324_potencia,17.1,2026-05-13T08:27:33.118Z
sensor.shellyplugsg3_8cbfeaa49324_potencia,16.6,2026-05-13T08:27:46.480Z
sensor.shellyplugsg3_8cbfeaa49324_potencia,11.4,2026-05-13T08:27:54.705Z
sensor.shellyplugsg3_8cbfeaa49324_potencia,10.9,2026-05-13T08:28:00.015Z
sensor.shellyplugsg3_8cbfeaa49324_potencia,10.3,2026-05-13T08:28:00.873Z
sensor.shellyplugsg3_8cbfeaa49324_potencia,12.5,2026-05-13T08:28:54.425Z
sensor.shellyplugsg3_8cbfeaa49324_potencia,16.7,2026-05-13T08:28:59.468Z
sensor.shellyplugsg3_8cbfeaa49324_potencia,16.6,2026-05-13T08:29:00.013Z
sensor.shellyplugsg3_8cbfeaa49324_potencia,17.9,2026-05-13T08:29:07.799Z
sensor.shellyplugsg3_8cbfeaa49324_potencia,17.8,2026-05-13T08:29:21.063Z
sensor.shellyplugsg3_8cbfeaa49324_potencia,17.6,2026-05-13T08:29:27.230Z
sensor.shellyplugsg3_8cbfeaa49324_potencia,16.7,2026-05-13T08:29:34.425Z
sensor.shellyplugsg3_8cbfeaa49324_potencia,17.9,2026-05-13T08:29:41.621Z
sensor.shellyplugsg3_8cbfeaa49324_potencia,16.2,2026-05-13T08:29:46.764Z
sensor.shellyplugsg3_8cbfeaa49324_potencia,17.3,2026-05-13T08:29:52.931Z
sensor.shellyplugsg3_8cbfeaa49324_potencia,13.3,2026-05-13T08:29:59.209Z
sensor.shellyplugsg3_8cbfeaa49324_potencia,16.6,2026-05-13T08:30:00.011Z
sensor.shellyplugsg3_8cbfeaa49324_potencia,18.1,2026-05-13T08:30:04.252Z
sensor.shellyplugsg3_8cbfeaa49324_potencia,17.7,2026-05-13T08:30:09.390Z
sensor.shellyplugsg3_8cbfeaa49324_potencia,17.1,2026-05-13T08:30:16.587Z
sensor.shellyplugsg3_8cbfeaa49324_potencia,16.9,2026-05-13T08:30:23.785Z
sensor.shellyplugsg3_8cbfeaa49324_potencia,18.1,2026-05-13T08:30:30.978Z
sensor.shellyplugsg3_8cbfeaa49324_potencia,16.7,2026-05-13T08:30:37.145Z
sensor.shellyplugsg3_8cbfeaa49324_potencia,16.4,2026-05-13T08:30:44.340Z
sensor.shellyplugsg3_8cbfeaa49324_potencia,17.7,2026-05-13T08:30:52.564Z
sensor.shellyplugsg3_8cbfeaa49324_potencia,16.8,2026-05-13T08:30:58.730Z
sensor.shellyplugsg3_8cbfeaa49324_potencia,18.1,2026-05-13T08:31:00.009Z
sensor.shellyplugsg3_8cbfeaa49324_potencia,16.9,2026-05-13T08:31:03.871Z
sensor.shellyplugsg3_8cbfeaa49324_potencia,16.4,2026-05-13T08:31:10.039Z
sensor.shellyplugsg3_8cbfeaa49324_potencia,13.9,2026-05-13T08:31:16.206Z
sensor.shellyplugsg3_8cbfeaa49324_potencia,18.3,2026-05-13T08:31:21.347Z
sensor.shellyplugsg3_8cbfeaa49324_potencia,17.4,2026-05-13T08:31:26.487Z
sensor.shellyplugsg3_8cbfeaa49324_potencia,17.9,2026-05-13T08:31:33.683Z
sensor.shellyplugsg3_8cbfeaa49324_potencia,18.7,2026-05-13T08:31:40.878Z
sensor.shellyplugsg3_8cbfeaa49324_potencia,17.0,2026-05-13T08:31:47.045Z
sensor.shellyplugsg3_8cbfeaa49324_potencia,16.5,2026-05-13T08:32:00.007Z
sensor.shellyplugsg3_8cbfeaa49324_potencia,16.9,2026-05-13T08:32:00.406Z
sensor.shellyplugsg3_8cbfeaa49324_potencia,15.8,2026-05-13T08:32:05.546Z
sensor.shellyplugsg3_8cbfeaa49324_potencia,18.2,2026-05-13T08:32:10.686Z
sensor.shellyplugsg3_8cbfeaa49324_potencia,17.1,2026-05-13T08:32:15.825Z
sensor.shellyplugsg3_8cbfeaa49324_potencia,16.9,2026-05-13T08:32:23.022Z
sensor.shellyplugsg3_8cbfeaa49324_potencia,16.8,2026-05-13T08:32:29.190Z
sensor.shellyplugsg3_8cbfeaa49324_potencia,16.5,2026-05-13T08:32:35.358Z
sensor.shellyplugsg3_8cbfeaa49324_potencia,12.6,2026-05-13T08:32:40.610Z
sensor.shellyplugsg3_8cbfeaa49324_potencia,17.2,2026-05-13T08:32:45.653Z
sensor.shellyplugsg3_8cbfeaa49324_potencia,17.7,2026-05-13T08:32:51.820Z
sensor.shellyplugsg3_8cbfeaa49324_potencia,17.0,2026-05-13T08:32:57.989Z
sensor.shellyplugsg3_8cbfeaa49324_potencia,17.6,2026-05-13T08:33:00.004Z
sensor.shellyplugsg3_8cbfeaa49324_potencia,16.7,2026-05-13T08:33:05.183Z
sensor.shellyplugsg3_8cbfeaa49324_potencia,16.6,2026-05-13T08:33:10.322Z
sensor.shellyplugsg3_8cbfeaa49324_potencia,17.0,2026-05-13T08:33:16.492Z
sensor.shellyplugsg3_8cbfeaa49324_potencia,14.1,2026-05-13T08:33:22.773Z
sensor.shellyplugsg3_8cbfeaa49324_potencia,18.4,2026-05-13T08:33:27.815Z
sensor.shellyplugsg3_8cbfeaa49324_potencia,18.1,2026-05-13T08:33:32.955Z
sensor.shellyplugsg3_8cbfeaa49324_potencia,11.2,2026-05-13T08:33:39.123Z
sensor.shellyplugsg3_8cbfeaa49324_potencia,10.0,2026-05-13T08:33:45.400Z
sensor.shellyplugsg3_8cbfeaa49324_potencia,12.0,2026-05-13T08:34:41.954Z
sensor.shellyplugsg3_8cbfeaa49324_potencia,17.1,2026-05-13T08:34:46.997Z
sensor.shellyplugsg3_8cbfeaa49324_potencia,18.2,2026-05-13T08:34:54.190Z
sensor.shellyplugsg3_8cbfeaa49324_potencia,16.9,2026-05-13T08:35:00.000Z
sensor.shellyplugsg3_8cbfeaa49324_potencia,17.6,2026-05-13T08:35:01.385Z
sensor.shellyplugsg3_8cbfeaa49324_potencia,16.7,2026-05-13T08:35:08.580Z
sensor.shellyplugsg3_8cbfeaa49324_potencia,16.9,2026-05-13T08:35:15.778Z
sensor.shellyplugsg3_8cbfeaa49324_potencia,18.0,2026-05-13T08:35:22.974Z
sensor.shellyplugsg3_8cbfeaa49324_potencia,16.5,2026-05-13T08:35:30.171Z
sensor.shellyplugsg3_8cbfeaa49324_potencia,17.1,2026-05-13T08:35:37.367Z
sensor.shellyplugsg3_8cbfeaa49324_potencia,17.5,2026-05-13T08:35:44.562Z
sensor.shellyplugsg3_8cbfeaa49324_potencia,17.3,2026-05-13T08:35:51.758Z
sensor.shellyplugsg3_8cbfeaa49324_potencia,16.8,2026-05-13T08:35:56.897Z
sensor.shellyplugsg3_8cbfeaa49324_potencia,18.5,2026-05-13T08:35:59.998Z
sensor.shellyplugsg3_8cbfeaa49324_potencia,16.0,2026-05-13T08:36:04.095Z
sensor.shellyplugsg3_8cbfeaa49324_potencia,16.7,2026-05-13T08:36:11.290Z
sensor.shellyplugsg3_8cbfeaa49324_potencia,13.5,2026-05-13T08:36:16.541Z
sensor.shellyplugsg3_8cbfeaa49324_potencia,17.8,2026-05-13T08:36:21.585Z
sensor.shellyplugsg3_8cbfeaa49324_potencia,17.9,2026-05-13T08:36:27.753Z
sensor.shellyplugsg3_8cbfeaa49324_potencia,17.1,2026-05-13T08:36:34.948Z
sensor.shellyplugsg3_8cbfeaa49324_potencia,18.0,2026-05-13T08:36:42.144Z
sensor.shellyplugsg3_8cbfeaa49324_potencia,17.2,2026-05-13T08:36:49.339Z
sensor.shellyplugsg3_8cbfeaa49324_potencia,17.7,2026-05-13T08:36:56.536Z
sensor.shellyplugsg3_8cbfeaa49324_potencia,16.6,2026-05-13T08:36:59.996Z
sensor.shellyplugsg3_8cbfeaa49324_potencia,16.5,2026-05-13T08:37:08.873Z
sensor.shellyplugsg3_8cbfeaa49324_potencia,16.4,2026-05-13T08:37:15.041Z
sensor.shellyplugsg3_8cbfeaa49324_potencia,16.3,2026-05-13T08:37:20.178Z
sensor.shellyplugsg3_8cbfeaa49324_potencia,17.6,2026-05-13T08:37:25.320Z
sensor.shellyplugsg3_8cbfeaa49324_potencia,17.5,2026-05-13T08:37:32.516Z
sensor.shellyplugsg3_8cbfeaa49324_potencia,17.1,2026-05-13T08:37:39.712Z
sensor.shellyplugsg3_8cbfeaa49324_potencia,17.4,2026-05-13T08:37:46.908Z
sensor.shellyplugsg3_8cbfeaa49324_potencia,17.0,2026-05-13T08:37:53.076Z
sensor.shellyplugsg3_8cbfeaa49324_potencia,17.8,2026-05-13T08:37:59.994Z
sensor.shellyplugsg3_8cbfeaa49324_potencia,17.2,2026-05-13T08:38:01.299Z
sensor.shellyplugsg3_8cbfeaa49324_potencia,16.9,2026-05-13T08:38:07.467Z
sensor.shellyplugsg3_8cbfeaa49324_potencia,17.3,2026-05-13T08:38:14.660Z
sensor.shellyplugsg3_8cbfeaa49324_potencia,16.1,2026-05-13T08:38:21.856Z
sensor.shellyplugsg3_8cbfeaa49324_potencia,16.6,2026-05-13T08:38:26.997Z
sensor.shellyplugsg3_8cbfeaa49324_potencia,17.7,2026-05-13T08:38:32.247Z
sensor.shellyplugsg3_8cbfeaa49324_potencia,16.9,2026-05-13T08:38:37.290Z
sensor.shellyplugsg3_8cbfeaa49324_potencia,17.2,2026-05-13T08:38:50.658Z
sensor.shellyplugsg3_8cbfeaa49324_potencia,17.1,2026-05-13T08:38:57.855Z
sensor.shellyplugsg3_8cbfeaa49324_potencia,17.6,2026-05-13T08:39:00.067Z
sensor.shellyplugsg3_8cbfeaa49324_potencia,16.9,2026-05-13T08:39:06.107Z
sensor.shellyplugsg3_8cbfeaa49324_potencia,17.0,2026-05-13T08:39:13.302Z
sensor.shellyplugsg3_8cbfeaa49324_potencia,16.7,2026-05-13T08:39:20.496Z
sensor.shellyplugsg3_8cbfeaa49324_potencia,16.3,2026-05-13T08:39:27.692Z
sensor.shellyplugsg3_8cbfeaa49324_potencia,12.2,2026-05-13T08:39:32.832Z
sensor.shellyplugsg3_8cbfeaa49324_potencia,10.8,2026-05-13T08:39:37.969Z
sensor.shellyplugsg3_8cbfeaa49324_potencia,10.3,2026-05-13T08:40:00.065Z
sensor.shellyplugsg3_8cbfeaa49324_potencia,9.8,2026-05-13T08:40:05.831Z
sensor.shellyplugsg3_8cbfeaa49324_potencia,10.8,2026-05-13T08:40:33.594Z
sensor.shellyplugsg3_8cbfeaa49324_potencia,16.4,2026-05-13T08:40:41.720Z
sensor.shellyplugsg3_8cbfeaa49324_potencia,16.5,2026-05-13T08:40:48.916Z
sensor.shellyplugsg3_8cbfeaa49324_potencia,17.4,2026-05-13T08:40:55.083Z
sensor.shellyplugsg3_8cbfeaa49324_potencia,12.8,2026-05-13T08:41:00.063Z
sensor.shellyplugsg3_8cbfeaa49324_potencia,16.8,2026-05-13T08:41:05.378Z
sensor.shellyplugsg3_8cbfeaa49324_potencia,18.3,2026-05-13T08:41:11.545Z
sensor.shellyplugsg3_8cbfeaa49324_potencia,17.4,2026-05-13T08:41:23.883Z
sensor.shellyplugsg3_8cbfeaa49324_potencia,16.9,2026-05-13T08:41:32.105Z
sensor.shellyplugsg3_8cbfeaa49324_potencia,15.5,2026-05-13T08:41:37.245Z
sensor.shellyplugsg3_8cbfeaa49324_potencia,17.4,2026-05-13T08:41:42.384Z
sensor.shellyplugsg3_8cbfeaa49324_potencia,17.7,2026-05-13T08:41:47.524Z
sensor.shellyplugsg3_8cbfeaa49324_potencia,16.8,2026-05-13T08:42:00.061Z
sensor.shellyplugsg3_8cbfeaa49324_potencia,16.9,2026-05-13T08:42:01.917Z
sensor.shellyplugsg3_8cbfeaa49324_potencia,17.1,2026-05-13T08:42:07.058Z
sensor.shellyplugsg3_8cbfeaa49324_potencia,18.4,2026-05-13T08:42:12.307Z
sensor.shellyplugsg3_8cbfeaa49324_potencia,18.2,2026-05-13T08:42:17.348Z
sensor.shellyplugsg3_8cbfeaa49324_potencia,16.8,2026-05-13T08:42:24.544Z
sensor.shellyplugsg3_8cbfeaa49324_potencia,17.4,2026-05-13T08:42:29.683Z
sensor.shellyplugsg3_8cbfeaa49324_potencia,16.3,2026-05-13T08:42:34.935Z
sensor.shellyplugsg3_8cbfeaa49324_potencia,17.1,2026-05-13T08:42:41.004Z
sensor.shellyplugsg3_8cbfeaa49324_potencia,18.2,2026-05-13T08:42:47.282Z
sensor.shellyplugsg3_8cbfeaa49324_potencia,17.0,2026-05-13T08:42:53.351Z
sensor.shellyplugsg3_8cbfeaa49324_potencia,16.7,2026-05-13T08:42:59.518Z
sensor.shellyplugsg3_8cbfeaa49324_potencia,17.3,2026-05-13T08:43:12.881Z
sensor.shellyplugsg3_8cbfeaa49324_potencia,12.4,2026-05-13T08:43:19.162Z
sensor.shellyplugsg3_8cbfeaa49324_potencia,17.1,2026-05-13T08:43:24.205Z
sensor.shellyplugsg3_8cbfeaa49324_potencia,17.0,2026-05-13T08:43:30.372Z
sensor.shellyplugsg3_8cbfeaa49324_potencia,16.5,2026-05-13T08:43:36.540Z
sensor.shellyplugsg3_8cbfeaa49324_potencia,17.2,2026-05-13T08:43:44.763Z
sensor.shellyplugsg3_8cbfeaa49324_potencia,17.1,2026-05-13T08:43:49.902Z
sensor.shellyplugsg3_8cbfeaa49324_potencia,15.7,2026-05-13T08:43:55.154Z
sensor.shellyplugsg3_8cbfeaa49324_potencia,18.1,2026-05-13T08:44:00.057Z
sensor.shellyplugsg3_8cbfeaa49324_potencia,17.2,2026-05-13T08:44:00.195Z
sensor.shellyplugsg3_8cbfeaa49324_potencia,17.3,2026-05-13T08:44:14.586Z
sensor.shellyplugsg3_8cbfeaa49324_potencia,16.5,2026-05-13T08:44:20.757Z
sensor.shellyplugsg3_8cbfeaa49324_potencia,14.7,2026-05-13T08:44:25.894Z
sensor.shellyplugsg3_8cbfeaa49324_potencia,17.1,2026-05-13T08:44:31.034Z
sensor.shellyplugsg3_8cbfeaa49324_potencia,18.5,2026-05-13T08:44:37.204Z
sensor.shellyplugsg3_8cbfeaa49324_potencia,16.8,2026-05-13T08:44:43.422Z
sensor.shellyplugsg3_8cbfeaa49324_potencia,16.7,2026-05-13T08:44:51.596Z
sensor.shellyplugsg3_8cbfeaa49324_potencia,17.8,2026-05-13T08:44:56.736Z
sensor.shellyplugsg3_8cbfeaa49324_potencia,17.3,2026-05-13T08:45:00.054Z
sensor.shellyplugsg3_8cbfeaa49324_potencia,13.6,2026-05-13T08:45:01.994Z
sensor.shellyplugsg3_8cbfeaa49324_potencia,17.4,2026-05-13T08:45:07.030Z
sensor.shellyplugsg3_8cbfeaa49324_potencia,18.6,2026-05-13T08:45:13.195Z
sensor.shellyplugsg3_8cbfeaa49324_potencia,17.4,2026-05-13T08:45:18.335Z
sensor.shellyplugsg3_8cbfeaa49324_potencia,16.3,2026-05-13T08:45:23.587Z
sensor.shellyplugsg3_8cbfeaa49324_potencia,12.7,2026-05-13T08:45:31.714Z
sensor.shellyplugsg3_8cbfeaa49324_potencia,10.5,2026-05-13T08:45:38.910Z
sensor.shellyplugsg3_8cbfeaa49324_potencia,10.2,2026-05-13T08:46:00.052Z
sensor.shellyplugsg3_8cbfeaa49324_potencia,11.7,2026-05-13T08:46:35.545Z
sensor.shellyplugsg3_8cbfeaa49324_potencia,17.3,2026-05-13T08:46:40.588Z
sensor.shellyplugsg3_8cbfeaa49324_potencia,16.4,2026-05-13T08:46:47.784Z
sensor.shellyplugsg3_8cbfeaa49324_potencia,16.1,2026-05-13T08:46:53.953Z
sensor.shellyplugsg3_8cbfeaa49324_potencia,13.3,2026-05-13T08:47:00.052Z
sensor.shellyplugsg3_8cbfeaa49324_potencia,17.0,2026-05-13T08:47:05.259Z
sensor.shellyplugsg3_8cbfeaa49324_potencia,16.4,2026-05-13T08:47:10.400Z
sensor.shellyplugsg3_8cbfeaa49324_potencia,18.0,2026-05-13T08:47:15.538Z
sensor.shellyplugsg3_8cbfeaa49324_potencia,16.1,2026-05-13T08:47:22.734Z
sensor.shellyplugsg3_8cbfeaa49324_potencia,15.2,2026-05-13T08:47:29.931Z
sensor.shellyplugsg3_8cbfeaa49324_potencia,17.2,2026-05-13T08:47:35.070Z
sensor.shellyplugsg3_8cbfeaa49324_potencia,16.6,2026-05-13T08:47:41.238Z
sensor.shellyplugsg3_8cbfeaa49324_potencia,17.1,2026-05-13T08:47:48.434Z
sensor.shellyplugsg3_8cbfeaa49324_potencia,16.5,2026-05-13T08:47:55.630Z
sensor.shellyplugsg3_8cbfeaa49324_potencia,14.8,2026-05-13T08:48:00.052Z
sensor.shellyplugsg3_8cbfeaa49324_potencia,17.6,2026-05-13T08:48:05.912Z
sensor.shellyplugsg3_8cbfeaa49324_potencia,17.7,2026-05-13T08:48:12.083Z
sensor.shellyplugsg3_8cbfeaa49324_potencia,17.5,2026-05-13T08:48:19.278Z
sensor.shellyplugsg3_8cbfeaa49324_potencia,17.6,2026-05-13T08:48:26.474Z
sensor.shellyplugsg3_8cbfeaa49324_potencia,18.3,2026-05-13T08:48:33.669Z
sensor.shellyplugsg3_8cbfeaa49324_potencia,16.9,2026-05-13T08:48:40.863Z
sensor.shellyplugsg3_8cbfeaa49324_potencia,18.1,2026-05-13T08:48:50.224Z
sensor.shellyplugsg3_8cbfeaa49324_potencia,17.4,2026-05-13T08:48:56.293Z
sensor.shellyplugsg3_8cbfeaa49324_potencia,17.1,2026-05-13T08:49:00.046Z
sensor.shellyplugsg3_8cbfeaa49324_potencia,18.1,2026-05-13T08:49:10.685Z
sensor.shellyplugsg3_8cbfeaa49324_potencia,17.6,2026-05-13T08:49:17.883Z
sensor.shellyplugsg3_8cbfeaa49324_potencia,17.1,2026-05-13T08:49:25.077Z
sensor.shellyplugsg3_8cbfeaa49324_potencia,17.0,2026-05-13T08:49:30.217Z
sensor.shellyplugsg3_8cbfeaa49324_potencia,16.8,2026-05-13T08:49:37.413Z
sensor.shellyplugsg3_8cbfeaa49324_potencia,14.8,2026-05-13T08:49:44.609Z
sensor.shellyplugsg3_8cbfeaa49324_potencia,17.8,2026-05-13T08:49:49.748Z
sensor.shellyplugsg3_8cbfeaa49324_potencia,17.2,2026-05-13T08:49:54.888Z
sensor.shellyplugsg3_8cbfeaa49324_potencia,16.5,2026-05-13T08:50:00.043Z
sensor.shellyplugsg3_8cbfeaa49324_potencia,17.9,2026-05-13T08:50:03.112Z
sensor.shellyplugsg3_8cbfeaa49324_potencia,17.3,2026-05-13T08:50:09.278Z
sensor.shellyplugsg3_8cbfeaa49324_potencia,17.0,2026-05-13T08:50:17.500Z
sensor.shellyplugsg3_8cbfeaa49324_potencia,17.2,2026-05-13T08:50:24.695Z
sensor.shellyplugsg3_8cbfeaa49324_potencia,16.9,2026-05-13T08:50:31.892Z
sensor.shellyplugsg3_8cbfeaa49324_potencia,16.8,2026-05-13T08:50:40.116Z
sensor.shellyplugsg3_8cbfeaa49324_potencia,16.2,2026-05-13T08:50:45.254Z
sensor.shellyplugsg3_8cbfeaa49324_potencia,13.0,2026-05-13T08:50:51.424Z
sensor.shellyplugsg3_8cbfeaa49324_potencia,17.1,2026-05-13T08:50:56.564Z
sensor.shellyplugsg3_8cbfeaa49324_potencia,17.0,2026-05-13T08:51:00.041Z
sensor.shellyplugsg3_8cbfeaa49324_potencia,17.8,2026-05-13T08:51:02.734Z
sensor.shellyplugsg3_8cbfeaa49324_potencia,16.5,2026-05-13T08:51:09.926Z
sensor.shellyplugsg3_8cbfeaa49324_potencia,17.6,2026-05-13T08:51:15.066Z
sensor.shellyplugsg3_8cbfeaa49324_potencia,13.0,2026-05-13T08:51:21.234Z
sensor.shellyplugsg3_8cbfeaa49324_potencia,18.6,2026-05-13T08:51:26.374Z
sensor.shellyplugsg3_8cbfeaa49324_potencia,17.7,2026-05-13T08:51:32.542Z
sensor.shellyplugsg3_8cbfeaa49324_potencia,11.3,2026-05-13T08:51:39.738Z
sensor.shellyplugsg3_8cbfeaa49324_potencia,10.3,2026-05-13T08:51:44.878Z
sensor.shellyplugsg3_8cbfeaa49324_potencia,9.9,2026-05-13T08:52:00.039Z
sensor.shellyplugsg3_8cbfeaa49324_potencia,11.6,2026-05-13T08:52:40.486Z
sensor.shellyplugsg3_8cbfeaa49324_potencia,15.5,2026-05-13T08:52:45.529Z
sensor.shellyplugsg3_8cbfeaa49324_potencia,15.3,2026-05-13T08:52:50.667Z
sensor.shellyplugsg3_8cbfeaa49324_potencia,16.4,2026-05-13T08:52:55.806Z
sensor.shellyplugsg3_8cbfeaa49324_potencia,16.6,2026-05-13T08:53:00.037Z
sensor.shellyplugsg3_8cbfeaa49324_potencia,16.8,2026-05-13T08:53:00.947Z
sensor.shellyplugsg3_8cbfeaa49324_potencia,16.9,2026-05-13T08:53:08.161Z
sensor.shellyplugsg3_8cbfeaa49324_potencia,17.2,2026-05-13T08:53:14.329Z
sensor.shellyplugsg3_8cbfeaa49324_potencia,14.0,2026-05-13T08:53:20.497Z
sensor.shellyplugsg3_8cbfeaa49324_potencia,17.1,2026-05-13T08:53:25.637Z
sensor.shellyplugsg3_8cbfeaa49324_potencia,18.6,2026-05-13T08:53:32.942Z
sensor.shellyplugsg3_8cbfeaa49324_potencia,17.9,2026-05-13T08:53:39.010Z
sensor.shellyplugsg3_8cbfeaa49324_potencia,17.8,2026-05-13T08:53:47.236Z
sensor.shellyplugsg3_8cbfeaa49324_potencia,17.1,2026-05-13T08:53:54.429Z
sensor.shellyplugsg3_8cbfeaa49324_potencia,17.0,2026-05-13T08:54:00.035Z
sensor.shellyplugsg3_8cbfeaa49324_potencia,16.8,2026-05-13T08:54:02.654Z
sensor.shellyplugsg3_8cbfeaa49324_potencia,16.9,2026-05-13T08:54:07.793Z
sensor.shellyplugsg3_8cbfeaa49324_potencia,13.5,2026-05-13T08:54:13.963Z
sensor.shellyplugsg3_8cbfeaa49324_potencia,17.2,2026-05-13T08:54:19.104Z
sensor.shellyplugsg3_8cbfeaa49324_potencia,16.9,2026-05-13T08:54:24.241Z
sensor.shellyplugsg3_8cbfeaa49324_potencia,16.4,2026-05-13T08:54:31.436Z
sensor.shellyplugsg3_8cbfeaa49324_potencia,13.2,2026-05-13T08:54:36.578Z
sensor.shellyplugsg3_8cbfeaa49324_potencia,17.2,2026-05-13T08:54:41.718Z
sensor.shellyplugsg3_8cbfeaa49324_potencia,17.0,2026-05-13T08:54:47.884Z
sensor.shellyplugsg3_8cbfeaa49324_potencia,17.5,2026-05-13T08:54:54.053Z
sensor.shellyplugsg3_8cbfeaa49324_potencia,14.6,2026-05-13T08:55:00.032Z
sensor.shellyplugsg3_8cbfeaa49324_potencia,18.0,2026-05-13T08:55:05.372Z
sensor.shellyplugsg3_8cbfeaa49324_potencia,17.8,2026-05-13T08:55:11.542Z
sensor.shellyplugsg3_8cbfeaa49324_potencia,16.3,2026-05-13T08:55:18.736Z
sensor.shellyplugsg3_8cbfeaa49324_potencia,17.0,2026-05-13T08:55:23.878Z
sensor.shellyplugsg3_8cbfeaa49324_potencia,13.7,2026-05-13T08:55:30.157Z
sensor.shellyplugsg3_8cbfeaa49324_potencia,17.9,2026-05-13T08:55:35.200Z
sensor.shellyplugsg3_8cbfeaa49324_potencia,17.3,2026-05-13T08:55:42.395Z
sensor.shellyplugsg3_8cbfeaa49324_potencia,17.0,2026-05-13T08:55:49.591Z
sensor.shellyplugsg3_8cbfeaa49324_potencia,17.2,2026-05-13T08:55:54.731Z
sensor.shellyplugsg3_8cbfeaa49324_potencia,18.0,2026-05-13T08:56:00.031Z
sensor.shellyplugsg3_8cbfeaa49324_potencia,15.4,2026-05-13T08:56:01.041Z
sensor.shellyplugsg3_8cbfeaa49324_potencia,17.0,2026-05-13T08:56:06.082Z
sensor.shellyplugsg3_8cbfeaa49324_potencia,14.1,2026-05-13T08:56:16.473Z
sensor.shellyplugsg3_8cbfeaa49324_potencia,18.3,2026-05-13T08:56:21.517Z
sensor.shellyplugsg3_8cbfeaa49324_potencia,17.2,2026-05-13T08:56:27.685Z
sensor.shellyplugsg3_8cbfeaa49324_potencia,17.7,2026-05-13T08:56:35.908Z
sensor.shellyplugsg3_8cbfeaa49324_potencia,16.8,2026-05-13T08:56:42.076Z
sensor.shellyplugsg3_8cbfeaa49324_potencia,12.7,2026-05-13T08:56:55.440Z
sensor.shellyplugsg3_8cbfeaa49324_potencia,16.9,2026-05-13T08:57:00.028Z
sensor.shellyplugsg3_8cbfeaa49324_potencia,17.4,2026-05-13T08:57:00.580Z
sensor.shellyplugsg3_8cbfeaa49324_potencia,17.3,2026-05-13T08:57:06.744Z
sensor.shellyplugsg3_8cbfeaa49324_potencia,16.8,2026-05-13T08:57:14.967Z
sensor.shellyplugsg3_8cbfeaa49324_potencia,17.6,2026-05-13T08:57:21.137Z
sensor.shellyplugsg3_8cbfeaa49324_potencia,17.1,2026-05-13T08:57:27.303Z
sensor.shellyplugsg3_8cbfeaa49324_potencia,18.2,2026-05-13T08:57:32.443Z
sensor.shellyplugsg3_8cbfeaa49324_potencia,17.9,2026-05-13T08:57:37.584Z
sensor.shellyplugsg3_8cbfeaa49324_potencia,16.6,2026-05-13T08:57:43.752Z
sensor.shellyplugsg3_8cbfeaa49324_potencia,10.9,2026-05-13T08:57:50.949Z
sensor.shellyplugsg3_8cbfeaa49324_potencia,10.0,2026-05-13T08:58:00.026Z
sensor.shellyplugsg3_8cbfeaa49324_potencia,9.9,2026-05-13T08:58:26.005Z
sensor.shellyplugsg3_8cbfeaa49324_potencia,14.3,2026-05-13T08:58:54.798Z
sensor.shellyplugsg3_8cbfeaa49324_potencia,16.5,2026-05-13T08:58:59.841Z
sensor.shellyplugsg3_8cbfeaa49324_potencia,16.9,2026-05-13T08:59:00.024Z
sensor.shellyplugsg3_8cbfeaa49324_potencia,15.8,2026-05-13T08:59:06.009Z
sensor.shellyplugsg3_8cbfeaa49324_potencia,12.9,2026-05-13T08:59:11.150Z
sensor.shellyplugsg3_8cbfeaa49324_potencia,16.7,2026-05-13T08:59:16.289Z
sensor.shellyplugsg3_8cbfeaa49324_potencia,16.8,2026-05-13T08:59:23.481Z
sensor.shellyplugsg3_8cbfeaa49324_potencia,17.0,2026-05-13T08:59:30.677Z
sensor.shellyplugsg3_8cbfeaa49324_potencia,12.7,2026-05-13T08:59:43.014Z
sensor.shellyplugsg3_8cbfeaa49324_potencia,17.0,2026-05-13T08:59:48.155Z
sensor.shellyplugsg3_8cbfeaa49324_potencia,17.2,2026-05-13T08:59:54.319Z
sensor.shellyplugsg3_8cbfeaa49324_potencia,16.6,2026-05-13T09:00:00.034Z
sensor.shellyplugsg3_8cbfeaa49324_potencia,16.7,2026-05-13T09:00:01.517Z
sensor.shellyplugsg3_8cbfeaa49324_potencia,17.2,2026-05-13T09:00:06.656Z
sensor.shellyplugsg3_8cbfeaa49324_potencia,16.4,2026-05-13T09:00:14.880Z
sensor.shellyplugsg3_8cbfeaa49324_potencia,12.9,2026-05-13T09:00:21.160Z
sensor.shellyplugsg3_8cbfeaa49324_potencia,16.5,2026-05-13T09:00:26.203Z
sensor.shellyplugsg3_8cbfeaa49324_potencia,16.8,2026-05-13T09:00:31.342Z
sensor.shellyplugsg3_8cbfeaa49324_potencia,17.0,2026-05-13T09:00:39.566Z
sensor.shellyplugsg3_8cbfeaa49324_potencia,14.0,2026-05-13T09:00:44.816Z
sensor.shellyplugsg3_8cbfeaa49324_potencia,17.1,2026-05-13T09:00:49.857Z
sensor.shellyplugsg3_8cbfeaa49324_potencia,18.4,2026-05-13T09:00:58.190Z
sensor.shellyplugsg3_8cbfeaa49324_potencia,12.9,2026-05-13T09:01:00.019Z
sensor.shellyplugsg3_8cbfeaa49324_potencia,16.9,2026-05-13T09:01:03.233Z
sensor.shellyplugsg3_8cbfeaa49324_potencia,16.8,2026-05-13T09:01:10.427Z
sensor.shellyplugsg3_8cbfeaa49324_potencia,16.6,2026-05-13T09:01:16.596Z
sensor.shellyplugsg3_8cbfeaa49324_potencia,18.1,2026-05-13T09:01:21.735Z
sensor.shellyplugsg3_8cbfeaa49324_potencia,16.8,2026-05-13T09:01:26.874Z
sensor.shellyplugsg3_8cbfeaa49324_potencia,16.4,2026-05-13T09:01:32.016Z
sensor.shellyplugsg3_8cbfeaa49324_potencia,16.9,2026-05-13T09:01:39.210Z
sensor.shellyplugsg3_8cbfeaa49324_potencia,18.0,2026-05-13T09:01:44.461Z
sensor.shellyplugsg3_8cbfeaa49324_potencia,17.3,2026-05-13T09:01:50.532Z
sensor.shellyplugsg3_8cbfeaa49324_potencia,18.3,2026-05-13T09:01:56.697Z
sensor.shellyplugsg3_8cbfeaa49324_potencia,17.4,2026-05-13T09:02:00.017Z
sensor.shellyplugsg3_8cbfeaa49324_potencia,17.0,2026-05-13T09:02:03.895Z
sensor.shellyplugsg3_8cbfeaa49324_potencia,16.9,2026-05-13T09:02:11.091Z
sensor.shellyplugsg3_8cbfeaa49324_potencia,18.1,2026-05-13T09:02:16.230Z
sensor.shellyplugsg3_8cbfeaa49324_potencia,17.2,2026-05-13T09:02:21.369Z
sensor.shellyplugsg3_8cbfeaa49324_potencia,18.3,2026-05-13T09:02:29.703Z
sensor.shellyplugsg3_8cbfeaa49324_potencia,17.2,2026-05-13T09:02:36.802Z
sensor.shellyplugsg3_8cbfeaa49324_potencia,17.8,2026-05-13T09:02:43.998Z
sensor.shellyplugsg3_8cbfeaa49324_potencia,17.7,2026-05-13T09:02:52.222Z
sensor.shellyplugsg3_8cbfeaa49324_potencia,16.9,2026-05-13T09:02:58.390Z
sensor.shellyplugsg3_8cbfeaa49324_potencia,16.7,2026-05-13T09:03:00.015Z
sensor.shellyplugsg3_8cbfeaa49324_potencia,16.5,2026-05-13T09:03:05.585Z
sensor.shellyplugsg3_8cbfeaa49324_potencia,15.8,2026-05-13T09:03:11.751Z
sensor.shellyplugsg3_8cbfeaa49324_potencia,17.2,2026-05-13T09:03:16.891Z
sensor.shellyplugsg3_8cbfeaa49324_potencia,18.2,2026-05-13T09:03:24.086Z
sensor.shellyplugsg3_8cbfeaa49324_potencia,17.0,2026-05-13T09:03:31.284Z
sensor.shellyplugsg3_8cbfeaa49324_potencia,17.2,2026-05-13T09:03:36.424Z
sensor.shellyplugsg3_8cbfeaa49324_potencia,16.3,2026-05-13T09:03:44.646Z
sensor.shellyplugsg3_8cbfeaa49324_potencia,15.0,2026-05-13T09:03:50.814Z
sensor.shellyplugsg3_8cbfeaa49324_potencia,16.8,2026-05-13T09:03:55.954Z
sensor.shellyplugsg3_8cbfeaa49324_potencia,14.2,2026-05-13T09:04:06.344Z
sensor.shellyplugsg3_8cbfeaa49324_potencia,10.7,2026-05-13T09:04:11.388Z
sensor.shellyplugsg3_8cbfeaa49324_potencia,10.0,2026-05-13T09:05:00.011Z
sensor.shellyplugsg3_8cbfeaa49324_potencia,14.0,2026-05-13T09:05:12.153Z
sensor.shellyplugsg3_8cbfeaa49324_potencia,16.8,2026-05-13T09:05:17.194Z
sensor.shellyplugsg3_8cbfeaa49324_potencia,17.1,2026-05-13T09:05:22.336Z
sensor.shellyplugsg3_8cbfeaa49324_potencia,12.0,2026-05-13T09:05:28.614Z
sensor.shellyplugsg3_8cbfeaa49324_potencia,16.3,2026-05-13T09:05:33.659Z
sensor.shellyplugsg3_8cbfeaa49324_potencia,17.0,2026-05-13T09:05:40.851Z
sensor.shellyplugsg3_8cbfeaa49324_potencia,16.8,2026-05-13T09:05:45.992Z
sensor.shellyplugsg3_8cbfeaa49324_potencia,17.2,2026-05-13T09:05:56.271Z
sensor.shellyplugsg3_8cbfeaa49324_potencia,12.7,2026-05-13T09:06:00.008Z
sensor.shellyplugsg3_8cbfeaa49324_potencia,16.6,2026-05-13T09:06:04.496Z
sensor.shellyplugsg3_8cbfeaa49324_potencia,18.2,2026-05-13T09:06:12.716Z
sensor.shellyplugsg3_8cbfeaa49324_potencia,16.6,2026-05-13T09:06:17.859Z
sensor.shellyplugsg3_8cbfeaa49324_potencia,16.8,2026-05-13T09:06:26.083Z
sensor.shellyplugsg3_8cbfeaa49324_potencia,18.0,2026-05-13T09:06:32.250Z
sensor.shellyplugsg3_8cbfeaa49324_potencia,17.5,2026-05-13T09:06:44.586Z
sensor.shellyplugsg3_8cbfeaa49324_potencia,18.5,2026-05-13T09:06:52.810Z
sensor.shellyplugsg3_8cbfeaa49324_potencia,17.2,2026-05-13T09:06:57.950Z
sensor.shellyplugsg3_8cbfeaa49324_potencia,17.6,2026-05-13T09:07:00.007Z
sensor.shellyplugsg3_8cbfeaa49324_potencia,15.9,2026-05-13T09:07:04.118Z
sensor.shellyplugsg3_8cbfeaa49324_potencia,16.6,2026-05-13T09:07:10.283Z
sensor.shellyplugsg3_8cbfeaa49324_potencia,16.9,2026-05-13T09:07:15.424Z
sensor.shellyplugsg3_8cbfeaa49324_potencia,17.2,2026-05-13T09:07:22.619Z
sensor.shellyplugsg3_8cbfeaa49324_potencia,14.7,2026-05-13T09:07:27.758Z
sensor.shellyplugsg3_8cbfeaa49324_potencia,17.8,2026-05-13T09:07:33.925Z
sensor.shellyplugsg3_8cbfeaa49324_potencia,17.1,2026-05-13T09:07:40.095Z
sensor.shellyplugsg3_8cbfeaa49324_potencia,16.8,2026-05-13T09:07:47.290Z
sensor.shellyplugsg3_8cbfeaa49324_potencia,15.9,2026-05-13T09:07:52.428Z
sensor.shellyplugsg3_8cbfeaa49324_potencia,17.7,2026-05-13T09:07:57.568Z
sensor.shellyplugsg3_8cbfeaa49324_potencia,17.5,2026-05-13T09:08:00.005Z
sensor.shellyplugsg3_8cbfeaa49324_potencia,18.0,2026-05-13T09:08:11.960Z
sensor.shellyplugsg3_8cbfeaa49324_potencia,17.1,2026-05-13T09:08:19.156Z
sensor.shellyplugsg3_8cbfeaa49324_potencia,18.4,2026-05-13T09:08:27.488Z
sensor.shellyplugsg3_8cbfeaa49324_potencia,18.3,2026-05-13T09:08:35.614Z
sensor.shellyplugsg3_8cbfeaa49324_potencia,16.8,2026-05-13T09:08:40.755Z
sensor.shellyplugsg3_8cbfeaa49324_potencia,13.4,2026-05-13T09:08:46.923Z
sensor.shellyplugsg3_8cbfeaa49324_potencia,17.8,2026-05-13T09:08:52.064Z
sensor.shellyplugsg3_8cbfeaa49324_potencia,16.8,2026-05-13T09:08:59.259Z
sensor.shellyplugsg3_8cbfeaa49324_potencia,17.5,2026-05-13T09:09:00.003Z
sensor.shellyplugsg3_8cbfeaa49324_potencia,16.0,2026-05-13T09:09:05.427Z
sensor.shellyplugsg3_8cbfeaa49324_potencia,13.8,2026-05-13T09:09:11.596Z
sensor.shellyplugsg3_8cbfeaa49324_potencia,16.7,2026-05-13T09:09:16.736Z
sensor.shellyplugsg3_8cbfeaa49324_potencia,17.2,2026-05-13T09:09:21.875Z
sensor.shellyplugsg3_8cbfeaa49324_potencia,15.9,2026-05-13T09:09:27.126Z
sensor.shellyplugsg3_8cbfeaa49324_potencia,17.3,2026-05-13T09:09:32.169Z
sensor.shellyplugsg3_8cbfeaa49324_potencia,16.1,2026-05-13T09:09:38.445Z
sensor.shellyplugsg3_8cbfeaa49324_potencia,13.5,2026-05-13T09:09:43.488Z
sensor.shellyplugsg3_8cbfeaa49324_potencia,17.6,2026-05-13T09:09:48.627Z
sensor.shellyplugsg3_8cbfeaa49324_potencia,17.1,2026-05-13T09:09:54.793Z
sensor.shellyplugsg3_8cbfeaa49324_potencia,15.5,2026-05-13T09:10:00.000Z
sensor.shellyplugsg3_8cbfeaa49324_potencia,16.6,2026-05-13T09:10:03.017Z
sensor.shellyplugsg3_8cbfeaa49324_potencia,16.7,2026-05-13T09:10:08.156Z
sensor.shellyplugsg3_8cbfeaa49324_potencia,17.8,2026-05-13T09:10:13.297Z
sensor.shellyplugsg3_8cbfeaa49324_potencia,16.7,2026-05-13T09:10:18.434Z
sensor.shellyplugsg3_8cbfeaa49324_potencia,17.2,2026-05-13T09:10:26.659Z
sensor.shellyplugsg3_8cbfeaa49324_potencia,11.5,2026-05-13T09:10:34.882Z
sensor.shellyplugsg3_8cbfeaa49324_potencia,10.3,2026-05-13T09:10:41.048Z
sensor.shellyplugsg3_8cbfeaa49324_potencia,10.1,2026-05-13T09:11:00.059Z
sensor.shellyplugsg3_8cbfeaa49324_potencia,11.7,2026-05-13T09:11:35.630Z
sensor.shellyplugsg3_8cbfeaa49324_potencia,16.0,2026-05-13T09:11:40.673Z
sensor.shellyplugsg3_8cbfeaa49324_potencia,17.2,2026-05-13T09:11:45.813Z
sensor.shellyplugsg3_8cbfeaa49324_potencia,18.6,2026-05-13T09:11:50.952Z
sensor.shellyplugsg3_8cbfeaa49324_potencia,17.1,2026-05-13T09:11:57.122Z
sensor.shellyplugsg3_8cbfeaa49324_potencia,18.1,2026-05-13T09:12:00.058Z
sensor.shellyplugsg3_8cbfeaa49324_potencia,16.9,2026-05-13T09:12:04.317Z
sensor.shellyplugsg3_8cbfeaa49324_potencia,17.0,2026-05-13T09:12:11.512Z
sensor.shellyplugsg3_8cbfeaa49324_potencia,13.3,2026-05-13T09:12:17.792Z
sensor.shellyplugsg3_8cbfeaa49324_potencia,18.1,2026-05-13T09:12:22.836Z
sensor.shellyplugsg3_8cbfeaa49324_potencia,17.3,2026-05-13T09:12:30.031Z
sensor.shellyplugsg3_8cbfeaa49324_potencia,17.2,2026-05-13T09:12:36.197Z
sensor.shellyplugsg3_8cbfeaa49324_potencia,13.7,2026-05-13T09:12:42.476Z
sensor.shellyplugsg3_8cbfeaa49324_potencia,18.0,2026-05-13T09:12:47.519Z
sensor.shellyplugsg3_8cbfeaa49324_potencia,17.2,2026-05-13T09:12:53.687Z
sensor.shellyplugsg3_8cbfeaa49324_potencia,17.8,2026-05-13T09:13:00.056Z
sensor.shellyplugsg3_8cbfeaa49324_potencia,17.2,2026-05-13T09:13:00.881Z
sensor.shellyplugsg3_8cbfeaa49324_potencia,18.6,2026-05-13T09:13:12.297Z
sensor.shellyplugsg3_8cbfeaa49324_potencia,17.0,2026-05-13T09:13:18.368Z
sensor.shellyplugsg3_8cbfeaa49324_potencia,16.9,2026-05-13T09:13:23.508Z
sensor.shellyplugsg3_8cbfeaa49324_potencia,17.0,2026-05-13T09:13:31.732Z
sensor.shellyplugsg3_8cbfeaa49324_potencia,13.0,2026-05-13T09:13:54.458Z
sensor.shellyplugsg3_8cbfeaa49324_potencia,17.1,2026-05-13T09:13:59.502Z
sensor.shellyplugsg3_8cbfeaa49324_potencia,18.0,2026-05-13T09:14:00.054Z
sensor.shellyplugsg3_8cbfeaa49324_potencia,17.2,2026-05-13T09:14:06.696Z
sensor.shellyplugsg3_8cbfeaa49324_potencia,16.7,2026-05-13T09:14:12.863Z
sensor.shellyplugsg3_8cbfeaa49324_potencia,17.0,2026-05-13T09:14:20.059Z
sensor.shellyplugsg3_8cbfeaa49324_potencia,14.7,2026-05-13T09:14:26.226Z
sensor.shellyplugsg3_8cbfeaa49324_potencia,18.4,2026-05-13T09:14:32.394Z
sensor.shellyplugsg3_8cbfeaa49324_potencia,17.8,2026-05-13T09:14:38.561Z
sensor.shellyplugsg3_8cbfeaa49324_potencia,17.3,2026-05-13T09:14:46.784Z
sensor.shellyplugsg3_8cbfeaa49324_potencia,17.5,2026-05-13T09:14:55.009Z
sensor.shellyplugsg3_8cbfeaa49324_potencia,16.0,2026-05-13T09:15:00.052Z
sensor.shellyplugsg3_8cbfeaa49324_potencia,17.8,2026-05-13T09:15:03.232Z
sensor.shellyplugsg3_8cbfeaa49324_potencia,16.5,2026-05-13T09:15:11.454Z
sensor.shellyplugsg3_8cbfeaa49324_potencia,16.3,2026-05-13T09:15:16.595Z
sensor.shellyplugsg3_8cbfeaa49324_potencia,17.7,2026-05-13T09:15:21.736Z
sensor.shellyplugsg3_8cbfeaa49324_potencia,18.1,2026-05-13T09:15:27.901Z
sensor.shellyplugsg3_8cbfeaa49324_potencia,17.3,2026-05-13T09:15:35.100Z
sensor.shellyplugsg3_8cbfeaa49324_potencia,12.8,2026-05-13T09:15:40.349Z
sensor.shellyplugsg3_8cbfeaa49324_potencia,16.5,2026-05-13T09:15:45.394Z
sensor.shellyplugsg3_8cbfeaa49324_potencia,14.9,2026-05-13T09:15:55.670Z
sensor.shellyplugsg3_8cbfeaa49324_potencia,17.1,2026-05-13T09:16:00.050Z
sensor.shellyplugsg3_8cbfeaa49324_potencia,17.6,2026-05-13T09:16:01.838Z
sensor.shellyplugsg3_8cbfeaa49324_potencia,17.1,2026-05-13T09:16:08.005Z
sensor.shellyplugsg3_8cbfeaa49324_potencia,16.4,2026-05-13T09:16:16.229Z
sensor.shellyplugsg3_8cbfeaa49324_potencia,16.8,2026-05-13T09:16:22.395Z
sensor.shellyplugsg3_8cbfeaa49324_potencia,16.7,2026-05-13T09:16:29.592Z
sensor.shellyplugsg3_8cbfeaa49324_potencia,17.7,2026-05-13T09:16:34.841Z
sensor.shellyplugsg3_8cbfeaa49324_potencia,17.4,2026-05-13T09:16:40.912Z
sensor.shellyplugsg3_8cbfeaa49324_potencia,18.4,2026-05-13T09:16:49.135Z
sensor.shellyplugsg3_8cbfeaa49324_potencia,15.9,2026-05-13T09:16:54.274Z
sensor.shellyplugsg3_8cbfeaa49324_potencia,13.4,2026-05-13T09:17:00.047Z
sensor.shellyplugsg3_8cbfeaa49324_potencia,10.2,2026-05-13T09:17:07.638Z
sensor.shellyplugsg3_8cbfeaa49324_potencia,10.0,2026-05-13T09:18:00.044Z
sensor.shellyplugsg3_8cbfeaa49324_potencia,12.5,2026-05-13T09:18:05.305Z
sensor.shellyplugsg3_8cbfeaa49324_potencia,16.5,2026-05-13T09:18:10.349Z
sensor.shellyplugsg3_8cbfeaa49324_potencia,17.0,2026-05-13T09:18:16.516Z
sensor.shellyplugsg3_8cbfeaa49324_potencia,12.7,2026-05-13T09:18:22.796Z
sensor.shellyplugsg3_8cbfeaa49324_potencia,16.9,2026-05-13T09:18:27.839Z
sensor.shellyplugsg3_8cbfeaa49324_potencia,17.4,2026-05-13T09:18:36.062Z
sensor.shellyplugsg3_8cbfeaa49324_potencia,17.1,2026-05-13T09:18:41.200Z
sensor.shellyplugsg3_8cbfeaa49324_potencia,15.7,2026-05-13T09:18:47.480Z
sensor.shellyplugsg3_8cbfeaa49324_potencia,18.0,2026-05-13T09:18:52.521Z
sensor.shellyplugsg3_8cbfeaa49324_potencia,16.7,2026-05-13T09:18:58.691Z
sensor.shellyplugsg3_8cbfeaa49324_potencia,16.9,2026-05-13T09:19:00.042Z
sensor.shellyplugsg3_8cbfeaa49324_potencia,16.4,2026-05-13T09:19:05.885Z
sensor.shellyplugsg3_8cbfeaa49324_potencia,15.6,2026-05-13T09:19:13.080Z
sensor.shellyplugsg3_8cbfeaa49324_potencia,17.1,2026-05-13T09:19:18.220Z
sensor.shellyplugsg3_8cbfeaa49324_potencia,16.1,2026-05-13T09:19:26.444Z
sensor.shellyplugsg3_8cbfeaa49324_potencia,17.0,2026-05-13T09:19:31.582Z
sensor.shellyplugsg3_8cbfeaa49324_potencia,18.0,2026-05-13T09:19:36.723Z
sensor.shellyplugsg3_8cbfeaa49324_potencia,17.0,2026-05-13T09:19:41.865Z
sensor.shellyplugsg3_8cbfeaa49324_potencia,14.2,2026-05-13T09:19:47.116Z
sensor.shellyplugsg3_8cbfeaa49324_potencia,17.2,2026-05-13T09:19:52.158Z
sensor.shellyplugsg3_8cbfeaa49324_potencia,17.1,2026-05-13T09:19:58.324Z
sensor.shellyplugsg3_8cbfeaa49324_potencia,17.7,2026-05-13T09:20:00.041Z
sensor.shellyplugsg3_8cbfeaa49324_potencia,13.5,2026-05-13T09:20:03.466Z
sensor.shellyplugsg3_8cbfeaa49324_potencia,17.2,2026-05-13T09:20:08.606Z
sensor.shellyplugsg3_8cbfeaa49324_potencia,17.3,2026-05-13T09:20:13.746Z
sensor.shellyplugsg3_8cbfeaa49324_potencia,15.9,2026-05-13T09:20:20.024Z
sensor.shellyplugsg3_8cbfeaa49324_potencia,18.4,2026-05-13T09:20:25.064Z
sensor.shellyplugsg3_8cbfeaa49324_potencia,17.0,2026-05-13T09:20:32.259Z
sensor.shellyplugsg3_8cbfeaa49324_potencia,17.3,2026-05-13T09:20:38.429Z
sensor.shellyplugsg3_8cbfeaa49324_potencia,17.9,2026-05-13T09:20:43.568Z
sensor.shellyplugsg3_8cbfeaa49324_potencia,16.2,2026-05-13T09:20:48.710Z
sensor.shellyplugsg3_8cbfeaa49324_potencia,17.6,2026-05-13T09:20:53.848Z
sensor.shellyplugsg3_8cbfeaa49324_potencia,17.1,2026-05-13T09:21:00.039Z
sensor.shellyplugsg3_8cbfeaa49324_potencia,13.5,2026-05-13T09:21:01.154Z
sensor.shellyplugsg3_8cbfeaa49324_potencia,17.0,2026-05-13T09:21:06.195Z
sensor.shellyplugsg3_8cbfeaa49324_potencia,16.7,2026-05-13T09:21:18.532Z
sensor.shellyplugsg3_8cbfeaa49324_potencia,14.1,2026-05-13T09:21:25.727Z
sensor.shellyplugsg3_8cbfeaa49324_potencia,17.4,2026-05-13T09:21:30.867Z
sensor.shellyplugsg3_8cbfeaa49324_potencia,17.2,2026-05-13T09:21:36.006Z
sensor.shellyplugsg3_8cbfeaa49324_potencia,13.2,2026-05-13T09:21:42.286Z
sensor.shellyplugsg3_8cbfeaa49324_potencia,16.9,2026-05-13T09:21:47.329Z
sensor.shellyplugsg3_8cbfeaa49324_potencia,16.0,2026-05-13T09:21:52.467Z
sensor.shellyplugsg3_8cbfeaa49324_potencia,15.1,2026-05-13T09:21:57.607Z
sensor.shellyplugsg3_8cbfeaa49324_potencia,16.9,2026-05-13T09:22:00.036Z
sensor.shellyplugsg3_8cbfeaa49324_potencia,17.1,2026-05-13T09:22:07.888Z
sensor.shellyplugsg3_8cbfeaa49324_potencia,12.8,2026-05-13T09:22:15.084Z
sensor.shellyplugsg3_8cbfeaa49324_potencia,17.6,2026-05-13T09:22:20.224Z
sensor.shellyplugsg3_8cbfeaa49324_potencia,18.0,2026-05-13T09:22:27.419Z
sensor.shellyplugsg3_8cbfeaa49324_potencia,16.7,2026-05-13T09:22:33.586Z
sensor.shellyplugsg3_8cbfeaa49324_potencia,13.0,2026-05-13T09:22:39.866Z
sensor.shellyplugsg3_8cbfeaa49324_potencia,17.2,2026-05-13T09:22:44.909Z
sensor.shellyplugsg3_8cbfeaa49324_potencia,16.3,2026-05-13T09:22:52.105Z
sensor.shellyplugsg3_8cbfeaa49324_potencia,16.9,2026-05-13T09:22:57.246Z
sensor.shellyplugsg3_8cbfeaa49324_potencia,17.9,2026-05-13T09:23:00.034Z
sensor.shellyplugsg3_8cbfeaa49324_potencia,17.1,2026-05-13T09:23:05.469Z
sensor.shellyplugsg3_8cbfeaa49324_potencia,18.3,2026-05-13T09:23:11.747Z
sensor.shellyplugsg3_8cbfeaa49324_potencia,17.1,2026-05-13T09:23:16.788Z
sensor.shellyplugsg3_8cbfeaa49324_potencia,16.5,2026-05-13T09:23:21.930Z
sensor.shellyplugsg3_8cbfeaa49324_potencia,17.8,2026-05-13T09:23:27.179Z
sensor.shellyplugsg3_8cbfeaa49324_potencia,17.4,2026-05-13T09:23:33.248Z
sensor.shellyplugsg3_8cbfeaa49324_potencia,11.0,2026-05-13T09:23:41.472Z
sensor.shellyplugsg3_8cbfeaa49324_potencia,10.0,2026-05-13T09:23:46.613Z
sensor.shellyplugsg3_8cbfeaa49324_potencia,10.1,2026-05-13T09:24:00.032Z
sensor.shellyplugsg3_8cbfeaa49324_potencia,13.9,2026-05-13T09:24:42.224Z
sensor.shellyplugsg3_8cbfeaa49324_potencia,15.8,2026-05-13T09:24:48.294Z
sensor.shellyplugsg3_8cbfeaa49324_potencia,16.6,2026-05-13T09:24:56.515Z
sensor.shellyplugsg3_8cbfeaa49324_potencia,13.2,2026-05-13T09:25:00.030Z
sensor.shellyplugsg3_8cbfeaa49324_potencia,16.0,2026-05-13T09:25:04.740Z
sensor.shellyplugsg3_8cbfeaa49324_potencia,14.9,2026-05-13T09:25:09.879Z
sensor.shellyplugsg3_8cbfeaa49324_potencia,17.0,2026-05-13T09:25:15.019Z
sensor.shellyplugsg3_8cbfeaa49324_potencia,17.4,2026-05-13T09:25:20.157Z
sensor.shellyplugsg3_8cbfeaa49324_potencia,16.7,2026-05-13T09:25:28.381Z
sensor.shellyplugsg3_8cbfeaa49324_potencia,16.4,2026-05-13T09:25:33.522Z
sensor.shellyplugsg3_8cbfeaa49324_potencia,16.9,2026-05-13T09:25:38.662Z
sensor.shellyplugsg3_8cbfeaa49324_potencia,16.8,2026-05-13T09:25:46.885Z
sensor.shellyplugsg3_8cbfeaa49324_potencia,16.9,2026-05-13T09:25:55.106Z
sensor.shellyplugsg3_8cbfeaa49324_potencia,13.5,2026-05-13T09:26:00.028Z
sensor.shellyplugsg3_8cbfeaa49324_potencia,18.5,2026-05-13T09:26:05.402Z
sensor.shellyplugsg3_8cbfeaa49324_potencia,16.8,2026-05-13T09:26:12.595Z
sensor.shellyplugsg3_8cbfeaa49324_potencia,14.2,2026-05-13T09:26:25.958Z
sensor.shellyplugsg3_8cbfeaa49324_potencia,18.0,2026-05-13T09:26:31.097Z
sensor.shellyplugsg3_8cbfeaa49324_potencia,17.1,2026-05-13T09:26:38.292Z
sensor.shellyplugsg3_8cbfeaa49324_potencia,17.3,2026-05-13T09:26:44.458Z
sensor.shellyplugsg3_8cbfeaa49324_potencia,16.0,2026-05-13T09:26:49.710Z
sensor.shellyplugsg3_8cbfeaa49324_potencia,16.9,2026-05-13T09:26:54.754Z
sensor.shellyplugsg3_8cbfeaa49324_potencia,16.4,2026-05-13T09:27:00.026Z
sensor.shellyplugsg3_8cbfeaa49324_potencia,18.4,2026-05-13T09:27:02.975Z
sensor.shellyplugsg3_8cbfeaa49324_potencia,15.9,2026-05-13T09:27:09.179Z
sensor.shellyplugsg3_8cbfeaa49324_potencia,16.8,2026-05-13T09:27:16.373Z
sensor.shellyplugsg3_8cbfeaa49324_potencia,16.4,2026-05-13T09:27:24.595Z
sensor.shellyplugsg3_8cbfeaa49324_potencia,17.6,2026-05-13T09:27:30.763Z
sensor.shellyplugsg3_8cbfeaa49324_potencia,17.3,2026-05-13T09:27:35.902Z
sensor.shellyplugsg3_8cbfeaa49324_potencia,13.2,2026-05-13T09:27:41.044Z
sensor.shellyplugsg3_8cbfeaa49324_potencia,17.8,2026-05-13T09:27:46.184Z
sensor.shellyplugsg3_8cbfeaa49324_potencia,18.0,2026-05-13T09:27:53.379Z
sensor.shellyplugsg3_8cbfeaa49324_potencia,16.7,2026-05-13T09:28:00.024Z
sensor.shellyplugsg3_8cbfeaa49324_potencia,18.2,2026-05-13T09:28:01.603Z
sensor.shellyplugsg3_8cbfeaa49324_potencia,17.1,2026-05-13T09:28:09.827Z
sensor.shellyplugsg3_8cbfeaa49324_potencia,16.7,2026-05-13T09:28:15.993Z
sensor.shellyplugsg3_8cbfeaa49324_potencia,17.7,2026-05-13T09:28:21.133Z
sensor.shellyplugsg3_8cbfeaa49324_potencia,16.9,2026-05-13T09:28:26.274Z
sensor.shellyplugsg3_8cbfeaa49324_potencia,17.5,2026-05-13T09:28:33.467Z
sensor.shellyplugsg3_8cbfeaa49324_potencia,17.4,2026-05-13T09:28:40.665Z
sensor.shellyplugsg3_8cbfeaa49324_potencia,18.7,2026-05-13T09:28:45.803Z
sensor.shellyplugsg3_8cbfeaa49324_potencia,18.2,2026-05-13T09:28:50.945Z
sensor.shellyplugsg3_8cbfeaa49324_potencia,17.3,2026-05-13T09:28:59.170Z
sensor.shellyplugsg3_8cbfeaa49324_potencia,17.8,2026-05-13T09:29:00.023Z
sensor.shellyplugsg3_8cbfeaa49324_potencia,13.7,2026-05-13T09:29:04.422Z
sensor.shellyplugsg3_8cbfeaa49324_potencia,17.6,2026-05-13T09:29:09.465Z
sensor.shellyplugsg3_8cbfeaa49324_potencia,16.9,2026-05-13T09:29:16.659Z
sensor.shellyplugsg3_8cbfeaa49324_potencia,16.7,2026-05-13T09:29:22.827Z
sensor.shellyplugsg3_8cbfeaa49324_potencia,15.9,2026-05-13T09:29:30.024Z
sensor.shellyplugsg3_8cbfeaa49324_potencia,17.0,2026-05-13T09:29:35.164Z
sensor.shellyplugsg3_8cbfeaa49324_potencia,13.1,2026-05-13T09:29:46.472Z
sensor.shellyplugsg3_8cbfeaa49324_potencia,17.6,2026-05-13T09:29:51.611Z
sensor.shellyplugsg3_8cbfeaa49324_potencia,17.4,2026-05-13T09:29:56.753Z
sensor.shellyplugsg3_8cbfeaa49324_potencia,13.6,2026-05-13T09:30:03.031Z
sensor.shellyplugsg3_8cbfeaa49324_potencia,18.7,2026-05-13T09:30:08.074Z
sensor.shellyplugsg3_8cbfeaa49324_potencia,17.8,2026-05-13T09:30:14.240Z
sensor.shellyplugsg3_8cbfeaa49324_potencia,12.2,2026-05-13T09:30:19.493Z
sensor.shellyplugsg3_8cbfeaa49324_potencia,10.7,2026-05-13T09:30:27.668Z
sensor.shellyplugsg3_8cbfeaa49324_potencia,10.3,2026-05-13T09:31:00.017Z
sensor.shellyplugsg3_8cbfeaa49324_potencia,13.9,2026-05-13T09:31:24.256Z
sensor.shellyplugsg3_8cbfeaa49324_potencia,16.6,2026-05-13T09:31:29.299Z
sensor.shellyplugsg3_8cbfeaa49324_potencia,17.3,2026-05-13T09:31:36.494Z
sensor.shellyplugsg3_8cbfeaa49324_potencia,17.7,2026-05-13T09:31:43.690Z
sensor.shellyplugsg3_8cbfeaa49324_potencia,17.6,2026-05-13T09:31:48.829Z
sensor.shellyplugsg3_8cbfeaa49324_potencia,17.9,2026-05-13T09:31:54.999Z
sensor.shellyplugsg3_8cbfeaa49324_potencia,18.2,2026-05-13T09:32:00.015Z
sensor.shellyplugsg3_8cbfeaa49324_potencia,15.9,2026-05-13T09:32:07.333Z
sensor.shellyplugsg3_8cbfeaa49324_potencia,18.2,2026-05-13T09:32:12.475Z
sensor.shellyplugsg3_8cbfeaa49324_potencia,16.7,2026-05-13T09:32:20.699Z
sensor.shellyplugsg3_8cbfeaa49324_potencia,16.4,2026-05-13T09:32:25.839Z
sensor.shellyplugsg3_8cbfeaa49324_potencia,17.5,2026-05-13T09:32:36.116Z
sensor.shellyplugsg3_8cbfeaa49324_potencia,15.9,2026-05-13T09:32:42.395Z
sensor.shellyplugsg3_8cbfeaa49324_potencia,17.6,2026-05-13T09:32:48.464Z
sensor.shellyplugsg3_8cbfeaa49324_potencia,17.3,2026-05-13T09:32:54.633Z
sensor.shellyplugsg3_8cbfeaa49324_potencia,16.7,2026-05-13T09:33:00.012Z
sensor.shellyplugsg3_8cbfeaa49324_potencia,17.1,2026-05-13T09:33:10.051Z
sensor.shellyplugsg3_8cbfeaa49324_potencia,18.4,2026-05-13T09:33:21.467Z
sensor.shellyplugsg3_8cbfeaa49324_potencia,17.6,2026-05-13T09:33:29.591Z
sensor.shellyplugsg3_8cbfeaa49324_potencia,17.0,2026-05-13T09:33:36.788Z
sensor.shellyplugsg3_8cbfeaa49324_potencia,13.6,2026-05-13T09:33:42.956Z
sensor.shellyplugsg3_8cbfeaa49324_potencia,17.8,2026-05-13T09:33:48.096Z
sensor.shellyplugsg3_8cbfeaa49324_potencia,17.3,2026-05-13T09:33:55.289Z
sensor.shellyplugsg3_8cbfeaa49324_potencia,16.9,2026-05-13T09:34:00.011Z
sensor.shellyplugsg3_8cbfeaa49324_potencia,17.0,2026-05-13T09:34:09.681Z
sensor.shellyplugsg3_8cbfeaa49324_potencia,16.1,2026-05-13T09:34:16.878Z
sensor.shellyplugsg3_8cbfeaa49324_potencia,17.6,2026-05-13T09:34:24.074Z
sensor.shellyplugsg3_8cbfeaa49324_potencia,18.1,2026-05-13T09:34:29.214Z
sensor.shellyplugsg3_8cbfeaa49324_potencia,16.8,2026-05-13T09:34:35.380Z
sensor.shellyplugsg3_8cbfeaa49324_potencia,14.2,2026-05-13T09:34:42.685Z
sensor.shellyplugsg3_8cbfeaa49324_potencia,18.3,2026-05-13T09:34:47.726Z
sensor.shellyplugsg3_8cbfeaa49324_potencia,17.9,2026-05-13T09:34:54.921Z
sensor.shellyplugsg3_8cbfeaa49324_potencia,17.2,2026-05-13T09:35:00.008Z
sensor.shellyplugsg3_8cbfeaa49324_potencia,18.3,2026-05-13T09:35:03.146Z
sensor.shellyplugsg3_8cbfeaa49324_potencia,17.8,2026-05-13T09:35:11.370Z
sensor.shellyplugsg3_8cbfeaa49324_potencia,17.4,2026-05-13T09:35:19.592Z
sensor.shellyplugsg3_8cbfeaa49324_potencia,13.7,2026-05-13T09:35:24.734Z
sensor.shellyplugsg3_8cbfeaa49324_potencia,17.7,2026-05-13T09:35:29.874Z
sensor.shellyplugsg3_8cbfeaa49324_potencia,16.8,2026-05-13T09:35:38.096Z
sensor.shellyplugsg3_8cbfeaa49324_potencia,17.3,2026-05-13T09:35:46.319Z
sensor.shellyplugsg3_8cbfeaa49324_potencia,12.4,2026-05-13T09:35:51.572Z
sensor.shellyplugsg3_8cbfeaa49324_potencia,18.7,2026-05-13T09:35:56.615Z
sensor.shellyplugsg3_8cbfeaa49324_potencia,16.7,2026-05-13T09:36:00.007Z
sensor.shellyplugsg3_8cbfeaa49324_potencia,17.8,2026-05-13T09:36:03.810Z
sensor.shellyplugsg3_8cbfeaa49324_potencia,18.4,2026-05-13T09:36:12.030Z
sensor.shellyplugsg3_8cbfeaa49324_potencia,13.8,2026-05-13T09:36:17.283Z
sensor.shellyplugsg3_8cbfeaa49324_potencia,18.1,2026-05-13T09:36:22.326Z
sensor.shellyplugsg3_8cbfeaa49324_potencia,17.1,2026-05-13T09:36:29.520Z
sensor.shellyplugsg3_8cbfeaa49324_potencia,16.8,2026-05-13T09:36:35.688Z
sensor.shellyplugsg3_8cbfeaa49324_potencia,16.5,2026-05-13T09:36:43.912Z
sensor.shellyplugsg3_8cbfeaa49324_potencia,17.6,2026-05-13T09:36:49.052Z
sensor.shellyplugsg3_8cbfeaa49324_potencia,16.5,2026-05-13T09:36:54.191Z
sensor.shellyplugsg3_8cbfeaa49324_potencia,17.1,2026-05-13T09:37:00.005Z
sensor.shellyplugsg3_8cbfeaa49324_potencia,12.5,2026-05-13T09:37:07.667Z
sensor.shellyplugsg3_8cbfeaa49324_potencia,10.8,2026-05-13T09:37:14.764Z
sensor.shellyplugsg3_8cbfeaa49324_potencia,10.7,2026-05-13T09:38:00.001Z
sensor.shellyplugsg3_8cbfeaa49324_potencia,13.8,2026-05-13T09:38:12.450Z
sensor.shellyplugsg3_8cbfeaa49324_potencia,18.0,2026-05-13T09:38:17.493Z
sensor.shellyplugsg3_8cbfeaa49324_potencia,13.8,2026-05-13T09:38:22.633Z
sensor.shellyplugsg3_8cbfeaa49324_potencia,18.6,2026-05-13T09:38:27.773Z
sensor.shellyplugsg3_8cbfeaa49324_potencia,17.0,2026-05-13T09:38:32.913Z
sensor.shellyplugsg3_8cbfeaa49324_potencia,12.8,2026-05-13T09:38:40.220Z
sensor.shellyplugsg3_8cbfeaa49324_potencia,16.6,2026-05-13T09:38:45.263Z
sensor.shellyplugsg3_8cbfeaa49324_potencia,16.5,2026-05-13T09:38:50.403Z
sensor.shellyplugsg3_8cbfeaa49324_potencia,17.9,2026-05-13T09:39:00.000Z
sensor.shellyplugsg3_8cbfeaa49324_potencia,16.9,2026-05-13T09:39:01.711Z
sensor.shellyplugsg3_8cbfeaa49324_potencia,17.0,2026-05-13T09:39:06.852Z
sensor.shellyplugsg3_8cbfeaa49324_potencia,14.8,2026-05-13T09:39:14.157Z
sensor.shellyplugsg3_8cbfeaa49324_potencia,17.9,2026-05-13T09:39:20.226Z
sensor.shellyplugsg3_8cbfeaa49324_potencia,18.2,2026-05-13T09:39:27.423Z
sensor.shellyplugsg3_8cbfeaa49324_potencia,17.0,2026-05-13T09:39:32.564Z
sensor.shellyplugsg3_8cbfeaa49324_potencia,12.8,2026-05-13T09:39:40.788Z
sensor.shellyplugsg3_8cbfeaa49324_potencia,17.7,2026-05-13T09:39:45.927Z
sensor.shellyplugsg3_8cbfeaa49324_potencia,16.7,2026-05-13T09:39:53.122Z
sensor.shellyplugsg3_8cbfeaa49324_potencia,15.3,2026-05-13T09:39:58.260Z
sensor.shellyplugsg3_8cbfeaa49324_potencia,16.9,2026-05-13T09:40:00.061Z
sensor.shellyplugsg3_8cbfeaa49324_potencia,17.3,2026-05-13T09:40:03.400Z
sensor.shellyplugsg3_8cbfeaa49324_potencia,17.0,2026-05-13T09:40:09.569Z
sensor.shellyplugsg3_8cbfeaa49324_potencia,13.6,2026-05-13T09:40:14.709Z
sensor.shellyplugsg3_8cbfeaa49324_potencia,17.3,2026-05-13T09:40:19.850Z
sensor.shellyplugsg3_8cbfeaa49324_potencia,17.6,2026-05-13T09:40:27.042Z
sensor.shellyplugsg3_8cbfeaa49324_potencia,15.1,2026-05-13T09:40:32.181Z
sensor.shellyplugsg3_8cbfeaa49324_potencia,18.2,2026-05-13T09:40:37.321Z
sensor.shellyplugsg3_8cbfeaa49324_potencia,17.2,2026-05-13T09:40:43.488Z
sensor.shellyplugsg3_8cbfeaa49324_potencia,17.9,2026-05-13T09:40:48.628Z
sensor.shellyplugsg3_8cbfeaa49324_potencia,17.1,2026-05-13T09:40:53.769Z
sensor.shellyplugsg3_8cbfeaa49324_potencia,16.6,2026-05-13T09:41:00.060Z
sensor.shellyplugsg3_8cbfeaa49324_potencia,16.4,2026-05-13T09:41:00.964Z
sensor.shellyplugsg3_8cbfeaa49324_potencia,16.9,2026-05-13T09:41:06.126Z
sensor.shellyplugsg3_8cbfeaa49324_potencia,17.3,2026-05-13T09:41:11.268Z
sensor.shellyplugsg3_8cbfeaa49324_potencia,17.0,2026-05-13T09:41:19.491Z
sensor.shellyplugsg3_8cbfeaa49324_potencia,17.1,2026-05-13T09:41:25.657Z
sensor.shellyplugsg3_8cbfeaa49324_potencia,18.4,2026-05-13T09:41:30.907Z
sensor.shellyplugsg3_8cbfeaa49324_potencia,17.6,2026-05-13T09:41:36.976Z
sensor.shellyplugsg3_8cbfeaa49324_potencia,16.9,2026-05-13T09:41:45.201Z
sensor.shellyplugsg3_8cbfeaa49324_potencia,12.3,2026-05-13T09:41:50.341Z
sensor.shellyplugsg3_8cbfeaa49324_potencia,17.3,2026-05-13T09:41:55.481Z
sensor.shellyplugsg3_8cbfeaa49324_potencia,16.3,2026-05-13T09:42:00.058Z
sensor.shellyplugsg3_8cbfeaa49324_potencia,17.0,2026-05-13T09:42:00.620Z
sensor.shellyplugsg3_8cbfeaa49324_potencia,16.0,2026-05-13T09:42:06.787Z
sensor.shellyplugsg3_8cbfeaa49324_potencia,17.3,2026-05-13T09:42:11.926Z
sensor.shellyplugsg3_8cbfeaa49324_potencia,18.6,2026-05-13T09:42:20.149Z
sensor.shellyplugsg3_8cbfeaa49324_potencia,16.8,2026-05-13T09:42:26.319Z
sensor.shellyplugsg3_8cbfeaa49324_potencia,16.7,2026-05-13T09:42:32.485Z
sensor.shellyplugsg3_8cbfeaa49324_potencia,17.8,2026-05-13T09:42:37.627Z
sensor.shellyplugsg3_8cbfeaa49324_potencia,14.3,2026-05-13T09:42:42.764Z
sensor.shellyplugsg3_8cbfeaa49324_potencia,16.7,2026-05-13T09:42:47.904Z
sensor.shellyplugsg3_8cbfeaa49324_potencia,17.1,2026-05-13T09:42:55.100Z
sensor.shellyplugsg3_8cbfeaa49324_potencia,14.2,2026-05-13T09:43:00.056Z
sensor.shellyplugsg3_8cbfeaa49324_potencia,16.5,2026-05-13T09:43:03.323Z
sensor.shellyplugsg3_8cbfeaa49324_potencia,17.4,2026-05-13T09:43:09.490Z
sensor.shellyplugsg3_8cbfeaa49324_potencia,14.8,2026-05-13T09:43:16.796Z
sensor.shellyplugsg3_8cbfeaa49324_potencia,16.8,2026-05-13T09:43:22.865Z
sensor.shellyplugsg3_8cbfeaa49324_potencia,17.6,2026-05-13T09:43:30.062Z
sensor.shellyplugsg3_8cbfeaa49324_potencia,16.6,2026-05-13T09:43:42.507Z
sensor.shellyplugsg3_8cbfeaa49324_potencia,17.3,2026-05-13T09:43:47.550Z
sensor.shellyplugsg3_8cbfeaa49324_potencia,16.2,2026-05-13T09:43:55.883Z
sensor.shellyplugsg3_8cbfeaa49324_potencia,15.4,2026-05-13T09:44:00.056Z
sensor.shellyplugsg3_8cbfeaa49324_potencia,12.5,2026-05-13T09:44:00.926Z
sensor.shellyplugsg3_8cbfeaa49324_potencia,10.0,2026-05-13T09:44:07.121Z
sensor.shellyplugsg3_8cbfeaa49324_potencia,11.1,2026-05-13T09:44:56.578Z
sensor.shellyplugsg3_8cbfeaa49324_potencia,10.1,2026-05-13T09:45:00.052Z
sensor.shellyplugsg3_8cbfeaa49324_potencia,9.9,2026-05-13T09:45:01.618Z
sensor.shellyplugsg3_8cbfeaa49324_potencia,15.5,2026-05-13T09:45:08.815Z
sensor.shellyplugsg3_8cbfeaa49324_potencia,17.5,2026-05-13T09:45:13.955Z
sensor.shellyplugsg3_8cbfeaa49324_potencia,15.9,2026-05-13T09:45:19.095Z
sensor.shellyplugsg3_8cbfeaa49324_potencia,14.2,2026-05-13T09:45:24.233Z
sensor.shellyplugsg3_8cbfeaa49324_potencia,17.6,2026-05-13T09:45:29.375Z
sensor.shellyplugsg3_8cbfeaa49324_potencia,16.9,2026-05-13T09:45:37.599Z
sensor.shellyplugsg3_8cbfeaa49324_potencia,17.9,2026-05-13T09:45:48.904Z
sensor.shellyplugsg3_8cbfeaa49324_potencia,17.0,2026-05-13T09:45:55.072Z
sensor.shellyplugsg3_8cbfeaa49324_potencia,13.0,2026-05-13T09:46:00.050Z
sensor.shellyplugsg3_8cbfeaa49324_potencia,17.2,2026-05-13T09:46:05.367Z
sensor.shellyplugsg3_8cbfeaa49324_potencia,16.8,2026-05-13T09:46:12.561Z
sensor.shellyplugsg3_8cbfeaa49324_potencia,17.7,2026-05-13T09:46:20.785Z
sensor.shellyplugsg3_8cbfeaa49324_potencia,14.0,2026-05-13T09:46:27.065Z
sensor.shellyplugsg3_8cbfeaa49324_potencia,17.1,2026-05-13T09:46:32.108Z
sensor.shellyplugsg3_8cbfeaa49324_potencia,16.7,2026-05-13T09:46:38.277Z
sensor.shellyplugsg3_8cbfeaa49324_potencia,16.4,2026-05-13T09:46:45.473Z
sensor.shellyplugsg3_8cbfeaa49324_potencia,12.9,2026-05-13T09:46:53.699Z
sensor.shellyplugsg3_8cbfeaa49324_potencia,17.6,2026-05-13T09:46:58.837Z
sensor.shellyplugsg3_8cbfeaa49324_potencia,18.4,2026-05-13T09:47:00.048Z
sensor.shellyplugsg3_8cbfeaa49324_potencia,16.8,2026-05-13T09:47:06.030Z
sensor.shellyplugsg3_8cbfeaa49324_potencia,13.3,2026-05-13T09:47:11.172Z
sensor.shellyplugsg3_8cbfeaa49324_potencia,18.1,2026-05-13T09:47:16.311Z
sensor.shellyplugsg3_8cbfeaa49324_potencia,16.8,2026-05-13T09:47:32.758Z
sensor.shellyplugsg3_8cbfeaa49324_potencia,17.0,2026-05-13T09:47:39.954Z
sensor.shellyplugsg3_8cbfeaa49324_potencia,18.1,2026-05-13T09:47:45.204Z
sensor.shellyplugsg3_8cbfeaa49324_potencia,17.0,2026-05-13T09:47:50.242Z
sensor.shellyplugsg3_8cbfeaa49324_potencia,14.4,2026-05-13T09:47:55.382Z
sensor.shellyplugsg3_8cbfeaa49324_potencia,18.0,2026-05-13T09:48:00.047Z
sensor.shellyplugsg3_8cbfeaa49324_potencia,17.5,2026-05-13T09:48:00.521Z
sensor.shellyplugsg3_8cbfeaa49324_potencia,16.9,2026-05-13T09:48:05.663Z
sensor.shellyplugsg3_8cbfeaa49324_potencia,16.4,2026-05-13T09:48:12.857Z
sensor.shellyplugsg3_8cbfeaa49324_potencia,16.0,2026-05-13T09:48:21.079Z
sensor.shellyplugsg3_8cbfeaa49324_potencia,17.5,2026-05-13T09:48:26.218Z
sensor.shellyplugsg3_8cbfeaa49324_potencia,16.9,2026-05-13T09:48:34.441Z
sensor.shellyplugsg3_8cbfeaa49324_potencia,13.3,2026-05-13T09:48:39.583Z
sensor.shellyplugsg3_8cbfeaa49324_potencia,17.5,2026-05-13T09:48:44.722Z
sensor.shellyplugsg3_8cbfeaa49324_potencia,18.5,2026-05-13T09:48:51.916Z
sensor.shellyplugsg3_8cbfeaa49324_potencia,14.1,2026-05-13T09:48:57.168Z
sensor.shellyplugsg3_8cbfeaa49324_potencia,16.9,2026-05-13T09:49:00.044Z
sensor.shellyplugsg3_8cbfeaa49324_potencia,18.3,2026-05-13T09:49:02.212Z
sensor.shellyplugsg3_8cbfeaa49324_potencia,17.0,2026-05-13T09:49:08.379Z
sensor.shellyplugsg3_8cbfeaa49324_potencia,16.7,2026-05-13T09:49:15.574Z
sensor.shellyplugsg3_8cbfeaa49324_potencia,17.0,2026-05-13T09:49:22.769Z
sensor.shellyplugsg3_8cbfeaa49324_potencia,17.9,2026-05-13T09:49:27.912Z
sensor.shellyplugsg3_8cbfeaa49324_potencia,16.4,2026-05-13T09:49:33.159Z
sensor.shellyplugsg3_8cbfeaa49324_potencia,17.7,2026-05-13T09:49:38.311Z
sensor.shellyplugsg3_8cbfeaa49324_potencia,17.9,2026-05-13T09:49:45.410Z
sensor.shellyplugsg3_8cbfeaa49324_potencia,15.3,2026-05-13T09:49:50.659Z
sensor.shellyplugsg3_8cbfeaa49324_potencia,17.3,2026-05-13T09:49:55.700Z
sensor.shellyplugsg3_8cbfeaa49324_potencia,17.0,2026-05-13T09:50:00.042Z
sensor.shellyplugsg3_8cbfeaa49324_potencia,18.6,2026-05-13T09:50:07.120Z
sensor.shellyplugsg3_8cbfeaa49324_potencia,17.0,2026-05-13T09:50:12.160Z
sensor.shellyplugsg3_8cbfeaa49324_potencia,13.8,2026-05-13T09:50:17.414Z
sensor.shellyplugsg3_8cbfeaa49324_potencia,17.9,2026-05-13T09:50:22.457Z
sensor.shellyplugsg3_8cbfeaa49324_potencia,16.8,2026-05-13T09:50:27.705Z
sensor.shellyplugsg3_8cbfeaa49324_potencia,13.1,2026-05-13T09:50:34.804Z
sensor.shellyplugsg3_8cbfeaa49324_potencia,16.8,2026-05-13T09:50:39.943Z
sensor.shellyplugsg3_8cbfeaa49324_potencia,16.7,2026-05-13T09:50:48.165Z
sensor.shellyplugsg3_8cbfeaa49324_potencia,12.9,2026-05-13T09:50:53.418Z
sensor.shellyplugsg3_8cbfeaa49324_potencia,17.1,2026-05-13T09:50:58.460Z
sensor.shellyplugsg3_8cbfeaa49324_potencia,17.5,2026-05-13T09:51:00.040Z
sensor.shellyplugsg3_8cbfeaa49324_potencia,10.8,2026-05-13T09:51:06.732Z
sensor.shellyplugsg3_8cbfeaa49324_potencia,10.1,2026-05-13T09:52:00.037Z
sensor.shellyplugsg3_8cbfeaa49324_potencia,13.9,2026-05-13T09:52:07.447Z
sensor.shellyplugsg3_8cbfeaa49324_potencia,16.1,2026-05-13T09:52:12.488Z
sensor.shellyplugsg3_8cbfeaa49324_potencia,17.6,2026-05-13T09:52:17.630Z
sensor.shellyplugsg3_8cbfeaa49324_potencia,18.2,2026-05-13T09:52:22.768Z
sensor.shellyplugsg3_8cbfeaa49324_potencia,16.8,2026-05-13T09:52:27.909Z
sensor.shellyplugsg3_8cbfeaa49324_potencia,16.9,2026-05-13T09:52:36.131Z
sensor.shellyplugsg3_8cbfeaa49324_potencia,17.9,2026-05-13T09:52:41.382Z
sensor.shellyplugsg3_8cbfeaa49324_potencia,17.6,2026-05-13T09:52:48.480Z
sensor.shellyplugsg3_8cbfeaa49324_potencia,17.0,2026-05-13T09:52:56.708Z
sensor.shellyplugsg3_8cbfeaa49324_potencia,18.0,2026-05-13T09:53:00.035Z
sensor.shellyplugsg3_8cbfeaa49324_potencia,16.6,2026-05-13T09:53:04.932Z
sensor.shellyplugsg3_8cbfeaa49324_potencia,12.6,2026-05-13T09:53:11.098Z
sensor.shellyplugsg3_8cbfeaa49324_potencia,17.2,2026-05-13T09:53:16.238Z
sensor.shellyplugsg3_8cbfeaa49324_potencia,16.6,2026-05-13T09:53:21.379Z
sensor.shellyplugsg3_8cbfeaa49324_potencia,16.9,2026-05-13T09:53:29.602Z
sensor.shellyplugsg3_8cbfeaa49324_potencia,17.9,2026-05-13T09:53:34.853Z
sensor.shellyplugsg3_8cbfeaa49324_potencia,18.5,2026-05-13T09:53:41.948Z
sensor.shellyplugsg3_8cbfeaa49324_potencia,15.7,2026-05-13T09:53:47.199Z
sensor.shellyplugsg3_8cbfeaa49324_potencia,18.3,2026-05-13T09:53:52.241Z
sensor.shellyplugsg3_8cbfeaa49324_potencia,16.8,2026-05-13T09:53:59.438Z
sensor.shellyplugsg3_8cbfeaa49324_potencia,17.1,2026-05-13T09:54:00.033Z
sensor.shellyplugsg3_8cbfeaa49324_potencia,16.2,2026-05-13T09:54:05.604Z
sensor.shellyplugsg3_8cbfeaa49324_potencia,17.3,2026-05-13T09:54:10.744Z
sensor.shellyplugsg3_8cbfeaa49324_potencia,17.8,2026-05-13T09:54:17.940Z
sensor.shellyplugsg3_8cbfeaa49324_potencia,17.4,2026-05-13T09:54:26.162Z
sensor.shellyplugsg3_8cbfeaa49324_potencia,14.9,2026-05-13T09:54:31.355Z
sensor.shellyplugsg3_8cbfeaa49324_potencia,16.8,2026-05-13T09:54:36.446Z
sensor.shellyplugsg3_8cbfeaa49324_potencia,16.7,2026-05-13T09:54:43.640Z
sensor.shellyplugsg3_8cbfeaa49324_potencia,14.1,2026-05-13T09:54:49.808Z
sensor.shellyplugsg3_8cbfeaa49324_potencia,17.4,2026-05-13T09:54:54.947Z
sensor.shellyplugsg3_8cbfeaa49324_potencia,17.2,2026-05-13T09:55:00.031Z
sensor.shellyplugsg3_8cbfeaa49324_potencia,18.3,2026-05-13T09:55:06.254Z
sensor.shellyplugsg3_8cbfeaa49324_potencia,17.1,2026-05-13T09:55:11.391Z
sensor.shellyplugsg3_8cbfeaa49324_potencia,17.3,2026-05-13T09:55:16.531Z
sensor.shellyplugsg3_8cbfeaa49324_potencia,12.9,2026-05-13T09:55:25.895Z
sensor.shellyplugsg3_8cbfeaa49324_potencia,16.6,2026-05-13T09:55:30.939Z
sensor.shellyplugsg3_8cbfeaa49324_potencia,16.8,2026-05-13T09:55:36.078Z
sensor.shellyplugsg3_8cbfeaa49324_potencia,18.7,2026-05-13T09:55:42.244Z
sensor.shellyplugsg3_8cbfeaa49324_potencia,17.5,2026-05-13T09:55:47.383Z
sensor.shellyplugsg3_8cbfeaa49324_potencia,16.1,2026-05-13T09:55:52.523Z
sensor.shellyplugsg3_8cbfeaa49324_potencia,14.5,2026-05-13T09:56:00.029Z
sensor.shellyplugsg3_8cbfeaa49324_potencia,17.5,2026-05-13T09:56:06.913Z
sensor.shellyplugsg3_8cbfeaa49324_potencia,16.8,2026-05-13T09:56:12.053Z
sensor.shellyplugsg3_8cbfeaa49324_potencia,13.5,2026-05-13T09:56:19.251Z
sensor.shellyplugsg3_8cbfeaa49324_potencia,17.8,2026-05-13T09:56:24.390Z
sensor.shellyplugsg3_8cbfeaa49324_potencia,13.5,2026-05-13T09:56:36.836Z
sensor.shellyplugsg3_8cbfeaa49324_potencia,16.6,2026-05-13T09:56:41.879Z
sensor.shellyplugsg3_8cbfeaa49324_potencia,16.8,2026-05-13T09:56:49.073Z
sensor.shellyplugsg3_8cbfeaa49324_potencia,16.7,2026-05-13T09:56:56.267Z
sensor.shellyplugsg3_8cbfeaa49324_potencia,18.1,2026-05-13T09:57:00.028Z
sensor.shellyplugsg3_8cbfeaa49324_potencia,18.0,2026-05-13T09:57:07.574Z
sensor.shellyplugsg3_8cbfeaa49324_potencia,16.3,2026-05-13T09:57:12.716Z
sensor.shellyplugsg3_8cbfeaa49324_potencia,16.8,2026-05-13T09:57:17.857Z
sensor.shellyplugsg3_8cbfeaa49324_potencia,15.4,2026-05-13T09:57:23.106Z
sensor.shellyplugsg3_8cbfeaa49324_potencia,18.2,2026-05-13T09:57:28.148Z
sensor.shellyplugsg3_8cbfeaa49324_potencia,16.6,2026-05-13T09:57:34.316Z
sensor.shellyplugsg3_8cbfeaa49324_potencia,17.3,2026-05-13T09:57:41.511Z
sensor.shellyplugsg3_8cbfeaa49324_potencia,18.7,2026-05-13T09:57:46.760Z
sensor.shellyplugsg3_8cbfeaa49324_potencia,16.6,2026-05-13T09:57:51.803Z
sensor.shellyplugsg3_8cbfeaa49324_potencia,16.9,2026-05-13T09:58:00.029Z
sensor.shellyplugsg3_8cbfeaa49324_potencia,17.2,2026-05-13T09:58:07.221Z
sensor.shellyplugsg3_8cbfeaa49324_potencia,10.9,2026-05-13T09:58:12.363Z
sensor.shellyplugsg3_8cbfeaa49324_potencia,9.8,2026-05-13T09:58:35.083Z
sensor.shellyplugsg3_8cbfeaa49324_potencia,10.9,2026-05-13T09:58:43.319Z
sensor.shellyplugsg3_8cbfeaa49324_potencia,9.9,2026-05-13T09:58:50.526Z
sensor.shellyplugsg3_8cbfeaa49324_potencia,10.9,2026-05-13T09:58:58.761Z
sensor.shellyplugsg3_8cbfeaa49324_potencia,10.1,2026-05-13T09:59:00.023Z
sensor.shellyplugsg3_8cbfeaa49324_potencia,15.4,2026-05-13T09:59:13.165Z
sensor.shellyplugsg3_8cbfeaa49324_potencia,16.9,2026-05-13T09:59:21.290Z
sensor.shellyplugsg3_8cbfeaa49324_potencia,16.8,2026-05-13T09:59:26.429Z
sensor.shellyplugsg3_8cbfeaa49324_potencia,12.7,2026-05-13T09:59:31.679Z
sensor.shellyplugsg3_8cbfeaa49324_potencia,17.7,2026-05-13T09:59:36.720Z
sensor.shellyplugsg3_8cbfeaa49324_potencia,16.0,2026-05-13T09:59:41.860Z
sensor.shellyplugsg3_8cbfeaa49324_potencia,17.1,2026-05-13T09:59:50.083Z
sensor.shellyplugsg3_8cbfeaa49324_potencia,17.8,2026-05-13T09:59:55.222Z
sensor.shellyplugsg3_8cbfeaa49324_potencia,15.6,2026-05-13T10:00:00.021Z
sensor.shellyplugsg3_8cbfeaa49324_potencia,18.2,2026-05-13T10:00:05.514Z
sensor.shellyplugsg3_8cbfeaa49324_potencia,17.9,2026-05-13T10:00:12.709Z
sensor.shellyplugsg3_8cbfeaa49324_potencia,12.3,2026-05-13T10:00:17.962Z
sensor.shellyplugsg3_8cbfeaa49324_potencia,17.5,2026-05-13T10:00:23.005Z
sensor.shellyplugsg3_8cbfeaa49324_potencia,17.2,2026-05-13T10:00:29.171Z
sensor.shellyplugsg3_8cbfeaa49324_potencia,18.5,2026-05-13T10:00:34.421Z
sensor.shellyplugsg3_8cbfeaa49324_potencia,18.3,2026-05-13T10:00:39.465Z
sensor.shellyplugsg3_8cbfeaa49324_potencia,13.8,2026-05-13T10:00:45.742Z
sensor.shellyplugsg3_8cbfeaa49324_potencia,18.0,2026-05-13T10:00:50.783Z
sensor.shellyplugsg3_8cbfeaa49324_potencia,16.9,2026-05-13T10:00:57.978Z
sensor.shellyplugsg3_8cbfeaa49324_potencia,17.8,2026-05-13T10:01:00.019Z
sensor.shellyplugsg3_8cbfeaa49324_potencia,17.3,2026-05-13T10:01:05.173Z
sensor.shellyplugsg3_8cbfeaa49324_potencia,16.2,2026-05-13T10:01:12.480Z
sensor.shellyplugsg3_8cbfeaa49324_potencia,18.0,2026-05-13T10:01:17.523Z
sensor.shellyplugsg3_8cbfeaa49324_potencia,16.7,2026-05-13T10:01:22.773Z
sensor.shellyplugsg3_8cbfeaa49324_potencia,14.8,2026-05-13T10:01:30.897Z
sensor.shellyplugsg3_8cbfeaa49324_potencia,18.0,2026-05-13T10:01:37.065Z
sensor.shellyplugsg3_8cbfeaa49324_potencia,17.0,2026-05-13T10:01:44.262Z
sensor.shellyplugsg3_8cbfeaa49324_potencia,15.9,2026-05-13T10:01:50.428Z
sensor.shellyplugsg3_8cbfeaa49324_potencia,17.7,2026-05-13T10:01:55.568Z
sensor.shellyplugsg3_8cbfeaa49324_potencia,16.7,2026-05-13T10:02:00.017Z
sensor.shellyplugsg3_8cbfeaa49324_potencia,16.9,2026-05-13T10:02:00.707Z
sensor.shellyplugsg3_8cbfeaa49324_potencia,16.4,2026-05-13T10:02:08.932Z
sensor.shellyplugsg3_8cbfeaa49324_potencia,18.0,2026-05-13T10:02:14.072Z
sensor.shellyplugsg3_8cbfeaa49324_potencia,17.1,2026-05-13T10:02:20.238Z
sensor.shellyplugsg3_8cbfeaa49324_potencia,16.6,2026-05-13T10:02:25.377Z
sensor.shellyplugsg3_8cbfeaa49324_potencia,17.7,2026-05-13T10:02:32.573Z
sensor.shellyplugsg3_8cbfeaa49324_potencia,17.3,2026-05-13T10:02:38.741Z
sensor.shellyplugsg3_8cbfeaa49324_potencia,16.0,2026-05-13T10:02:43.989Z
sensor.shellyplugsg3_8cbfeaa49324_potencia,18.6,2026-05-13T10:02:50.058Z
sensor.shellyplugsg3_8cbfeaa49324_potencia,18.4,2026-05-13T10:03:00.015Z
sensor.shellyplugsg3_8cbfeaa49324_potencia,18.0,2026-05-13T10:03:01.366Z
sensor.shellyplugsg3_8cbfeaa49324_potencia,18.5,2026-05-13T10:03:06.506Z
sensor.shellyplugsg3_8cbfeaa49324_potencia,13.6,2026-05-13T10:03:11.648Z
sensor.shellyplugsg3_8cbfeaa49324_potencia,18.2,2026-05-13T10:03:16.787Z
sensor.shellyplugsg3_8cbfeaa49324_potencia,16.3,2026-05-13T10:03:25.008Z
sensor.shellyplugsg3_8cbfeaa49324_potencia,15.6,2026-05-13T10:03:30.147Z
sensor.shellyplugsg3_8cbfeaa49324_potencia,17.5,2026-05-13T10:03:35.289Z
sensor.shellyplugsg3_8cbfeaa49324_potencia,17.1,2026-05-13T10:03:40.427Z
sensor.shellyplugsg3_8cbfeaa49324_potencia,18.2,2026-05-13T10:03:46.705Z
sensor.shellyplugsg3_8cbfeaa49324_potencia,16.8,2026-05-13T10:03:51.748Z
sensor.shellyplugsg3_8cbfeaa49324_potencia,16.9,2026-05-13T10:03:58.942Z
sensor.shellyplugsg3_8cbfeaa49324_potencia,17.9,2026-05-13T10:04:05.108Z
sensor.shellyplugsg3_8cbfeaa49324_potencia,16.8,2026-05-13T10:04:10.247Z
sensor.shellyplugsg3_8cbfeaa49324_potencia,13.4,2026-05-13T10:04:15.388Z
sensor.shellyplugsg3_8cbfeaa49324_potencia,16.8,2026-05-13T10:04:20.528Z
sensor.shellyplugsg3_8cbfeaa49324_potencia,16.9,2026-05-13T10:04:25.666Z
sensor.shellyplugsg3_8cbfeaa49324_potencia,18.0,2026-05-13T10:04:31.833Z
sensor.shellyplugsg3_8cbfeaa49324_potencia,17.2,2026-05-13T10:04:38.003Z
sensor.shellyplugsg3_8cbfeaa49324_potencia,16.9,2026-05-13T10:04:46.223Z
sensor.shellyplugsg3_8cbfeaa49324_potencia,15.7,2026-05-13T10:04:51.364Z
sensor.shellyplugsg3_8cbfeaa49324_potencia,17.8,2026-05-13T10:04:56.506Z
sensor.shellyplugsg3_8cbfeaa49324_potencia,12.8,2026-05-13T10:05:00.010Z
sensor.shellyplugsg3_8cbfeaa49324_potencia,17.2,2026-05-13T10:05:04.730Z
sensor.shellyplugsg3_8cbfeaa49324_potencia,13.9,2026-05-13T10:05:09.980Z
sensor.shellyplugsg3_8cbfeaa49324_potencia,17.2,2026-05-13T10:05:16.051Z
sensor.shellyplugsg3_8cbfeaa49324_potencia,12.7,2026-05-13T10:05:21.190Z
sensor.shellyplugsg3_8cbfeaa49324_potencia,11.0,2026-05-13T10:05:27.358Z
sensor.shellyplugsg3_8cbfeaa49324_potencia,10.0,2026-05-13T10:05:44.940Z
sensor.shellyplugsg3_8cbfeaa49324_potencia,9.9,2026-05-13T10:06:00.008Z
sensor.shellyplugsg3_8cbfeaa49324_potencia,14.1,2026-05-13T10:06:24.010Z
sensor.shellyplugsg3_8cbfeaa49324_potencia,16.3,2026-05-13T10:06:29.052Z
sensor.shellyplugsg3_8cbfeaa49324_potencia,17.1,2026-05-13T10:06:35.221Z
sensor.shellyplugsg3_8cbfeaa49324_potencia,18.6,2026-05-13T10:06:41.498Z
sensor.shellyplugsg3_8cbfeaa49324_potencia,18.2,2026-05-13T10:06:46.540Z
sensor.shellyplugsg3_8cbfeaa49324_potencia,18.0,2026-05-13T10:06:51.679Z
sensor.shellyplugsg3_8cbfeaa49324_potencia,16.7,2026-05-13T10:06:56.821Z
sensor.shellyplugsg3_8cbfeaa49324_potencia,17.9,2026-05-13T10:07:00.006Z
sensor.shellyplugsg3_8cbfeaa49324_potencia,18.2,2026-05-13T10:07:08.129Z
sensor.shellyplugsg3_8cbfeaa49324_potencia,16.9,2026-05-13T10:07:15.323Z
sensor.shellyplugsg3_8cbfeaa49324_potencia,16.4,2026-05-13T10:07:22.521Z
sensor.shellyplugsg3_8cbfeaa49324_potencia,17.5,2026-05-13T10:07:28.686Z
sensor.shellyplugsg3_8cbfeaa49324_potencia,17.4,2026-05-13T10:07:33.826Z
sensor.shellyplugsg3_8cbfeaa49324_potencia,13.7,2026-05-13T10:07:39.077Z
sensor.shellyplugsg3_8cbfeaa49324_potencia,16.9,2026-05-13T10:07:44.118Z
sensor.shellyplugsg3_8cbfeaa49324_potencia,17.0,2026-05-13T10:07:50.286Z
sensor.shellyplugsg3_8cbfeaa49324_potencia,18.1,2026-05-13T10:07:55.536Z
sensor.shellyplugsg3_8cbfeaa49324_potencia,17.4,2026-05-13T10:08:00.004Z
sensor.shellyplugsg3_8cbfeaa49324_potencia,18.3,2026-05-13T10:08:01.606Z
sensor.shellyplugsg3_8cbfeaa49324_potencia,17.1,2026-05-13T10:08:06.745Z
sensor.shellyplugsg3_8cbfeaa49324_potencia,18.3,2026-05-13T10:08:11.886Z
sensor.shellyplugsg3_8cbfeaa49324_potencia,16.7,2026-05-13T10:08:18.051Z
sensor.shellyplugsg3_8cbfeaa49324_potencia,14.7,2026-05-13T10:08:26.385Z
sensor.shellyplugsg3_8cbfeaa49324_potencia,17.0,2026-05-13T10:08:31.426Z
sensor.shellyplugsg3_8cbfeaa49324_potencia,16.5,2026-05-13T10:08:36.568Z
sensor.shellyplugsg3_8cbfeaa49324_potencia,15.4,2026-05-13T10:08:44.790Z
sensor.shellyplugsg3_8cbfeaa49324_potencia,18.0,2026-05-13T10:08:50.957Z
sensor.shellyplugsg3_8cbfeaa49324_potencia,16.9,2026-05-13T10:08:57.126Z
sensor.shellyplugsg3_8cbfeaa49324_potencia,18.2,2026-05-13T10:09:00.003Z
sensor.shellyplugsg3_8cbfeaa49324_potencia,17.1,2026-05-13T10:09:04.320Z
sensor.shellyplugsg3_8cbfeaa49324_potencia,18.1,2026-05-13T10:09:11.515Z
sensor.shellyplugsg3_8cbfeaa49324_potencia,17.8,2026-05-13T10:09:16.655Z
sensor.shellyplugsg3_8cbfeaa49324_potencia,16.2,2026-05-13T10:09:31.157Z
sensor.shellyplugsg3_8cbfeaa49324_potencia,17.8,2026-05-13T10:09:36.200Z
sensor.shellyplugsg3_8cbfeaa49324_potencia,16.5,2026-05-13T10:09:44.421Z
sensor.shellyplugsg3_8cbfeaa49324_potencia,13.0,2026-05-13T10:09:50.590Z
sensor.shellyplugsg3_8cbfeaa49324_potencia,17.8,2026-05-13T10:09:55.730Z
sensor.shellyplugsg3_8cbfeaa49324_potencia,13.8,2026-05-13T10:10:00.001Z
sensor.shellyplugsg3_8cbfeaa49324_potencia,17.6,2026-05-13T10:10:03.953Z
sensor.shellyplugsg3_8cbfeaa49324_potencia,16.3,2026-05-13T10:10:09.232Z
sensor.shellyplugsg3_8cbfeaa49324_potencia,17.7,2026-05-13T10:10:16.328Z
sensor.shellyplugsg3_8cbfeaa49324_potencia,17.5,2026-05-13T10:10:21.468Z
sensor.shellyplugsg3_8cbfeaa49324_potencia,15.8,2026-05-13T10:10:26.718Z
sensor.shellyplugsg3_8cbfeaa49324_potencia,18.2,2026-05-13T10:10:32.787Z
sensor.shellyplugsg3_8cbfeaa49324_potencia,18.1,2026-05-13T10:10:41.010Z
sensor.shellyplugsg3_8cbfeaa49324_potencia,17.9,2026-05-13T10:10:49.237Z
sensor.shellyplugsg3_8cbfeaa49324_potencia,14.5,2026-05-13T10:10:55.513Z
sensor.shellyplugsg3_8cbfeaa49324_potencia,18.0,2026-05-13T10:10:59.997Z
sensor.shellyplugsg3_8cbfeaa49324_potencia,17.3,2026-05-13T10:11:00.555Z
sensor.shellyplugsg3_8cbfeaa49324_potencia,17.6,2026-05-13T10:11:08.778Z
sensor.shellyplugsg3_8cbfeaa49324_potencia,16.7,2026-05-13T10:11:15.973Z
sensor.shellyplugsg3_8cbfeaa49324_potencia,18.1,2026-05-13T10:11:21.112Z
sensor.shellyplugsg3_8cbfeaa49324_potencia,18.3,2026-05-13T10:11:27.279Z
sensor.shellyplugsg3_8cbfeaa49324_potencia,16.3,2026-05-13T10:11:33.449Z
sensor.shellyplugsg3_8cbfeaa49324_potencia,12.9,2026-05-13T10:11:41.671Z
sensor.shellyplugsg3_8cbfeaa49324_potencia,18.1,2026-05-13T10:11:46.810Z
sensor.shellyplugsg3_8cbfeaa49324_potencia,16.3,2026-05-13T10:11:55.035Z
sensor.shellyplugsg3_8cbfeaa49324_potencia,14.4,2026-05-13T10:11:59.995Z
sensor.shellyplugsg3_8cbfeaa49324_potencia,17.3,2026-05-13T10:12:05.315Z
sensor.shellyplugsg3_8cbfeaa49324_potencia,15.7,2026-05-13T10:12:13.649Z
sensor.shellyplugsg3_8cbfeaa49324_potencia,17.2,2026-05-13T10:12:24.858Z
sensor.shellyplugsg3_8cbfeaa49324_potencia,18.0,2026-05-13T10:12:33.080Z
sensor.shellyplugsg3_8cbfeaa49324_potencia,12.5,2026-05-13T10:12:38.333Z
sensor.shellyplugsg3_8cbfeaa49324_potencia,10.8,2026-05-13T10:12:45.430Z
sensor.shellyplugsg3_8cbfeaa49324_potencia,10.0,2026-05-13T10:13:00.063Z
sensor.shellyplugsg3_8cbfeaa49324_potencia,12.7,2026-05-13T10:13:42.068Z
sensor.shellyplugsg3_8cbfeaa49324_potencia,17.2,2026-05-13T10:13:47.111Z
sensor.shellyplugsg3_8cbfeaa49324_potencia,13.1,2026-05-13T10:13:52.361Z
sensor.shellyplugsg3_8cbfeaa49324_potencia,17.5,2026-05-13T10:13:57.402Z
sensor.shellyplugsg3_8cbfeaa49324_potencia,17.2,2026-05-13T10:14:00.061Z
sensor.shellyplugsg3_8cbfeaa49324_potencia,16.9,2026-05-13T10:14:05.626Z
sensor.shellyplugsg3_8cbfeaa49324_potencia,14.3,2026-05-13T10:14:11.792Z
sensor.shellyplugsg3_8cbfeaa49324_potencia,17.2,2026-05-13T10:14:16.931Z
sensor.shellyplugsg3_8cbfeaa49324_potencia,15.3,2026-05-13T10:14:22.071Z
sensor.shellyplugsg3_8cbfeaa49324_potencia,17.1,2026-05-13T10:14:27.210Z
sensor.shellyplugsg3_8cbfeaa49324_potencia,16.5,2026-05-13T10:14:32.351Z
sensor.shellyplugsg3_8cbfeaa49324_potencia,18.7,2026-05-13T10:14:37.490Z
sensor.shellyplugsg3_8cbfeaa49324_potencia,16.5,2026-05-13T10:14:43.659Z
sensor.shellyplugsg3_8cbfeaa49324_potencia,17.8,2026-05-13T10:14:48.797Z
sensor.shellyplugsg3_8cbfeaa49324_potencia,17.3,2026-05-13T10:14:53.938Z
sensor.shellyplugsg3_8cbfeaa49324_potencia,16.9,2026-05-13T10:15:00.059Z
sensor.shellyplugsg3_8cbfeaa49324_potencia,18.4,2026-05-13T10:15:07.299Z
sensor.shellyplugsg3_8cbfeaa49324_potencia,17.5,2026-05-13T10:15:12.440Z
sensor.shellyplugsg3_8cbfeaa49324_potencia,13.6,2026-05-13T10:15:17.581Z
sensor.shellyplugsg3_8cbfeaa49324_potencia,17.8,2026-05-13T10:15:22.721Z
sensor.shellyplugsg3_8cbfeaa49324_potencia,17.7,2026-05-13T10:15:30.941Z
sensor.shellyplugsg3_8cbfeaa49324_potencia,14.1,2026-05-13T10:15:36.194Z
sensor.shellyplugsg3_8cbfeaa49324_potencia,18.2,2026-05-13T10:15:41.237Z
sensor.shellyplugsg3_8cbfeaa49324_potencia,16.9,2026-05-13T10:15:46.486Z
sensor.shellyplugsg3_8cbfeaa49324_potencia,18.4,2026-05-13T10:15:53.583Z
sensor.shellyplugsg3_8cbfeaa49324_potencia,16.9,2026-05-13T10:15:58.723Z
sensor.shellyplugsg3_8cbfeaa49324_potencia,18.3,2026-05-13T10:16:00.057Z
sensor.shellyplugsg3_8cbfeaa49324_potencia,14.2,2026-05-13T10:16:03.864Z
sensor.shellyplugsg3_8cbfeaa49324_potencia,17.3,2026-05-13T10:16:09.004Z
sensor.shellyplugsg3_8cbfeaa49324_potencia,16.7,2026-05-13T10:16:16.197Z
sensor.shellyplugsg3_8cbfeaa49324_potencia,18.5,2026-05-13T10:16:21.337Z
sensor.shellyplugsg3_8cbfeaa49324_potencia,17.9,2026-05-13T10:16:26.479Z
sensor.shellyplugsg3_8cbfeaa49324_potencia,14.2,2026-05-13T10:16:32.645Z
sensor.shellyplugsg3_8cbfeaa49324_potencia,18.1,2026-05-13T10:16:37.785Z
sensor.shellyplugsg3_8cbfeaa49324_potencia,16.7,2026-05-13T10:16:43.952Z
sensor.shellyplugsg3_8cbfeaa49324_potencia,13.7,2026-05-13T10:16:51.149Z
sensor.shellyplugsg3_8cbfeaa49324_potencia,18.3,2026-05-13T10:16:56.289Z
sensor.shellyplugsg3_8cbfeaa49324_potencia,17.8,2026-05-13T10:17:00.055Z
sensor.shellyplugsg3_8cbfeaa49324_potencia,16.7,2026-05-13T10:17:01.538Z
sensor.shellyplugsg3_8cbfeaa49324_potencia,16.0,2026-05-13T10:17:09.663Z
sensor.shellyplugsg3_8cbfeaa49324_potencia,17.2,2026-05-13T10:17:14.806Z
sensor.shellyplugsg3_8cbfeaa49324_potencia,15.2,2026-05-13T10:17:19.946Z
sensor.shellyplugsg3_8cbfeaa49324_potencia,17.5,2026-05-13T10:17:25.086Z
sensor.shellyplugsg3_8cbfeaa49324_potencia,17.2,2026-05-13T10:17:33.309Z
sensor.shellyplugsg3_8cbfeaa49324_potencia,15.7,2026-05-13T10:17:38.558Z
sensor.shellyplugsg3_8cbfeaa49324_potencia,17.5,2026-05-13T10:17:43.601Z
sensor.shellyplugsg3_8cbfeaa49324_potencia,17.2,2026-05-13T10:17:50.796Z
sensor.shellyplugsg3_8cbfeaa49324_potencia,17.4,2026-05-13T10:18:00.053Z
sensor.shellyplugsg3_8cbfeaa49324_potencia,16.9,2026-05-13T10:18:08.270Z
sensor.shellyplugsg3_8cbfeaa49324_potencia,18.0,2026-05-13T10:18:15.463Z
sensor.shellyplugsg3_8cbfeaa49324_potencia,18.1,2026-05-13T10:18:20.605Z
sensor.shellyplugsg3_8cbfeaa49324_potencia,14.4,2026-05-13T10:18:25.854Z
sensor.shellyplugsg3_8cbfeaa49324_potencia,17.6,2026-05-13T10:18:30.895Z
sensor.shellyplugsg3_8cbfeaa49324_potencia,16.8,2026-05-13T10:18:39.119Z
sensor.shellyplugsg3_8cbfeaa49324_potencia,12.6,2026-05-13T10:18:45.398Z
sensor.shellyplugsg3_8cbfeaa49324_potencia,16.7,2026-05-13T10:18:50.441Z
sensor.shellyplugsg3_8cbfeaa49324_potencia,16.6,2026-05-13T10:18:58.663Z
sensor.shellyplugsg3_8cbfeaa49324_potencia,17.4,2026-05-13T10:19:00.050Z
sensor.shellyplugsg3_8cbfeaa49324_potencia,12.3,2026-05-13T10:19:04.942Z
sensor.shellyplugsg3_8cbfeaa49324_potencia,17.9,2026-05-13T10:19:09.985Z
sensor.shellyplugsg3_8cbfeaa49324_potencia,17.2,2026-05-13T10:19:18.208Z
sensor.shellyplugsg3_8cbfeaa49324_potencia,17.4,2026-05-13T10:19:25.401Z
sensor.shellyplugsg3_8cbfeaa49324_potencia,18.5,2026-05-13T10:19:30.653Z
sensor.shellyplugsg3_8cbfeaa49324_potencia,16.5,2026-05-13T10:19:36.722Z
sensor.shellyplugsg3_8cbfeaa49324_potencia,16.8,2026-05-13T10:19:43.919Z
sensor.shellyplugsg3_8cbfeaa49324_potencia,17.9,2026-05-13T10:19:51.114Z
sensor.shellyplugsg3_8cbfeaa49324_potencia,17.7,2026-05-13T10:19:56.252Z
sensor.shellyplugsg3_8cbfeaa49324_potencia,17.0,2026-05-13T10:20:00.047Z
sensor.shellyplugsg3_8cbfeaa49324_potencia,13.7,2026-05-13T10:20:01.505Z
sensor.shellyplugsg3_8cbfeaa49324_potencia,11.1,2026-05-13T10:20:07.576Z
sensor.shellyplugsg3_8cbfeaa49324_potencia,10.1,2026-05-13T10:20:12.713Z
sensor.shellyplugsg3_8cbfeaa49324_potencia,10.0,2026-05-13T10:21:00.045Z
sensor.shellyplugsg3_8cbfeaa49324_potencia,11.7,2026-05-13T10:21:05.241Z
sensor.shellyplugsg3_8cbfeaa49324_potencia,16.6,2026-05-13T10:21:10.284Z
sensor.shellyplugsg3_8cbfeaa49324_potencia,13.9,2026-05-13T10:21:16.561Z
sensor.shellyplugsg3_8cbfeaa49324_potencia,18.0,2026-05-13T10:21:21.603Z
sensor.shellyplugsg3_8cbfeaa49324_potencia,13.3,2026-05-13T10:21:26.744Z
sensor.shellyplugsg3_8cbfeaa49324_potencia,17.0,2026-05-13T10:21:31.885Z
sensor.shellyplugsg3_8cbfeaa49324_potencia,18.5,2026-05-13T10:21:41.244Z
sensor.shellyplugsg3_8cbfeaa49324_potencia,13.3,2026-05-13T10:21:46.288Z
sensor.shellyplugsg3_8cbfeaa49324_potencia,18.4,2026-05-13T10:21:51.428Z
sensor.shellyplugsg3_8cbfeaa49324_potencia,15.6,2026-05-13T10:21:56.564Z
sensor.shellyplugsg3_8cbfeaa49324_potencia,18.1,2026-05-13T10:22:00.043Z
sensor.shellyplugsg3_8cbfeaa49324_potencia,17.7,2026-05-13T10:22:09.926Z
sensor.shellyplugsg3_8cbfeaa49324_potencia,13.3,2026-05-13T10:22:15.180Z
sensor.shellyplugsg3_8cbfeaa49324_potencia,18.0,2026-05-13T10:22:20.223Z
sensor.shellyplugsg3_8cbfeaa49324_potencia,16.9,2026-05-13T10:22:28.444Z
sensor.shellyplugsg3_8cbfeaa49324_potencia,18.2,2026-05-13T10:22:33.583Z
sensor.shellyplugsg3_8cbfeaa49324_potencia,17.7,2026-05-13T10:22:38.723Z
sensor.shellyplugsg3_8cbfeaa49324_potencia,13.6,2026-05-13T10:22:43.976Z
sensor.shellyplugsg3_8cbfeaa49324_potencia,18.0,2026-05-13T10:22:49.020Z
sensor.shellyplugsg3_8cbfeaa49324_potencia,18.8,2026-05-13T10:23:00.041Z
sensor.shellyplugsg3_8cbfeaa49324_potencia,14.8,2026-05-13T10:23:03.521Z
sensor.shellyplugsg3_8cbfeaa49324_potencia,17.0,2026-05-13T10:23:08.562Z
sensor.shellyplugsg3_8cbfeaa49324_potencia,16.3,2026-05-13T10:23:13.704Z
sensor.shellyplugsg3_8cbfeaa49324_potencia,17.3,2026-05-13T10:23:20.897Z
sensor.shellyplugsg3_8cbfeaa49324_potencia,16.8,2026-05-13T10:23:26.038Z
sensor.shellyplugsg3_8cbfeaa49324_potencia,16.7,2026-05-13T10:23:32.206Z
sensor.shellyplugsg3_8cbfeaa49324_potencia,18.0,2026-05-13T10:23:37.455Z
sensor.shellyplugsg3_8cbfeaa49324_potencia,16.8,2026-05-13T10:23:42.498Z
sensor.shellyplugsg3_8cbfeaa49324_potencia,16.7,2026-05-13T10:23:49.691Z
sensor.shellyplugsg3_8cbfeaa49324_potencia,17.0,2026-05-13T10:24:00.038Z
sensor.shellyplugsg3_8cbfeaa49324_potencia,13.8,2026-05-13T10:24:01.112Z
sensor.shellyplugsg3_8cbfeaa49324_potencia,17.5,2026-05-13T10:24:06.155Z
sensor.shellyplugsg3_8cbfeaa49324_potencia,14.8,2026-05-13T10:24:11.404Z
sensor.shellyplugsg3_8cbfeaa49324_potencia,16.6,2026-05-13T10:24:16.445Z
sensor.shellyplugsg3_8cbfeaa49324_potencia,17.5,2026-05-13T10:24:21.585Z
sensor.shellyplugsg3_8cbfeaa49324_potencia,19.0,2026-05-13T10:24:26.835Z
sensor.shellyplugsg3_8cbfeaa49324_potencia,17.4,2026-05-13T10:24:32.906Z
sensor.shellyplugsg3_8cbfeaa49324_potencia,12.9,2026-05-13T10:24:40.214Z
sensor.shellyplugsg3_8cbfeaa49324_potencia,18.0,2026-05-13T10:24:45.257Z
sensor.shellyplugsg3_8cbfeaa49324_potencia,16.8,2026-05-13T10:24:51.533Z
sensor.shellyplugsg3_8cbfeaa49324_potencia,18.0,2026-05-13T10:24:57.602Z
sensor.shellyplugsg3_8cbfeaa49324_potencia,17.9,2026-05-13T10:25:00.035Z
sensor.shellyplugsg3_8cbfeaa49324_potencia,18.2,2026-05-13T10:25:11.994Z
sensor.shellyplugsg3_8cbfeaa49324_potencia,16.5,2026-05-13T10:25:19.189Z
sensor.shellyplugsg3_8cbfeaa49324_potencia,18.0,2026-05-13T10:25:26.384Z
sensor.shellyplugsg3_8cbfeaa49324_potencia,17.7,2026-05-13T10:25:32.553Z
sensor.shellyplugsg3_8cbfeaa49324_potencia,12.8,2026-05-13T10:25:37.805Z
sensor.shellyplugsg3_8cbfeaa49324_potencia,17.0,2026-05-13T10:25:42.848Z
sensor.shellyplugsg3_8cbfeaa49324_potencia,18.4,2026-05-13T10:25:53.235Z
sensor.shellyplugsg3_8cbfeaa49324_potencia,16.3,2026-05-13T10:26:00.034Z
sensor.shellyplugsg3_8cbfeaa49324_potencia,17.2,2026-05-13T10:26:01.361Z
sensor.shellyplugsg3_8cbfeaa49324_potencia,13.2,2026-05-13T10:26:07.639Z
sensor.shellyplugsg3_8cbfeaa49324_potencia,17.4,2026-05-13T10:26:12.682Z
sensor.shellyplugsg3_8cbfeaa49324_potencia,17.0,2026-05-13T10:26:19.878Z
sensor.shellyplugsg3_8cbfeaa49324_potencia,18.0,2026-05-13T10:26:29.239Z
sensor.shellyplugsg3_8cbfeaa49324_potencia,16.8,2026-05-13T10:26:34.391Z
sensor.shellyplugsg3_8cbfeaa49324_potencia,17.0,2026-05-13T10:26:40.459Z
sensor.shellyplugsg3_8cbfeaa49324_potencia,12.4,2026-05-13T10:26:45.601Z
sensor.shellyplugsg3_8cbfeaa49324_potencia,18.0,2026-05-13T10:26:50.741Z
sensor.shellyplugsg3_8cbfeaa49324_potencia,16.8,2026-05-13T10:26:55.990Z
sensor.shellyplugsg3_8cbfeaa49324_potencia,17.2,2026-05-13T10:27:00.032Z
sensor.shellyplugsg3_8cbfeaa49324_potencia,12.9,2026-05-13T10:27:05.256Z
sensor.shellyplugsg3_8cbfeaa49324_potencia,18.0,2026-05-13T10:27:10.299Z
sensor.shellyplugsg3_8cbfeaa49324_potencia,16.4,2026-05-13T10:27:18.524Z
sensor.shellyplugsg3_8cbfeaa49324_potencia,16.3,2026-05-13T10:27:24.690Z
sensor.shellyplugsg3_8cbfeaa49324_potencia,17.2,2026-05-13T10:27:30.855Z
sensor.shellyplugsg3_8cbfeaa49324_potencia,11.5,2026-05-13T10:27:35.997Z
sensor.shellyplugsg3_8cbfeaa49324_potencia,10.2,2026-05-13T10:27:42.166Z
sensor.shellyplugsg3_8cbfeaa49324_potencia,10.0,2026-05-13T10:28:00.030Z
sensor.shellyplugsg3_8cbfeaa49324_potencia,11.4,2026-05-13T10:28:38.804Z
sensor.shellyplugsg3_8cbfeaa49324_potencia,16.2,2026-05-13T10:28:43.849Z
sensor.shellyplugsg3_8cbfeaa49324_potencia,13.3,2026-05-13T10:28:50.123Z
sensor.shellyplugsg3_8cbfeaa49324_potencia,17.1,2026-05-13T10:28:55.167Z
sensor.shellyplugsg3_8cbfeaa49324_potencia,13.1,2026-05-13T10:29:00.028Z
sensor.shellyplugsg3_8cbfeaa49324_potencia,16.9,2026-05-13T10:29:05.460Z
sensor.shellyplugsg3_8cbfeaa49324_potencia,12.7,2026-05-13T10:29:10.710Z
sensor.shellyplugsg3_8cbfeaa49324_potencia,17.4,2026-05-13T10:29:15.754Z
sensor.shellyplugsg3_8cbfeaa49324_potencia,17.3,2026-05-13T10:29:23.976Z
sensor.shellyplugsg3_8cbfeaa49324_potencia,12.8,2026-05-13T10:29:29.116Z
sensor.shellyplugsg3_8cbfeaa49324_potencia,16.9,2026-05-13T10:29:34.255Z
sensor.shellyplugsg3_8cbfeaa49324_potencia,16.5,2026-05-13T10:29:40.423Z
sensor.shellyplugsg3_8cbfeaa49324_potencia,17.5,2026-05-13T10:29:46.589Z
sensor.shellyplugsg3_8cbfeaa49324_potencia,16.2,2026-05-13T10:29:51.731Z
sensor.shellyplugsg3_8cbfeaa49324_potencia,17.8,2026-05-13T10:29:56.869Z
sensor.shellyplugsg3_8cbfeaa49324_potencia,17.2,2026-05-13T10:30:00.025Z
sensor.shellyplugsg3_8cbfeaa49324_potencia,16.9,2026-05-13T10:30:07.150Z
sensor.shellyplugsg3_8cbfeaa49324_potencia,18.3,2026-05-13T10:30:13.427Z
sensor.shellyplugsg3_8cbfeaa49324_potencia,16.5,2026-05-13T10:30:21.553Z
sensor.shellyplugsg3_8cbfeaa49324_potencia,13.1,2026-05-13T10:30:27.721Z
sensor.shellyplugsg3_8cbfeaa49324_potencia,18.5,2026-05-13T10:30:32.860Z
sensor.shellyplugsg3_8cbfeaa49324_potencia,13.7,2026-05-13T10:30:38.111Z
sensor.shellyplugsg3_8cbfeaa49324_potencia,17.4,2026-05-13T10:30:43.154Z
sensor.shellyplugsg3_8cbfeaa49324_potencia,16.0,2026-05-13T10:30:50.458Z
sensor.shellyplugsg3_8cbfeaa49324_potencia,18.3,2026-05-13T10:30:55.499Z
sensor.shellyplugsg3_8cbfeaa49324_potencia,16.1,2026-05-13T10:31:00.022Z
sensor.shellyplugsg3_8cbfeaa49324_potencia,17.3,2026-05-13T10:31:01.670Z
sensor.shellyplugsg3_8cbfeaa49324_potencia,15.4,2026-05-13T10:31:07.838Z
sensor.shellyplugsg3_8cbfeaa49324_potencia,17.5,2026-05-13T10:31:12.980Z
sensor.shellyplugsg3_8cbfeaa49324_potencia,18.1,2026-05-13T10:31:21.199Z
sensor.shellyplugsg3_8cbfeaa49324_potencia,15.8,2026-05-13T10:31:27.365Z
sensor.shellyplugsg3_8cbfeaa49324_potencia,16.9,2026-05-13T10:31:33.533Z
sensor.shellyplugsg3_8cbfeaa49324_potencia,18.5,2026-05-13T10:31:41.756Z
sensor.shellyplugsg3_8cbfeaa49324_potencia,17.3,2026-05-13T10:31:48.953Z
sensor.shellyplugsg3_8cbfeaa49324_potencia,13.0,2026-05-13T10:31:56.151Z
sensor.shellyplugsg3_8cbfeaa49324_potencia,17.1,2026-05-13T10:32:00.020Z
sensor.shellyplugsg3_8cbfeaa49324_potencia,16.2,2026-05-13T10:32:06.427Z
sensor.shellyplugsg3_8cbfeaa49324_potencia,17.9,2026-05-13T10:32:14.650Z
sensor.shellyplugsg3_8cbfeaa49324_potencia,18.2,2026-05-13T10:32:19.791Z
sensor.shellyplugsg3_8cbfeaa49324_potencia,13.4,2026-05-13T10:32:25.960Z
sensor.shellyplugsg3_8cbfeaa49324_potencia,17.3,2026-05-13T10:32:31.099Z
sensor.shellyplugsg3_8cbfeaa49324_potencia,17.0,2026-05-13T10:32:37.265Z
sensor.shellyplugsg3_8cbfeaa49324_potencia,18.1,2026-05-13T10:32:43.543Z
sensor.shellyplugsg3_8cbfeaa49324_potencia,16.6,2026-05-13T10:32:49.614Z
sensor.shellyplugsg3_8cbfeaa49324_potencia,15.1,2026-05-13T10:32:54.753Z
sensor.shellyplugsg3_8cbfeaa49324_potencia,17.6,2026-05-13T10:33:00.018Z
sensor.shellyplugsg3_8cbfeaa49324_potencia,18.1,2026-05-13T10:33:00.920Z
sensor.shellyplugsg3_8cbfeaa49324_potencia,17.1,2026-05-13T10:33:08.141Z
sensor.shellyplugsg3_8cbfeaa49324_potencia,16.5,2026-05-13T10:33:16.364Z
sensor.shellyplugsg3_8cbfeaa49324_potencia,18.7,2026-05-13T10:33:23.559Z
sensor.shellyplugsg3_8cbfeaa49324_potencia,18.3,2026-05-13T10:33:28.702Z
sensor.shellyplugsg3_8cbfeaa49324_potencia,17.2,2026-05-13T10:33:35.895Z
sensor.shellyplugsg3_8cbfeaa49324_potencia,12.5,2026-05-13T10:33:44.232Z
sensor.shellyplugsg3_8cbfeaa49324_potencia,16.8,2026-05-13T10:33:49.276Z
sensor.shellyplugsg3_8cbfeaa49324_potencia,15.3,2026-05-13T10:33:54.413Z
sensor.shellyplugsg3_8cbfeaa49324_potencia,16.8,2026-05-13T10:33:59.552Z
sensor.shellyplugsg3_8cbfeaa49324_potencia,17.7,2026-05-13T10:34:00.016Z
sensor.shellyplugsg3_8cbfeaa49324_potencia,17.5,2026-05-13T10:34:07.775Z
sensor.shellyplugsg3_8cbfeaa49324_potencia,15.3,2026-05-13T10:34:16.010Z
sensor.shellyplugsg3_8cbfeaa49324_potencia,16.9,2026-05-13T10:34:21.139Z
sensor.shellyplugsg3_8cbfeaa49324_potencia,17.1,2026-05-13T10:34:27.307Z
sensor.shellyplugsg3_8cbfeaa49324_potencia,18.1,2026-05-13T10:34:32.447Z
sensor.shellyplugsg3_8cbfeaa49324_potencia,16.7,2026-05-13T10:34:37.585Z
sensor.shellyplugsg3_8cbfeaa49324_potencia,16.9,2026-05-13T10:34:44.780Z
sensor.shellyplugsg3_8cbfeaa49324_potencia,14.3,2026-05-13T10:34:53.003Z
sensor.shellyplugsg3_8cbfeaa49324_potencia,17.7,2026-05-13T10:34:58.143Z
sensor.shellyplugsg3_8cbfeaa49324_potencia,17.9,2026-05-13T10:35:00.014Z
sensor.shellyplugsg3_8cbfeaa49324_potencia,16.8,2026-05-13T10:35:06.369Z
sensor.shellyplugsg3_8cbfeaa49324_potencia,13.3,2026-05-13T10:35:12.537Z
sensor.shellyplugsg3_8cbfeaa49324_potencia,10.9,2026-05-13T10:35:18.704Z
sensor.shellyplugsg3_8cbfeaa49324_potencia,10.3,2026-05-13T10:36:00.011Z
sensor.shellyplugsg3_8cbfeaa49324_potencia,9.8,2026-05-13T10:36:05.063Z
sensor.shellyplugsg3_8cbfeaa49324_potencia,9.9,2026-05-13T10:36:12.160Z
sensor.shellyplugsg3_8cbfeaa49324_potencia,14.5,2026-05-13T10:36:18.440Z
sensor.shellyplugsg3_8cbfeaa49324_potencia,17.0,2026-05-13T10:36:23.481Z
sensor.shellyplugsg3_8cbfeaa49324_potencia,18.0,2026-05-13T10:36:36.846Z
sensor.shellyplugsg3_8cbfeaa49324_potencia,16.9,2026-05-13T10:36:43.015Z
sensor.shellyplugsg3_8cbfeaa49324_potencia,17.0,2026-05-13T10:36:51.238Z
sensor.shellyplugsg3_8cbfeaa49324_potencia,14.5,2026-05-13T10:36:59.462Z
sensor.shellyplugsg3_8cbfeaa49324_potencia,17.4,2026-05-13T10:37:00.012Z
sensor.shellyplugsg3_8cbfeaa49324_potencia,16.7,2026-05-13T10:37:09.740Z
sensor.shellyplugsg3_8cbfeaa49324_potencia,18.2,2026-05-13T10:37:16.027Z
sensor.shellyplugsg3_8cbfeaa49324_potencia,17.1,2026-05-13T10:37:22.086Z
sensor.shellyplugsg3_8cbfeaa49324_potencia,17.0,2026-05-13T10:37:29.282Z
sensor.shellyplugsg3_8cbfeaa49324_potencia,17.9,2026-05-13T10:37:36.476Z
sensor.shellyplugsg3_8cbfeaa49324_potencia,18.0,2026-05-13T10:37:42.646Z
sensor.shellyplugsg3_8cbfeaa49324_potencia,12.9,2026-05-13T10:37:47.898Z
sensor.shellyplugsg3_8cbfeaa49324_potencia,18.3,2026-05-13T10:37:52.942Z
sensor.shellyplugsg3_8cbfeaa49324_potencia,16.3,2026-05-13T10:37:58.191Z
sensor.shellyplugsg3_8cbfeaa49324_potencia,17.3,2026-05-13T10:38:00.007Z
sensor.shellyplugsg3_8cbfeaa49324_potencia,17.1,2026-05-13T10:38:10.429Z
sensor.shellyplugsg3_8cbfeaa49324_potencia,12.6,2026-05-13T10:38:17.624Z
sensor.shellyplugsg3_8cbfeaa49324_potencia,16.8,2026-05-13T10:38:22.764Z
sensor.shellyplugsg3_8cbfeaa49324_potencia,17.0,2026-05-13T10:38:29.957Z
sensor.shellyplugsg3_8cbfeaa49324_potencia,18.5,2026-05-13T10:38:35.097Z
sensor.shellyplugsg3_8cbfeaa49324_potencia,13.4,2026-05-13T10:38:47.434Z
sensor.shellyplugsg3_8cbfeaa49324_potencia,18.7,2026-05-13T10:38:52.573Z
sensor.shellyplugsg3_8cbfeaa49324_potencia,16.2,2026-05-13T10:38:57.713Z
sensor.shellyplugsg3_8cbfeaa49324_potencia,17.0,2026-05-13T10:39:00.005Z
sensor.shellyplugsg3_8cbfeaa49324_potencia,18.1,2026-05-13T10:39:03.882Z
sensor.shellyplugsg3_8cbfeaa49324_potencia,17.2,2026-05-13T10:39:11.077Z
sensor.shellyplugsg3_8cbfeaa49324_potencia,18.3,2026-05-13T10:39:23.520Z
sensor.shellyplugsg3_8cbfeaa49324_potencia,17.1,2026-05-13T10:39:30.617Z
sensor.shellyplugsg3_8cbfeaa49324_potencia,17.0,2026-05-13T10:39:37.813Z
sensor.shellyplugsg3_8cbfeaa49324_potencia,17.6,2026-05-13T10:39:45.008Z
sensor.shellyplugsg3_8cbfeaa49324_potencia,16.5,2026-05-13T10:39:50.150Z
sensor.shellyplugsg3_8cbfeaa49324_potencia,18.2,2026-05-13T10:39:55.288Z
sensor.shellyplugsg3_8cbfeaa49324_potencia,17.2,2026-05-13T10:40:00.436Z
sensor.shellyplugsg3_8cbfeaa49324_potencia,15.9,2026-05-13T10:40:05.567Z
sensor.shellyplugsg3_8cbfeaa49324_potencia,18.7,2026-05-13T10:40:10.707Z
sensor.shellyplugsg3_8cbfeaa49324_potencia,17.2,2026-05-13T10:40:17.905Z
sensor.shellyplugsg3_8cbfeaa49324_potencia,13.2,2026-05-13T10:40:25.212Z
sensor.shellyplugsg3_8cbfeaa49324_potencia,16.5,2026-05-13T10:40:30.254Z
sensor.shellyplugsg3_8cbfeaa49324_potencia,15.4,2026-05-13T10:40:35.392Z
sensor.shellyplugsg3_8cbfeaa49324_potencia,17.3,2026-05-13T10:40:40.532Z
sensor.shellyplugsg3_8cbfeaa49324_potencia,13.3,2026-05-13T10:40:45.673Z
sensor.shellyplugsg3_8cbfeaa49324_potencia,17.6,2026-05-13T10:40:50.812Z
sensor.shellyplugsg3_8cbfeaa49324_potencia,16.7,2026-05-13T10:40:55.952Z
sensor.shellyplugsg3_8cbfeaa49324_potencia,18.0,2026-05-13T10:41:00.002Z
sensor.shellyplugsg3_8cbfeaa49324_potencia,17.8,2026-05-13T10:41:02.118Z
sensor.shellyplugsg3_8cbfeaa49324_potencia,17.3,2026-05-13T10:41:08.285Z
sensor.shellyplugsg3_8cbfeaa49324_potencia,16.1,2026-05-13T10:41:15.480Z
sensor.shellyplugsg3_8cbfeaa49324_potencia,17.9,2026-05-13T10:41:23.703Z
sensor.shellyplugsg3_8cbfeaa49324_potencia,17.2,2026-05-13T10:41:28.842Z
sensor.shellyplugsg3_8cbfeaa49324_potencia,13.4,2026-05-13T10:41:35.011Z
sensor.shellyplugsg3_8cbfeaa49324_potencia,18.1,2026-05-13T10:41:40.152Z
sensor.shellyplugsg3_8cbfeaa49324_potencia,17.3,2026-05-13T10:41:48.375Z
sensor.shellyplugsg3_8cbfeaa49324_potencia,15.7,2026-05-13T10:41:54.651Z
sensor.shellyplugsg3_8cbfeaa49324_potencia,17.0,2026-05-13T10:41:59.998Z
sensor.shellyplugsg3_8cbfeaa49324_potencia,17.3,2026-05-13T10:42:00.720Z
sensor.shellyplugsg3_8cbfeaa49324_potencia,16.4,2026-05-13T10:42:05.861Z
sensor.shellyplugsg3_8cbfeaa49324_potencia,13.5,2026-05-13T10:42:14.084Z
sensor.shellyplugsg3_8cbfeaa49324_potencia,17.9,2026-05-13T10:42:19.223Z
sensor.shellyplugsg3_8cbfeaa49324_potencia,16.4,2026-05-13T10:42:27.444Z
sensor.shellyplugsg3_8cbfeaa49324_potencia,17.4,2026-05-13T10:42:32.585Z
sensor.shellyplugsg3_8cbfeaa49324_potencia,13.8,2026-05-13T10:42:44.004Z
sensor.shellyplugsg3_8cbfeaa49324_potencia,18.1,2026-05-13T10:42:49.047Z
sensor.shellyplugsg3_8cbfeaa49324_potencia,11.4,2026-05-13T10:42:57.270Z
sensor.shellyplugsg3_8cbfeaa49324_potencia,10.7,2026-05-13T10:42:59.996Z
sensor.shellyplugsg3_8cbfeaa49324_potencia,10.1,2026-05-13T10:43:03.438Z
sensor.shellyplugsg3_8cbfeaa49324_potencia,11.2,2026-05-13T10:43:11.771Z
sensor.shellyplugsg3_8cbfeaa49324_potencia,10.1,2026-05-13T10:43:17.840Z
sensor.shellyplugsg3_8cbfeaa49324_potencia,10.2,2026-05-13T10:43:59.994Z
sensor.shellyplugsg3_8cbfeaa49324_potencia,12.4,2026-05-13T10:44:02.145Z
sensor.shellyplugsg3_8cbfeaa49324_potencia,15.7,2026-05-13T10:44:07.189Z
sensor.shellyplugsg3_8cbfeaa49324_potencia,16.9,2026-05-13T10:44:15.412Z
sensor.shellyplugsg3_8cbfeaa49324_potencia,13.8,2026-05-13T10:44:23.636Z
sensor.shellyplugsg3_8cbfeaa49324_potencia,17.4,2026-05-13T10:44:29.820Z
sensor.shellyplugsg3_8cbfeaa49324_potencia,16.6,2026-05-13T10:44:35.985Z
sensor.shellyplugsg3_8cbfeaa49324_potencia,17.2,2026-05-13T10:44:41.124Z
sensor.shellyplugsg3_8cbfeaa49324_potencia,16.8,2026-05-13T10:44:46.266Z
sensor.shellyplugsg3_8cbfeaa49324_potencia,18.4,2026-05-13T10:44:52.431Z
sensor.shellyplugsg3_8cbfeaa49324_potencia,17.1,2026-05-13T10:44:58.598Z
sensor.shellyplugsg3_8cbfeaa49324_potencia,17.4,2026-05-13T10:45:00.065Z
sensor.shellyplugsg3_8cbfeaa49324_potencia,16.5,2026-05-13T10:45:06.822Z
sensor.shellyplugsg3_8cbfeaa49324_potencia,17.9,2026-05-13T10:45:12.989Z
sensor.shellyplugsg3_8cbfeaa49324_potencia,16.6,2026-05-13T10:45:19.158Z
sensor.shellyplugsg3_8cbfeaa49324_potencia,13.8,2026-05-13T10:45:25.323Z
sensor.shellyplugsg3_8cbfeaa49324_potencia,17.9,2026-05-13T10:45:30.463Z
sensor.shellyplugsg3_8cbfeaa49324_potencia,17.6,2026-05-13T10:45:38.687Z
sensor.shellyplugsg3_8cbfeaa49324_potencia,17.7,2026-05-13T10:45:46.911Z
sensor.shellyplugsg3_8cbfeaa49324_potencia,18.0,2026-05-13T10:45:59.246Z
sensor.shellyplugsg3_8cbfeaa49324_potencia,18.2,2026-05-13T10:46:00.063Z
sensor.shellyplugsg3_8cbfeaa49324_potencia,17.0,2026-05-13T10:46:05.523Z
sensor.shellyplugsg3_8cbfeaa49324_potencia,16.9,2026-05-13T10:46:12.620Z
sensor.shellyplugsg3_8cbfeaa49324_potencia,17.4,2026-05-13T10:46:18.790Z
sensor.shellyplugsg3_8cbfeaa49324_potencia,15.0,2026-05-13T10:46:25.068Z
sensor.shellyplugsg3_8cbfeaa49324_potencia,16.8,2026-05-13T10:46:30.111Z
sensor.shellyplugsg3_8cbfeaa49324_potencia,14.5,2026-05-13T10:46:35.250Z
sensor.shellyplugsg3_8cbfeaa49324_potencia,18.3,2026-05-13T10:46:41.419Z
sensor.shellyplugsg3_8cbfeaa49324_potencia,17.4,2026-05-13T10:46:49.642Z
sensor.shellyplugsg3_8cbfeaa49324_potencia,14.3,2026-05-13T10:46:55.919Z
sensor.shellyplugsg3_8cbfeaa49324_potencia,17.0,2026-05-13T10:47:00.061Z
sensor.shellyplugsg3_8cbfeaa49324_potencia,17.5,2026-05-13T10:47:00.960Z
sensor.shellyplugsg3_8cbfeaa49324_potencia,17.4,2026-05-13T10:47:06.128Z
sensor.shellyplugsg3_8cbfeaa49324_potencia,18.5,2026-05-13T10:47:12.407Z
sensor.shellyplugsg3_8cbfeaa49324_potencia,17.4,2026-05-13T10:47:18.476Z
sensor.shellyplugsg3_8cbfeaa49324_potencia,12.8,2026-05-13T10:47:25.785Z
sensor.shellyplugsg3_8cbfeaa49324_potencia,18.5,2026-05-13T10:47:30.828Z
sensor.shellyplugsg3_8cbfeaa49324_potencia,17.1,2026-05-13T10:47:36.996Z
sensor.shellyplugsg3_8cbfeaa49324_potencia,13.8,2026-05-13T10:47:46.358Z
sensor.shellyplugsg3_8cbfeaa49324_potencia,17.4,2026-05-13T10:47:51.401Z
sensor.shellyplugsg3_8cbfeaa49324_potencia,14.6,2026-05-13T10:47:56.652Z
sensor.shellyplugsg3_8cbfeaa49324_potencia,17.8,2026-05-13T10:48:00.060Z
sensor.shellyplugsg3_8cbfeaa49324_potencia,16.6,2026-05-13T10:48:06.943Z
sensor.shellyplugsg3_8cbfeaa49324_potencia,18.6,2026-05-13T10:48:12.096Z
sensor.shellyplugsg3_8cbfeaa49324_potencia,18.0,2026-05-13T10:48:20.222Z
sensor.shellyplugsg3_8cbfeaa49324_potencia,14.3,2026-05-13T10:48:26.500Z
sensor.shellyplugsg3_8cbfeaa49324_potencia,18.3,2026-05-13T10:48:32.569Z
sensor.shellyplugsg3_8cbfeaa49324_potencia,17.8,2026-05-13T10:48:40.794Z
sensor.shellyplugsg3_8cbfeaa49324_potencia,15.3,2026-05-13T10:48:47.071Z
sensor.shellyplugsg3_8cbfeaa49324_potencia,18.6,2026-05-13T10:48:52.112Z
sensor.shellyplugsg3_8cbfeaa49324_potencia,16.8,2026-05-13T10:49:00.058Z
sensor.shellyplugsg3_8cbfeaa49324_potencia,17.1,2026-05-13T10:49:00.334Z
sensor.shellyplugsg3_8cbfeaa49324_potencia,15.0,2026-05-13T10:49:06.501Z
sensor.shellyplugsg3_8cbfeaa49324_potencia,18.2,2026-05-13T10:49:12.668Z
sensor.shellyplugsg3_8cbfeaa49324_potencia,16.7,2026-05-13T10:49:20.891Z
sensor.shellyplugsg3_8cbfeaa49324_potencia,16.9,2026-05-13T10:49:29.116Z
sensor.shellyplugsg3_8cbfeaa49324_potencia,15.4,2026-05-13T10:49:36.310Z
sensor.shellyplugsg3_8cbfeaa49324_potencia,18.1,2026-05-13T10:49:42.478Z
sensor.shellyplugsg3_8cbfeaa49324_potencia,15.8,2026-05-13T10:49:47.729Z
sensor.shellyplugsg3_8cbfeaa49324_potencia,17.0,2026-05-13T10:49:52.770Z
sensor.shellyplugsg3_8cbfeaa49324_potencia,16.8,2026-05-13T10:50:00.058Z
sensor.shellyplugsg3_8cbfeaa49324_potencia,18.2,2026-05-13T10:50:06.243Z
sensor.shellyplugsg3_8cbfeaa49324_potencia,17.8,2026-05-13T10:50:11.286Z
sensor.shellyplugsg3_8cbfeaa49324_potencia,15.7,2026-05-13T10:50:16.536Z
sensor.shellyplugsg3_8cbfeaa49324_potencia,17.3,2026-05-13T10:50:21.580Z
sensor.shellyplugsg3_8cbfeaa49324_potencia,13.4,2026-05-13T10:50:26.830Z
sensor.shellyplugsg3_8cbfeaa49324_potencia,16.9,2026-05-13T10:50:31.873Z
sensor.shellyplugsg3_8cbfeaa49324_potencia,17.6,2026-05-13T10:50:38.038Z
sensor.shellyplugsg3_8cbfeaa49324_potencia,15.7,2026-05-13T10:50:47.402Z
sensor.shellyplugsg3_8cbfeaa49324_potencia,10.5,2026-05-13T10:50:52.445Z
sensor.shellyplugsg3_8cbfeaa49324_potencia,10.1,2026-05-13T10:51:00.053Z
sensor.shellyplugsg3_8cbfeaa49324_potencia,13.7,2026-05-13T10:51:53.197Z
sensor.shellyplugsg3_8cbfeaa49324_potencia,16.4,2026-05-13T10:51:58.241Z
sensor.shellyplugsg3_8cbfeaa49324_potencia,18.2,2026-05-13T10:52:00.051Z
sensor.shellyplugsg3_8cbfeaa49324_potencia,14.1,2026-05-13T10:52:04.406Z
sensor.shellyplugsg3_8cbfeaa49324_potencia,16.8,2026-05-13T10:52:09.546Z
sensor.shellyplugsg3_8cbfeaa49324_potencia,12.1,2026-05-13T10:52:14.799Z
sensor.shellyplugsg3_8cbfeaa49324_potencia,16.8,2026-05-13T10:52:19.842Z
sensor.shellyplugsg3_8cbfeaa49324_potencia,14.1,2026-05-13T10:52:25.091Z
sensor.shellyplugsg3_8cbfeaa49324_potencia,16.7,2026-05-13T10:52:30.132Z
sensor.shellyplugsg3_8cbfeaa49324_potencia,16.5,2026-05-13T10:52:36.301Z
sensor.shellyplugsg3_8cbfeaa49324_potencia,17.5,2026-05-13T10:52:43.495Z
sensor.shellyplugsg3_8cbfeaa49324_potencia,16.8,2026-05-13T10:52:49.663Z
sensor.shellyplugsg3_8cbfeaa49324_potencia,12.7,2026-05-13T10:52:55.831Z
sensor.shellyplugsg3_8cbfeaa49324_potencia,18.1,2026-05-13T10:53:00.049Z
sensor.shellyplugsg3_8cbfeaa49324_potencia,12.9,2026-05-13T10:53:06.229Z
sensor.shellyplugsg3_8cbfeaa49324_potencia,18.4,2026-05-13T10:53:11.272Z
sensor.shellyplugsg3_8cbfeaa49324_potencia,17.7,2026-05-13T10:53:19.494Z
sensor.shellyplugsg3_8cbfeaa49324_potencia,14.2,2026-05-13T10:53:25.774Z
sensor.shellyplugsg3_8cbfeaa49324_potencia,17.7,2026-05-13T10:53:30.818Z
sensor.shellyplugsg3_8cbfeaa49324_potencia,16.6,2026-05-13T10:53:39.040Z
sensor.shellyplugsg3_8cbfeaa49324_potencia,17.7,2026-05-13T10:53:45.206Z
sensor.shellyplugsg3_8cbfeaa49324_potencia,17.0,2026-05-13T10:53:51.376Z
sensor.shellyplugsg3_8cbfeaa49324_potencia,17.2,2026-05-13T10:54:00.048Z
sensor.shellyplugsg3_8cbfeaa49324_potencia,16.9,2026-05-13T10:54:01.652Z
sensor.shellyplugsg3_8cbfeaa49324_potencia,16.8,2026-05-13T10:54:09.875Z
sensor.shellyplugsg3_8cbfeaa49324_potencia,18.1,2026-05-13T10:54:16.043Z
sensor.shellyplugsg3_8cbfeaa49324_potencia,18.4,2026-05-13T10:54:22.213Z
sensor.shellyplugsg3_8cbfeaa49324_potencia,16.3,2026-05-13T10:54:27.463Z
sensor.shellyplugsg3_8cbfeaa49324_potencia,18.4,2026-05-13T10:54:32.506Z
sensor.shellyplugsg3_8cbfeaa49324_potencia,15.7,2026-05-13T10:54:37.757Z
sensor.shellyplugsg3_8cbfeaa49324_potencia,18.0,2026-05-13T10:54:42.798Z
sensor.shellyplugsg3_8cbfeaa49324_potencia,14.8,2026-05-13T10:54:48.049Z
sensor.shellyplugsg3_8cbfeaa49324_potencia,18.3,2026-05-13T10:54:54.117Z
sensor.shellyplugsg3_8cbfeaa49324_potencia,16.5,2026-05-13T10:54:59.368Z
sensor.shellyplugsg3_8cbfeaa49324_potencia,17.0,2026-05-13T10:55:00.045Z
sensor.shellyplugsg3_8cbfeaa49324_potencia,18.0,2026-05-13T10:55:06.465Z
sensor.shellyplugsg3_8cbfeaa49324_potencia,13.5,2026-05-13T10:55:19.940Z
sensor.shellyplugsg3_8cbfeaa49324_potencia,18.5,2026-05-13T10:55:24.984Z
sensor.shellyplugsg3_8cbfeaa49324_potencia,16.8,2026-05-13T10:55:31.149Z
sensor.shellyplugsg3_8cbfeaa49324_potencia,17.9,2026-05-13T10:55:36.289Z
sensor.shellyplugsg3_8cbfeaa49324_potencia,17.0,2026-05-13T10:55:43.486Z
sensor.shellyplugsg3_8cbfeaa49324_potencia,17.9,2026-05-13T10:55:56.847Z
sensor.shellyplugsg3_8cbfeaa49324_potencia,14.3,2026-05-13T10:56:00.043Z
sensor.shellyplugsg3_8cbfeaa49324_potencia,17.0,2026-05-13T10:56:04.044Z
sensor.shellyplugsg3_8cbfeaa49324_potencia,15.8,2026-05-13T10:56:11.249Z
sensor.shellyplugsg3_8cbfeaa49324_potencia,18.2,2026-05-13T10:56:16.390Z
sensor.shellyplugsg3_8cbfeaa49324_potencia,18.1,2026-05-13T10:56:24.613Z
sensor.shellyplugsg3_8cbfeaa49324_potencia,17.1,2026-05-13T10:56:31.807Z
sensor.shellyplugsg3_8cbfeaa49324_potencia,18.5,2026-05-13T10:56:37.057Z
sensor.shellyplugsg3_8cbfeaa49324_potencia,17.2,2026-05-13T10:56:44.156Z
sensor.shellyplugsg3_8cbfeaa49324_potencia,17.3,2026-05-13T10:56:49.293Z
sensor.shellyplugsg3_8cbfeaa49324_potencia,17.1,2026-05-13T10:56:54.435Z
sensor.shellyplugsg3_8cbfeaa49324_potencia,15.0,2026-05-13T10:57:00.041Z
sensor.shellyplugsg3_8cbfeaa49324_potencia,18.2,2026-05-13T10:57:06.772Z
sensor.shellyplugsg3_8cbfeaa49324_potencia,15.8,2026-05-13T10:57:12.937Z
sensor.shellyplugsg3_8cbfeaa49324_potencia,18.4,2026-05-13T10:57:19.103Z
sensor.shellyplugsg3_8cbfeaa49324_potencia,18.0,2026-05-13T10:57:26.298Z
sensor.shellyplugsg3_8cbfeaa49324_potencia,16.8,2026-05-13T10:57:33.496Z
sensor.shellyplugsg3_8cbfeaa49324_potencia,17.1,2026-05-13T10:57:40.689Z
sensor.shellyplugsg3_8cbfeaa49324_potencia,16.9,2026-05-13T10:57:46.859Z
sensor.shellyplugsg3_8cbfeaa49324_potencia,17.0,2026-05-13T10:57:55.082Z
sensor.shellyplugsg3_8cbfeaa49324_potencia,16.6,2026-05-13T10:58:00.039Z
sensor.shellyplugsg3_8cbfeaa49324_potencia,12.9,2026-05-13T10:58:03.417Z
sensor.shellyplugsg3_8cbfeaa49324_potencia,16.7,2026-05-13T10:58:08.460Z
sensor.shellyplugsg3_8cbfeaa49324_potencia,12.8,2026-05-13T10:58:13.710Z
sensor.shellyplugsg3_8cbfeaa49324_potencia,17.4,2026-05-13T10:58:18.752Z
sensor.shellyplugsg3_8cbfeaa49324_potencia,12.4,2026-05-13T10:58:24.002Z
sensor.shellyplugsg3_8cbfeaa49324_potencia,17.0,2026-05-13T10:58:29.046Z
sensor.shellyplugsg3_8cbfeaa49324_potencia,13.0,2026-05-13T10:58:34.297Z
sensor.shellyplugsg3_8cbfeaa49324_potencia,17.8,2026-05-13T10:58:39.340Z
sensor.shellyplugsg3_8cbfeaa49324_potencia,12.6,2026-05-13T10:58:44.591Z
sensor.shellyplugsg3_8cbfeaa49324_potencia,10.3,2026-05-13T10:58:51.687Z
sensor.shellyplugsg3_8cbfeaa49324_potencia,10.2,2026-05-13T10:59:00.037Z
sensor.shellyplugsg3_8cbfeaa49324_potencia,12.7,2026-05-13T10:59:50.423Z
sensor.shellyplugsg3_8cbfeaa49324_potencia,15.8,2026-05-13T10:59:55.465Z
sensor.shellyplugsg3_8cbfeaa49324_potencia,17.2,2026-05-13T11:00:00.035Z
sensor.shellyplugsg3_8cbfeaa49324_potencia,17.4,2026-05-13T11:00:00.605Z
sensor.shellyplugsg3_8cbfeaa49324_potencia,16.7,2026-05-13T11:00:05.742Z
sensor.shellyplugsg3_8cbfeaa49324_potencia,17.3,2026-05-13T11:00:10.884Z
sensor.shellyplugsg3_8cbfeaa49324_potencia,16.5,2026-05-13T11:00:16.025Z
sensor.shellyplugsg3_8cbfeaa49324_potencia,18.2,2026-05-13T11:00:21.163Z
sensor.shellyplugsg3_8cbfeaa49324_potencia,18.5,2026-05-13T11:00:27.331Z
sensor.shellyplugsg3_8cbfeaa49324_potencia,15.5,2026-05-13T11:00:32.580Z
sensor.shellyplugsg3_8cbfeaa49324_potencia,16.9,2026-05-13T11:00:37.621Z
sensor.shellyplugsg3_8cbfeaa49324_potencia,14.3,2026-05-13T11:00:42.761Z
sensor.shellyplugsg3_8cbfeaa49324_potencia,17.2,2026-05-13T11:00:48.927Z
sensor.shellyplugsg3_8cbfeaa49324_potencia,17.1,2026-05-13T11:00:57.152Z
sensor.shellyplugsg3_8cbfeaa49324_potencia,17.6,2026-05-13T11:01:00.033Z
sensor.shellyplugsg3_8cbfeaa49324_potencia,16.9,2026-05-13T11:01:05.375Z
sensor.shellyplugsg3_8cbfeaa49324_potencia,18.0,2026-05-13T11:01:11.543Z
sensor.shellyplugsg3_8cbfeaa49324_potencia,16.9,2026-05-13T11:01:18.738Z
sensor.shellyplugsg3_8cbfeaa49324_potencia,17.9,2026-05-13T11:01:23.877Z
sensor.shellyplugsg3_8cbfeaa49324_potencia,17.3,2026-05-13T11:01:29.017Z
sensor.shellyplugsg3_8cbfeaa49324_potencia,18.3,2026-05-13T11:01:34.155Z
sensor.shellyplugsg3_8cbfeaa49324_potencia,17.7,2026-05-13T11:01:39.296Z
sensor.shellyplugsg3_8cbfeaa49324_potencia,12.8,2026-05-13T11:01:45.573Z
sensor.shellyplugsg3_8cbfeaa49324_potencia,17.5,2026-05-13T11:01:50.616Z
sensor.shellyplugsg3_8cbfeaa49324_potencia,13.3,2026-05-13T11:01:55.754Z
sensor.shellyplugsg3_8cbfeaa49324_potencia,16.2,2026-05-13T11:02:00.031Z
sensor.shellyplugsg3_8cbfeaa49324_potencia,16.6,2026-05-13T11:02:00.895Z
sensor.shellyplugsg3_8cbfeaa49324_potencia,15.4,2026-05-13T11:02:08.123Z
sensor.shellyplugsg3_8cbfeaa49324_potencia,18.3,2026-05-13T11:02:13.263Z
sensor.shellyplugsg3_8cbfeaa49324_potencia,17.4,2026-05-13T11:02:20.459Z
sensor.shellyplugsg3_8cbfeaa49324_potencia,13.4,2026-05-13T11:02:26.738Z
sensor.shellyplugsg3_8cbfeaa49324_potencia,18.0,2026-05-13T11:02:31.779Z
sensor.shellyplugsg3_8cbfeaa49324_potencia,12.5,2026-05-13T11:02:37.030Z
sensor.shellyplugsg3_8cbfeaa49324_potencia,16.3,2026-05-13T11:02:42.073Z
sensor.shellyplugsg3_8cbfeaa49324_potencia,17.5,2026-05-13T11:02:47.211Z
sensor.shellyplugsg3_8cbfeaa49324_potencia,17.9,2026-05-13T11:02:52.350Z
sensor.shellyplugsg3_8cbfeaa49324_potencia,13.4,2026-05-13T11:02:58.631Z
sensor.shellyplugsg3_8cbfeaa49324_potencia,16.5,2026-05-13T11:03:00.028Z
sensor.shellyplugsg3_8cbfeaa49324_potencia,17.1,2026-05-13T11:03:03.674Z
sensor.shellyplugsg3_8cbfeaa49324_potencia,16.0,2026-05-13T11:03:19.200Z
sensor.shellyplugsg3_8cbfeaa49324_potencia,18.5,2026-05-13T11:03:24.241Z
sensor.shellyplugsg3_8cbfeaa49324_potencia,14.9,2026-05-13T11:03:29.492Z
sensor.shellyplugsg3_8cbfeaa49324_potencia,17.4,2026-05-13T11:03:34.535Z
sensor.shellyplugsg3_8cbfeaa49324_potencia,15.4,2026-05-13T11:03:49.954Z
sensor.shellyplugsg3_8cbfeaa49324_potencia,18.5,2026-05-13T11:03:56.121Z
sensor.shellyplugsg3_8cbfeaa49324_potencia,14.5,2026-05-13T11:04:00.026Z
sensor.shellyplugsg3_8cbfeaa49324_potencia,17.6,2026-05-13T11:04:03.317Z
sensor.shellyplugsg3_8cbfeaa49324_potencia,14.0,2026-05-13T11:04:10.513Z
sensor.shellyplugsg3_8cbfeaa49324_potencia,17.2,2026-05-13T11:04:16.681Z
sensor.shellyplugsg3_8cbfeaa49324_potencia,18.3,2026-05-13T11:04:31.070Z
sensor.shellyplugsg3_8cbfeaa49324_potencia,18.0,2026-05-13T11:04:36.209Z
sensor.shellyplugsg3_8cbfeaa49324_potencia,15.9,2026-05-13T11:04:42.487Z
sensor.shellyplugsg3_8cbfeaa49324_potencia,16.4,2026-05-13T11:04:48.555Z
sensor.shellyplugsg3_8cbfeaa49324_potencia,16.3,2026-05-13T11:04:53.695Z
sensor.shellyplugsg3_8cbfeaa49324_potencia,17.5,2026-05-13T11:04:59.864Z
sensor.shellyplugsg3_8cbfeaa49324_potencia,18.1,2026-05-13T11:05:00.025Z
sensor.shellyplugsg3_8cbfeaa49324_potencia,16.6,2026-05-13T11:05:06.064Z
sensor.shellyplugsg3_8cbfeaa49324_potencia,18.1,2026-05-13T11:05:11.315Z
sensor.shellyplugsg3_8cbfeaa49324_potencia,18.3,2026-05-13T11:05:17.386Z
sensor.shellyplugsg3_8cbfeaa49324_potencia,15.8,2026-05-13T11:05:23.662Z
sensor.shellyplugsg3_8cbfeaa49324_potencia,17.6,2026-05-13T11:05:28.704Z
sensor.shellyplugsg3_8cbfeaa49324_potencia,15.6,2026-05-13T11:05:33.955Z
sensor.shellyplugsg3_8cbfeaa49324_potencia,17.5,2026-05-13T11:05:40.024Z
sensor.shellyplugsg3_8cbfeaa49324_potencia,17.1,2026-05-13T11:05:48.246Z
sensor.shellyplugsg3_8cbfeaa49324_potencia,13.1,2026-05-13T11:05:54.526Z
sensor.shellyplugsg3_8cbfeaa49324_potencia,17.8,2026-05-13T11:05:59.571Z
sensor.shellyplugsg3_8cbfeaa49324_potencia,17.6,2026-05-13T11:06:00.022Z
sensor.shellyplugsg3_8cbfeaa49324_potencia,14.2,2026-05-13T11:06:04.821Z
sensor.shellyplugsg3_8cbfeaa49324_potencia,17.4,2026-05-13T11:06:09.864Z
sensor.shellyplugsg3_8cbfeaa49324_potencia,16.1,2026-05-13T11:06:16.030Z
sensor.shellyplugsg3_8cbfeaa49324_potencia,17.1,2026-05-13T11:06:21.170Z
sensor.shellyplugsg3_8cbfeaa49324_potencia,12.6,2026-05-13T11:06:46.882Z
sensor.shellyplugsg3_8cbfeaa49324_potencia,10.9,2026-05-13T11:06:53.048Z
sensor.shellyplugsg3_8cbfeaa49324_potencia,10.4,2026-05-13T11:07:00.019Z
sensor.shellyplugsg3_8cbfeaa49324_potencia,9.9,2026-05-13T11:07:13.716Z
sensor.shellyplugsg3_8cbfeaa49324_potencia,11.0,2026-05-13T11:07:34.284Z
sensor.shellyplugsg3_8cbfeaa49324_potencia,9.9,2026-05-13T11:07:45.602Z
sensor.shellyplugsg3_8cbfeaa49324_potencia,11.2,2026-05-13T11:07:50.755Z
sensor.shellyplugsg3_8cbfeaa49324_potencia,15.6,2026-05-13T11:07:55.798Z
sensor.shellyplugsg3_8cbfeaa49324_potencia,16.6,2026-05-13T11:08:00.017Z
sensor.shellyplugsg3_8cbfeaa49324_potencia,17.4,2026-05-13T11:08:00.936Z
sensor.shellyplugsg3_8cbfeaa49324_potencia,18.4,2026-05-13T11:08:07.112Z
sensor.shellyplugsg3_8cbfeaa49324_potencia,12.4,2026-05-13T11:08:13.397Z
sensor.shellyplugsg3_8cbfeaa49324_potencia,16.5,2026-05-13T11:08:18.436Z
sensor.shellyplugsg3_8cbfeaa49324_potencia,16.7,2026-05-13T11:08:26.659Z
sensor.shellyplugsg3_8cbfeaa49324_potencia,18.0,2026-05-13T11:08:37.966Z
sensor.shellyplugsg3_8cbfeaa49324_potencia,16.9,2026-05-13T11:08:48.356Z
sensor.shellyplugsg3_8cbfeaa49324_potencia,17.1,2026-05-13T11:08:55.452Z
sensor.shellyplugsg3_8cbfeaa49324_potencia,17.6,2026-05-13T11:09:00.016Z
sensor.shellyplugsg3_8cbfeaa49324_potencia,17.0,2026-05-13T11:09:00.591Z
sensor.shellyplugsg3_8cbfeaa49324_potencia,18.0,2026-05-13T11:09:05.731Z
sensor.shellyplugsg3_8cbfeaa49324_potencia,18.5,2026-05-13T11:09:10.870Z
sensor.shellyplugsg3_8cbfeaa49324_potencia,17.0,2026-05-13T11:09:19.092Z
sensor.shellyplugsg3_8cbfeaa49324_potencia,18.3,2026-05-13T11:09:26.288Z
sensor.shellyplugsg3_8cbfeaa49324_potencia,16.9,2026-05-13T11:09:31.427Z
sensor.shellyplugsg3_8cbfeaa49324_potencia,18.4,2026-05-13T11:09:36.567Z
sensor.shellyplugsg3_8cbfeaa49324_potencia,17.0,2026-05-13T11:09:41.707Z
sensor.shellyplugsg3_8cbfeaa49324_potencia,16.9,2026-05-13T11:09:49.931Z
sensor.shellyplugsg3_8cbfeaa49324_potencia,18.1,2026-05-13T11:09:55.182Z
sensor.shellyplugsg3_8cbfeaa49324_potencia,17.2,2026-05-13T11:10:00.014Z
sensor.shellyplugsg3_8cbfeaa49324_potencia,18.5,2026-05-13T11:10:02.279Z
sensor.shellyplugsg3_8cbfeaa49324_potencia,18.6,2026-05-13T11:10:07.419Z
sensor.shellyplugsg3_8cbfeaa49324_potencia,18.5,2026-05-13T11:10:12.559Z
sensor.shellyplugsg3_8cbfeaa49324_potencia,19.3,2026-05-13T11:10:17.698Z
sensor.shellyplugsg3_8cbfeaa49324_potencia,18.0,2026-05-13T11:10:22.840Z
sensor.shellyplugsg3_8cbfeaa49324_potencia,18.6,2026-05-13T11:10:27.979Z
sensor.shellyplugsg3_8cbfeaa49324_potencia,16.6,2026-05-13T11:10:34.148Z
sensor.shellyplugsg3_8cbfeaa49324_potencia,18.6,2026-05-13T11:10:39.286Z
sensor.shellyplugsg3_8cbfeaa49324_potencia,17.2,2026-05-13T11:10:44.428Z
sensor.shellyplugsg3_8cbfeaa49324_potencia,14.4,2026-05-13T11:10:51.732Z
sensor.shellyplugsg3_8cbfeaa49324_potencia,17.5,2026-05-13T11:10:56.773Z
sensor.shellyplugsg3_8cbfeaa49324_potencia,17.0,2026-05-13T11:11:00.013Z
sensor.shellyplugsg3_8cbfeaa49324_potencia,13.6,2026-05-13T11:11:02.053Z
sensor.shellyplugsg3_8cbfeaa49324_potencia,17.1,2026-05-13T11:11:07.096Z
sensor.shellyplugsg3_8cbfeaa49324_potencia,13.7,2026-05-13T11:11:12.345Z
sensor.shellyplugsg3_8cbfeaa49324_potencia,17.0,2026-05-13T11:11:17.386Z
sensor.shellyplugsg3_8cbfeaa49324_potencia,14.9,2026-05-13T11:11:23.554Z
sensor.shellyplugsg3_8cbfeaa49324_potencia,17.2,2026-05-13T11:11:28.694Z
sensor.shellyplugsg3_8cbfeaa49324_potencia,14.7,2026-05-13T11:11:33.832Z
sensor.shellyplugsg3_8cbfeaa49324_potencia,18.2,2026-05-13T11:11:38.972Z
sensor.shellyplugsg3_8cbfeaa49324_potencia,15.8,2026-05-13T11:11:44.223Z
sensor.shellyplugsg3_8cbfeaa49324_potencia,17.0,2026-05-13T11:11:49.264Z
sensor.shellyplugsg3_8cbfeaa49324_potencia,16.8,2026-05-13T11:11:57.487Z
sensor.shellyplugsg3_8cbfeaa49324_potencia,17.3,2026-05-13T11:12:00.010Z
sensor.shellyplugsg3_8cbfeaa49324_potencia,17.9,2026-05-13T11:12:03.654Z
sensor.shellyplugsg3_8cbfeaa49324_potencia,19.0,2026-05-13T11:12:15.073Z
sensor.shellyplugsg3_8cbfeaa49324_potencia,18.6,2026-05-13T11:12:20.114Z
sensor.shellyplugsg3_8cbfeaa49324_potencia,13.5,2026-05-13T11:12:26.284Z
sensor.shellyplugsg3_8cbfeaa49324_potencia,18.4,2026-05-13T11:12:31.423Z
sensor.shellyplugsg3_8cbfeaa49324_potencia,14.0,2026-05-13T11:12:36.562Z
sensor.shellyplugsg3_8cbfeaa49324_potencia,18.6,2026-05-13T11:12:41.702Z
sensor.shellyplugsg3_8cbfeaa49324_potencia,13.5,2026-05-13T11:12:46.844Z
sensor.shellyplugsg3_8cbfeaa49324_potencia,18.9,2026-05-13T11:12:51.984Z
sensor.shellyplugsg3_8cbfeaa49324_potencia,12.8,2026-05-13T11:12:57.123Z
sensor.shellyplugsg3_8cbfeaa49324_potencia,17.6,2026-05-13T11:13:00.007Z
sensor.shellyplugsg3_8cbfeaa49324_potencia,18.2,2026-05-13T11:13:02.263Z
sensor.shellyplugsg3_8cbfeaa49324_potencia,14.7,2026-05-13T11:13:08.429Z
sensor.shellyplugsg3_8cbfeaa49324_potencia,16.7,2026-05-13T11:13:13.571Z
sensor.shellyplugsg3_8cbfeaa49324_potencia,17.1,2026-05-13T11:13:20.766Z
sensor.shellyplugsg3_8cbfeaa49324_potencia,18.2,2026-05-13T11:13:27.960Z
sensor.shellyplugsg3_8cbfeaa49324_potencia,16.6,2026-05-13T11:13:33.101Z
sensor.shellyplugsg3_8cbfeaa49324_potencia,17.7,2026-05-13T11:13:38.239Z
sensor.shellyplugsg3_8cbfeaa49324_potencia,16.7,2026-05-13T11:13:43.380Z
sensor.shellyplugsg3_8cbfeaa49324_potencia,18.1,2026-05-13T11:13:49.546Z
sensor.shellyplugsg3_8cbfeaa49324_potencia,17.1,2026-05-13T11:13:54.685Z
sensor.shellyplugsg3_8cbfeaa49324_potencia,14.3,2026-05-13T11:14:00.005Z
sensor.shellyplugsg3_8cbfeaa49324_potencia,17.0,2026-05-13T11:14:05.992Z
sensor.shellyplugsg3_8cbfeaa49324_potencia,16.0,2026-05-13T11:14:11.131Z
sensor.shellyplugsg3_8cbfeaa49324_potencia,17.4,2026-05-13T11:14:16.271Z
sensor.shellyplugsg3_8cbfeaa49324_potencia,12.7,2026-05-13T11:14:32.829Z
sensor.shellyplugsg3_8cbfeaa49324_potencia,17.9,2026-05-13T11:14:37.872Z
sensor.shellyplugsg3_8cbfeaa49324_potencia,13.1,2026-05-13T11:14:43.123Z
sensor.shellyplugsg3_8cbfeaa49324_potencia,16.9,2026-05-13T11:14:48.166Z
sensor.shellyplugsg3_8cbfeaa49324_potencia,11.2,2026-05-13T11:14:55.362Z
sensor.shellyplugsg3_8cbfeaa49324_potencia,10.1,2026-05-13T11:15:00.003Z
sensor.shellyplugsg3_8cbfeaa49324_potencia,11.1,2026-05-13T11:15:46.862Z
sensor.shellyplugsg3_8cbfeaa49324_potencia,10.0,2026-05-13T11:15:52.930Z
sensor.shellyplugsg3_8cbfeaa49324_potencia,15.8,2026-05-13T11:16:00.001Z
sensor.shellyplugsg3_8cbfeaa49324_potencia,15.7,2026-05-13T11:16:00.126Z
sensor.shellyplugsg3_8cbfeaa49324_potencia,17.4,2026-05-13T11:16:06.295Z
sensor.shellyplugsg3_8cbfeaa49324_potencia,16.0,2026-05-13T11:16:12.460Z
sensor.shellyplugsg3_8cbfeaa49324_potencia,17.9,2026-05-13T11:16:17.600Z
sensor.shellyplugsg3_8cbfeaa49324_potencia,16.1,2026-05-13T11:16:23.769Z
sensor.shellyplugsg3_8cbfeaa49324_potencia,18.6,2026-05-13T11:16:28.907Z
sensor.shellyplugsg3_8cbfeaa49324_potencia,18.1,2026-05-13T11:16:35.077Z
sensor.shellyplugsg3_8cbfeaa49324_potencia,14.5,2026-05-13T11:16:41.354Z
sensor.shellyplugsg3_8cbfeaa49324_potencia,18.7,2026-05-13T11:16:46.396Z
sensor.shellyplugsg3_8cbfeaa49324_potencia,15.0,2026-05-13T11:16:52.564Z
sensor.shellyplugsg3_8cbfeaa49324_potencia,17.4,2026-05-13T11:16:57.703Z
sensor.shellyplugsg3_8cbfeaa49324_potencia,17.7,2026-05-13T11:17:00.063Z
sensor.shellyplugsg3_8cbfeaa49324_potencia,12.7,2026-05-13T11:17:02.956Z
sensor.shellyplugsg3_8cbfeaa49324_potencia,18.4,2026-05-13T11:17:08.000Z
sensor.shellyplugsg3_8cbfeaa49324_potencia,16.7,2026-05-13T11:17:14.168Z
sensor.shellyplugsg3_8cbfeaa49324_potencia,17.7,2026-05-13T11:17:20.337Z
sensor.shellyplugsg3_8cbfeaa49324_potencia,17.4,2026-05-13T11:17:27.532Z
sensor.shellyplugsg3_8cbfeaa49324_potencia,18.5,2026-05-13T11:17:32.782Z
sensor.shellyplugsg3_8cbfeaa49324_potencia,17.1,2026-05-13T11:17:38.850Z
sensor.shellyplugsg3_8cbfeaa49324_potencia,12.9,2026-05-13T11:17:46.157Z
sensor.shellyplugsg3_8cbfeaa49324_potencia,17.3,2026-05-13T11:17:51.201Z
sensor.shellyplugsg3_8cbfeaa49324_potencia,14.5,2026-05-13T11:17:56.448Z
sensor.shellyplugsg3_8cbfeaa49324_potencia,17.0,2026-05-13T11:18:00.061Z
sensor.shellyplugsg3_8cbfeaa49324_potencia,17.4,2026-05-13T11:18:01.490Z
sensor.shellyplugsg3_8cbfeaa49324_potencia,13.2,2026-05-13T11:18:07.770Z
sensor.shellyplugsg3_8cbfeaa49324_potencia,18.1,2026-05-13T11:18:12.814Z
sensor.shellyplugsg3_8cbfeaa49324_potencia,15.5,2026-05-13T11:18:18.062Z
sensor.shellyplugsg3_8cbfeaa49324_potencia,17.3,2026-05-13T11:18:23.104Z
sensor.shellyplugsg3_8cbfeaa49324_potencia,16.8,2026-05-13T11:18:30.301Z
sensor.shellyplugsg3_8cbfeaa49324_potencia,18.1,2026-05-13T11:18:35.441Z
sensor.shellyplugsg3_8cbfeaa49324_potencia,16.9,2026-05-13T11:18:41.608Z
sensor.shellyplugsg3_8cbfeaa49324_potencia,18.0,2026-05-13T11:18:48.802Z
sensor.shellyplugsg3_8cbfeaa49324_potencia,16.8,2026-05-13T11:18:53.941Z
sensor.shellyplugsg3_8cbfeaa49324_potencia,17.7,2026-05-13T11:19:00.060Z
sensor.shellyplugsg3_8cbfeaa49324_potencia,18.1,2026-05-13T11:19:00.108Z
sensor.shellyplugsg3_8cbfeaa49324_potencia,16.9,2026-05-13T11:19:05.250Z
sensor.shellyplugsg3_8cbfeaa49324_potencia,18.9,2026-05-13T11:19:10.388Z
sensor.shellyplugsg3_8cbfeaa49324_potencia,16.9,2026-05-13T11:19:15.531Z
sensor.shellyplugsg3_8cbfeaa49324_potencia,17.1,2026-05-13T11:19:20.668Z
sensor.shellyplugsg3_8cbfeaa49324_potencia,17.4,2026-05-13T11:19:25.808Z
sensor.shellyplugsg3_8cbfeaa49324_potencia,13.5,2026-05-13T11:19:33.117Z
sensor.shellyplugsg3_8cbfeaa49324_potencia,17.5,2026-05-13T11:19:38.160Z
sensor.shellyplugsg3_8cbfeaa49324_potencia,18.4,2026-05-13T11:19:46.384Z
sensor.shellyplugsg3_8cbfeaa49324_potencia,15.9,2026-05-13T11:19:54.606Z
sensor.shellyplugsg3_8cbfeaa49324_potencia,17.3,2026-05-13T11:20:00.057Z
sensor.shellyplugsg3_8cbfeaa49324_potencia,17.8,2026-05-13T11:20:08.998Z
sensor.shellyplugsg3_8cbfeaa49324_potencia,16.7,2026-05-13T11:20:14.249Z
sensor.shellyplugsg3_8cbfeaa49324_potencia,17.4,2026-05-13T11:20:19.292Z
sensor.shellyplugsg3_8cbfeaa49324_potencia,12.7,2026-05-13T11:20:25.460Z
sensor.shellyplugsg3_8cbfeaa49324_potencia,17.1,2026-05-13T11:20:30.599Z
sensor.shellyplugsg3_8cbfeaa49324_potencia,15.4,2026-05-13T11:20:35.737Z
sensor.shellyplugsg3_8cbfeaa49324_potencia,18.7,2026-05-13T11:20:41.905Z
sensor.shellyplugsg3_8cbfeaa49324_potencia,14.1,2026-05-13T11:20:47.044Z
sensor.shellyplugsg3_8cbfeaa49324_potencia,18.2,2026-05-13T11:20:52.185Z
sensor.shellyplugsg3_8cbfeaa49324_potencia,13.5,2026-05-13T11:20:57.434Z
sensor.shellyplugsg3_8cbfeaa49324_potencia,17.7,2026-05-13T11:21:00.055Z
sensor.shellyplugsg3_8cbfeaa49324_potencia,17.3,2026-05-13T11:21:02.476Z
sensor.shellyplugsg3_8cbfeaa49324_potencia,14.6,2026-05-13T11:21:07.727Z
sensor.shellyplugsg3_8cbfeaa49324_potencia,18.3,2026-05-13T11:21:13.795Z
sensor.shellyplugsg3_8cbfeaa49324_potencia,16.8,2026-05-13T11:21:22.018Z
sensor.shellyplugsg3_8cbfeaa49324_potencia,13.6,2026-05-13T11:21:29.214Z
sensor.shellyplugsg3_8cbfeaa49324_potencia,17.5,2026-05-13T11:21:34.353Z
sensor.shellyplugsg3_8cbfeaa49324_potencia,15.5,2026-05-13T11:21:39.604Z
sensor.shellyplugsg3_8cbfeaa49324_potencia,16.9,2026-05-13T11:21:44.645Z
sensor.shellyplugsg3_8cbfeaa49324_potencia,13.5,2026-05-13T11:21:50.813Z
sensor.shellyplugsg3_8cbfeaa49324_potencia,17.3,2026-05-13T11:21:55.952Z
sensor.shellyplugsg3_8cbfeaa49324_potencia,18.0,2026-05-13T11:22:00.053Z
sensor.shellyplugsg3_8cbfeaa49324_potencia,12.6,2026-05-13T11:22:01.204Z
sensor.shellyplugsg3_8cbfeaa49324_potencia,16.8,2026-05-13T11:22:06.248Z
sensor.shellyplugsg3_8cbfeaa49324_potencia,16.6,2026-05-13T11:22:11.387Z
sensor.shellyplugsg3_8cbfeaa49324_potencia,18.0,2026-05-13T11:22:16.528Z
sensor.shellyplugsg3_8cbfeaa49324_potencia,12.9,2026-05-13T11:22:22.809Z
sensor.shellyplugsg3_8cbfeaa49324_potencia,18.3,2026-05-13T11:22:27.850Z
sensor.shellyplugsg3_8cbfeaa49324_potencia,16.9,2026-05-13T11:22:34.018Z
sensor.shellyplugsg3_8cbfeaa49324_potencia,17.3,2026-05-13T11:22:41.212Z
sensor.shellyplugsg3_8cbfeaa49324_potencia,16.6,2026-05-13T11:22:46.351Z
sensor.shellyplugsg3_8cbfeaa49324_potencia,17.7,2026-05-13T11:22:53.547Z
sensor.shellyplugsg3_8cbfeaa49324_potencia,17.1,2026-05-13T11:22:58.688Z
sensor.shellyplugsg3_8cbfeaa49324_potencia,17.8,2026-05-13T11:23:00.050Z
sensor.shellyplugsg3_8cbfeaa49324_potencia,12.6,2026-05-13T11:23:05.994Z
sensor.shellyplugsg3_8cbfeaa49324_potencia,11.0,2026-05-13T11:23:12.064Z
sensor.shellyplugsg3_8cbfeaa49324_potencia,10.0,2026-05-13T11:23:37.870Z
sensor.shellyplugsg3_8cbfeaa49324_potencia,10.1,2026-05-13T11:24:00.048Z
sensor.shellyplugsg3_8cbfeaa49324_potencia,12.5,2026-05-13T11:24:09.760Z
sensor.shellyplugsg3_8cbfeaa49324_potencia,15.5,2026-05-13T11:24:14.803Z
sensor.shellyplugsg3_8cbfeaa49324_potencia,16.8,2026-05-13T11:24:20.970Z
sensor.shellyplugsg3_8cbfeaa49324_potencia,16.6,2026-05-13T11:24:26.108Z
sensor.shellyplugsg3_8cbfeaa49324_potencia,12.6,2026-05-13T11:24:34.332Z
sensor.shellyplugsg3_8cbfeaa49324_potencia,17.2,2026-05-13T11:24:39.472Z
sensor.shellyplugsg3_8cbfeaa49324_potencia,16.4,2026-05-13T11:24:45.637Z
sensor.shellyplugsg3_8cbfeaa49324_potencia,18.9,2026-05-13T11:24:52.833Z
sensor.shellyplugsg3_8cbfeaa49324_potencia,17.5,2026-05-13T11:24:59.003Z
sensor.shellyplugsg3_8cbfeaa49324_potencia,18.0,2026-05-13T11:25:00.046Z
sensor.shellyplugsg3_8cbfeaa49324_potencia,14.5,2026-05-13T11:25:06.309Z
sensor.shellyplugsg3_8cbfeaa49324_potencia,16.9,2026-05-13T11:25:11.353Z
sensor.shellyplugsg3_8cbfeaa49324_potencia,17.3,2026-05-13T11:25:18.548Z
sensor.shellyplugsg3_8cbfeaa49324_potencia,17.1,2026-05-13T11:25:25.742Z
sensor.shellyplugsg3_8cbfeaa49324_potencia,16.9,2026-05-13T11:25:30.881Z
sensor.shellyplugsg3_8cbfeaa49324_potencia,16.7,2026-05-13T11:25:38.077Z
sensor.shellyplugsg3_8cbfeaa49324_potencia,17.2,2026-05-13T11:25:43.218Z
sensor.shellyplugsg3_8cbfeaa49324_potencia,17.3,2026-05-13T11:25:51.440Z
sensor.shellyplugsg3_8cbfeaa49324_potencia,17.4,2026-05-13T11:25:56.580Z
sensor.shellyplugsg3_8cbfeaa49324_potencia,16.9,2026-05-13T11:26:00.044Z
sensor.shellyplugsg3_8cbfeaa49324_potencia,17.5,2026-05-13T11:26:03.777Z
sensor.shellyplugsg3_8cbfeaa49324_potencia,18.7,2026-05-13T11:26:09.027Z
sensor.shellyplugsg3_8cbfeaa49324_potencia,17.4,2026-05-13T11:26:15.098Z
sensor.shellyplugsg3_8cbfeaa49324_potencia,16.8,2026-05-13T11:26:23.319Z
sensor.shellyplugsg3_8cbfeaa49324_potencia,18.9,2026-05-13T11:26:29.487Z
sensor.shellyplugsg3_8cbfeaa49324_potencia,16.8,2026-05-13T11:26:34.629Z
sensor.shellyplugsg3_8cbfeaa49324_potencia,17.8,2026-05-13T11:26:41.822Z
sensor.shellyplugsg3_8cbfeaa49324_potencia,17.6,2026-05-13T11:26:46.962Z
sensor.shellyplugsg3_8cbfeaa49324_potencia,16.5,2026-05-13T11:26:52.213Z
sensor.shellyplugsg3_8cbfeaa49324_potencia,17.3,2026-05-13T11:26:57.256Z
sensor.shellyplugsg3_8cbfeaa49324_potencia,17.7,2026-05-13T11:27:00.042Z
sensor.shellyplugsg3_8cbfeaa49324_potencia,17.0,2026-05-13T11:27:05.478Z
sensor.shellyplugsg3_8cbfeaa49324_potencia,18.5,2026-05-13T11:27:11.756Z
sensor.shellyplugsg3_8cbfeaa49324_potencia,17.2,2026-05-13T11:27:19.880Z
sensor.shellyplugsg3_8cbfeaa49324_potencia,17.3,2026-05-13T11:27:25.020Z
sensor.shellyplugsg3_8cbfeaa49324_potencia,19.0,2026-05-13T11:27:31.298Z
sensor.shellyplugsg3_8cbfeaa49324_potencia,17.0,2026-05-13T11:27:38.396Z
sensor.shellyplugsg3_8cbfeaa49324_potencia,18.7,2026-05-13T11:27:45.590Z
sensor.shellyplugsg3_8cbfeaa49324_potencia,17.1,2026-05-13T11:27:51.757Z
sensor.shellyplugsg3_8cbfeaa49324_potencia,18.3,2026-05-13T11:27:56.897Z
sensor.shellyplugsg3_8cbfeaa49324_potencia,17.0,2026-05-13T11:28:00.039Z
sensor.shellyplugsg3_8cbfeaa49324_potencia,18.0,2026-05-13T11:28:08.204Z
sensor.shellyplugsg3_8cbfeaa49324_potencia,17.5,2026-05-13T11:28:13.343Z
sensor.shellyplugsg3_8cbfeaa49324_potencia,18.5,2026-05-13T11:28:26.816Z
sensor.shellyplugsg3_8cbfeaa49324_potencia,17.3,2026-05-13T11:28:34.941Z
sensor.shellyplugsg3_8cbfeaa49324_potencia,18.4,2026-05-13T11:28:40.081Z
sensor.shellyplugsg3_8cbfeaa49324_potencia,18.0,2026-05-13T11:28:46.248Z
sensor.shellyplugsg3_8cbfeaa49324_potencia,14.5,2026-05-13T11:28:52.527Z
sensor.shellyplugsg3_8cbfeaa49324_potencia,17.9,2026-05-13T11:28:57.568Z
sensor.shellyplugsg3_8cbfeaa49324_potencia,18.2,2026-05-13T11:29:00.037Z
sensor.shellyplugsg3_8cbfeaa49324_potencia,18.9,2026-05-13T11:29:12.068Z
sensor.shellyplugsg3_8cbfeaa49324_potencia,17.4,2026-05-13T11:29:18.137Z
sensor.shellyplugsg3_8cbfeaa49324_potencia,18.3,2026-05-13T11:29:23.277Z
sensor.shellyplugsg3_8cbfeaa49324_potencia,16.9,2026-05-13T11:29:28.417Z
sensor.shellyplugsg3_8cbfeaa49324_potencia,18.1,2026-05-13T11:29:33.556Z
sensor.shellyplugsg3_8cbfeaa49324_potencia,17.5,2026-05-13T11:29:39.725Z
sensor.shellyplugsg3_8cbfeaa49324_potencia,16.4,2026-05-13T11:29:48.057Z
sensor.shellyplugsg3_8cbfeaa49324_potencia,18.7,2026-05-13T11:29:55.153Z
sensor.shellyplugsg3_8cbfeaa49324_potencia,17.5,2026-05-13T11:30:00.035Z
sensor.shellyplugsg3_8cbfeaa49324_potencia,16.8,2026-05-13T11:30:00.293Z
sensor.shellyplugsg3_8cbfeaa49324_potencia,16.9,2026-05-13T11:30:06.460Z
sensor.shellyplugsg3_8cbfeaa49324_potencia,18.4,2026-05-13T11:30:11.600Z
sensor.shellyplugsg3_8cbfeaa49324_potencia,13.6,2026-05-13T11:30:18.799Z
sensor.shellyplugsg3_8cbfeaa49324_potencia,17.7,2026-05-13T11:30:23.939Z
sensor.shellyplugsg3_8cbfeaa49324_potencia,15.9,2026-05-13T11:30:30.216Z
sensor.shellyplugsg3_8cbfeaa49324_potencia,17.4,2026-05-13T11:30:35.257Z
sensor.shellyplugsg3_8cbfeaa49324_potencia,14.3,2026-05-13T11:30:40.507Z
sensor.shellyplugsg3_8cbfeaa49324_potencia,17.0,2026-05-13T11:30:45.549Z
sensor.shellyplugsg3_8cbfeaa49324_potencia,16.0,2026-05-13T11:30:51.827Z
sensor.shellyplugsg3_8cbfeaa49324_potencia,17.4,2026-05-13T11:30:56.868Z
sensor.shellyplugsg3_8cbfeaa49324_potencia,17.6,2026-05-13T11:31:00.035Z
sensor.shellyplugsg3_8cbfeaa49324_potencia,14.6,2026-05-13T11:31:02.118Z
sensor.shellyplugsg3_8cbfeaa49324_potencia,17.2,2026-05-13T11:31:07.159Z
sensor.shellyplugsg3_8cbfeaa49324_potencia,13.3,2026-05-13T11:31:12.410Z
sensor.shellyplugsg3_8cbfeaa49324_potencia,17.2,2026-05-13T11:31:17.451Z
sensor.shellyplugsg3_8cbfeaa49324_potencia,11.6,2026-05-13T11:31:25.676Z
sensor.shellyplugsg3_8cbfeaa49324_potencia,10.6,2026-05-13T11:31:30.815Z
sensor.shellyplugsg3_8cbfeaa49324_potencia,10.1,2026-05-13T11:32:00.031Z
sensor.shellyplugsg3_8cbfeaa49324_potencia,13.5,2026-05-13T11:32:30.550Z
sensor.shellyplugsg3_8cbfeaa49324_potencia,15.8,2026-05-13T11:32:35.594Z
sensor.shellyplugsg3_8cbfeaa49324_potencia,17.9,2026-05-13T11:32:40.731Z
sensor.shellyplugsg3_8cbfeaa49324_potencia,17.3,2026-05-13T11:32:46.899Z
sensor.shellyplugsg3_8cbfeaa49324_potencia,12.7,2026-05-13T11:32:53.180Z
sensor.shellyplugsg3_8cbfeaa49324_potencia,17.5,2026-05-13T11:32:58.223Z
sensor.shellyplugsg3_8cbfeaa49324_potencia,18.1,2026-05-13T11:33:00.029Z
sensor.shellyplugsg3_8cbfeaa49324_potencia,17.2,2026-05-13T11:33:06.445Z
sensor.shellyplugsg3_8cbfeaa49324_potencia,18.7,2026-05-13T11:33:11.697Z
sensor.shellyplugsg3_8cbfeaa49324_potencia,16.9,2026-05-13T11:33:19.823Z
sensor.shellyplugsg3_8cbfeaa49324_potencia,17.1,2026-05-13T11:33:25.989Z
sensor.shellyplugsg3_8cbfeaa49324_potencia,17.2,2026-05-13T11:33:39.351Z
sensor.shellyplugsg3_8cbfeaa49324_potencia,18.4,2026-05-13T11:33:46.658Z
sensor.shellyplugsg3_8cbfeaa49324_potencia,18.1,2026-05-13T11:33:52.730Z
sensor.shellyplugsg3_8cbfeaa49324_potencia,16.5,2026-05-13T11:33:58.897Z
sensor.shellyplugsg3_8cbfeaa49324_potencia,13.2,2026-05-13T11:34:00.026Z
sensor.shellyplugsg3_8cbfeaa49324_potencia,17.3,2026-05-13T11:34:04.037Z
sensor.shellyplugsg3_8cbfeaa49324_potencia,14.7,2026-05-13T11:34:11.234Z
sensor.shellyplugsg3_8cbfeaa49324_potencia,18.2,2026-05-13T11:34:16.374Z
sensor.shellyplugsg3_8cbfeaa49324_potencia,16.7,2026-05-13T11:34:22.541Z
sensor.shellyplugsg3_8cbfeaa49324_potencia,17.8,2026-05-13T11:34:28.707Z
sensor.shellyplugsg3_8cbfeaa49324_potencia,18.0,2026-05-13T11:34:36.932Z
sensor.shellyplugsg3_8cbfeaa49324_potencia,14.5,2026-05-13T11:34:43.209Z
sensor.shellyplugsg3_8cbfeaa49324_potencia,18.2,2026-05-13T11:34:48.250Z
sensor.shellyplugsg3_8cbfeaa49324_potencia,17.1,2026-05-13T11:34:54.420Z
sensor.shellyplugsg3_8cbfeaa49324_potencia,18.0,2026-05-13T11:34:59.560Z
sensor.shellyplugsg3_8cbfeaa49324_potencia,16.7,2026-05-13T11:35:00.024Z
sensor.shellyplugsg3_8cbfeaa49324_potencia,15.6,2026-05-13T11:35:04.698Z
sensor.shellyplugsg3_8cbfeaa49324_potencia,17.3,2026-05-13T11:35:09.838Z
sensor.shellyplugsg3_8cbfeaa49324_potencia,16.5,2026-05-13T11:35:16.006Z
sensor.shellyplugsg3_8cbfeaa49324_potencia,17.6,2026-05-13T11:35:23.204Z
sensor.shellyplugsg3_8cbfeaa49324_potencia,17.9,2026-05-13T11:35:30.396Z
sensor.shellyplugsg3_8cbfeaa49324_potencia,15.0,2026-05-13T11:35:37.704Z
sensor.shellyplugsg3_8cbfeaa49324_potencia,17.3,2026-05-13T11:35:42.748Z
sensor.shellyplugsg3_8cbfeaa49324_potencia,15.5,2026-05-13T11:35:49.024Z
sensor.shellyplugsg3_8cbfeaa49324_potencia,16.9,2026-05-13T11:35:54.065Z
sensor.shellyplugsg3_8cbfeaa49324_potencia,13.2,2026-05-13T11:35:59.206Z
sensor.shellyplugsg3_8cbfeaa49324_potencia,16.3,2026-05-13T11:36:00.022Z
sensor.shellyplugsg3_8cbfeaa49324_potencia,17.7,2026-05-13T11:36:04.346Z
sensor.shellyplugsg3_8cbfeaa49324_potencia,13.5,2026-05-13T11:36:10.624Z
sensor.shellyplugsg3_8cbfeaa49324_potencia,17.1,2026-05-13T11:36:15.666Z
sensor.shellyplugsg3_8cbfeaa49324_potencia,15.0,2026-05-13T11:36:20.803Z
sensor.shellyplugsg3_8cbfeaa49324_potencia,19.5,2026-05-13T11:36:26.973Z
sensor.shellyplugsg3_8cbfeaa49324_potencia,14.0,2026-05-13T11:36:32.112Z
sensor.shellyplugsg3_8cbfeaa49324_potencia,18.2,2026-05-13T11:36:37.252Z
sensor.shellyplugsg3_8cbfeaa49324_potencia,17.2,2026-05-13T11:36:42.501Z
sensor.shellyplugsg3_8cbfeaa49324_potencia,17.3,2026-05-13T11:36:47.544Z
sensor.shellyplugsg3_8cbfeaa49324_potencia,14.7,2026-05-13T11:36:53.711Z
sensor.shellyplugsg3_8cbfeaa49324_potencia,18.4,2026-05-13T11:36:59.879Z
sensor.shellyplugsg3_8cbfeaa49324_potencia,12.8,2026-05-13T11:37:05.143Z
sensor.shellyplugsg3_8cbfeaa49324_potencia,18.1,2026-05-13T11:37:10.186Z
sensor.shellyplugsg3_8cbfeaa49324_potencia,17.4,2026-05-13T11:37:17.432Z
sensor.shellyplugsg3_8cbfeaa49324_potencia,18.6,2026-05-13T11:37:22.521Z
sensor.shellyplugsg3_8cbfeaa49324_potencia,17.3,2026-05-13T11:37:30.747Z
sensor.shellyplugsg3_8cbfeaa49324_potencia,18.7,2026-05-13T11:37:35.886Z
sensor.shellyplugsg3_8cbfeaa49324_potencia,17.3,2026-05-13T11:37:42.054Z
sensor.shellyplugsg3_8cbfeaa49324_potencia,18.4,2026-05-13T11:37:47.303Z
sensor.shellyplugsg3_8cbfeaa49324_potencia,18.2,2026-05-13T11:37:52.347Z
sensor.shellyplugsg3_8cbfeaa49324_potencia,15.2,2026-05-13T11:37:59.540Z
sensor.shellyplugsg3_8cbfeaa49324_potencia,13.7,2026-05-13T11:38:00.018Z
sensor.shellyplugsg3_8cbfeaa49324_potencia,17.2,2026-05-13T11:38:04.682Z
sensor.shellyplugsg3_8cbfeaa49324_potencia,15.7,2026-05-13T11:38:10.960Z
sensor.shellyplugsg3_8cbfeaa49324_potencia,16.9,2026-05-13T11:38:18.056Z
sensor.shellyplugsg3_8cbfeaa49324_potencia,18.0,2026-05-13T11:38:26.281Z
sensor.shellyplugsg3_8cbfeaa49324_potencia,17.9,2026-05-13T11:38:31.421Z
sensor.shellyplugsg3_8cbfeaa49324_potencia,17.3,2026-05-13T11:38:37.588Z
sensor.shellyplugsg3_8cbfeaa49324_potencia,13.1,2026-05-13T11:38:43.868Z
sensor.shellyplugsg3_8cbfeaa49324_potencia,16.9,2026-05-13T11:38:48.911Z
sensor.shellyplugsg3_8cbfeaa49324_potencia,12.4,2026-05-13T11:38:55.079Z
sensor.shellyplugsg3_8cbfeaa49324_potencia,16.6,2026-05-13T11:39:00.015Z
sensor.shellyplugsg3_8cbfeaa49324_potencia,16.1,2026-05-13T11:39:00.219Z
sensor.shellyplugsg3_8cbfeaa49324_potencia,13.1,2026-05-13T11:39:06.387Z
sensor.shellyplugsg3_8cbfeaa49324_potencia,16.3,2026-05-13T11:39:11.526Z
sensor.shellyplugsg3_8cbfeaa49324_potencia,17.0,2026-05-13T11:39:16.665Z
sensor.shellyplugsg3_8cbfeaa49324_potencia,17.1,2026-05-13T11:39:21.804Z
sensor.shellyplugsg3_8cbfeaa49324_potencia,16.8,2026-05-13T11:39:30.027Z
sensor.shellyplugsg3_8cbfeaa49324_potencia,19.0,2026-05-13T11:39:38.251Z
sensor.shellyplugsg3_8cbfeaa49324_potencia,17.2,2026-05-13T11:39:43.390Z
sensor.shellyplugsg3_8cbfeaa49324_potencia,18.3,2026-05-13T11:39:48.640Z
sensor.shellyplugsg3_8cbfeaa49324_potencia,10.9,2026-05-13T11:39:54.711Z
sensor.shellyplugsg3_8cbfeaa49324_potencia,10.6,2026-05-13T11:40:00.015Z
sensor.shellyplugsg3_8cbfeaa49324_potencia,9.9,2026-05-13T11:40:41.072Z
sensor.shellyplugsg3_8cbfeaa49324_potencia,13.2,2026-05-13T11:40:56.504Z
sensor.shellyplugsg3_8cbfeaa49324_potencia,16.2,2026-05-13T11:41:00.011Z
sensor.shellyplugsg3_8cbfeaa49324_potencia,15.7,2026-05-13T11:41:01.547Z
sensor.shellyplugsg3_8cbfeaa49324_potencia,15.5,2026-05-13T11:41:08.740Z
sensor.shellyplugsg3_8cbfeaa49324_potencia,16.9,2026-05-13T11:41:15.935Z
sensor.shellyplugsg3_8cbfeaa49324_potencia,11.9,2026-05-13T11:41:21.076Z
sensor.shellyplugsg3_8cbfeaa49324_potencia,18.8,2026-05-13T11:41:26.216Z
sensor.shellyplugsg3_8cbfeaa49324_potencia,16.6,2026-05-13T11:41:32.493Z
sensor.shellyplugsg3_8cbfeaa49324_potencia,17.6,2026-05-13T11:41:40.617Z
sensor.shellyplugsg3_8cbfeaa49324_potencia,17.0,2026-05-13T11:41:45.756Z
sensor.shellyplugsg3_8cbfeaa49324_potencia,18.0,2026-05-13T11:41:52.952Z
sensor.shellyplugsg3_8cbfeaa49324_potencia,18.3,2026-05-13T11:41:58.094Z
sensor.shellyplugsg3_8cbfeaa49324_potencia,17.0,2026-05-13T11:42:00.009Z
sensor.shellyplugsg3_8cbfeaa49324_potencia,18.0,2026-05-13T11:42:04.260Z
sensor.shellyplugsg3_8cbfeaa49324_potencia,17.1,2026-05-13T11:42:09.401Z
sensor.shellyplugsg3_8cbfeaa49324_potencia,18.1,2026-05-13T11:42:14.651Z
sensor.shellyplugsg3_8cbfeaa49324_potencia,17.1,2026-05-13T11:42:19.693Z
sensor.shellyplugsg3_8cbfeaa49324_potencia,15.6,2026-05-13T11:42:26.999Z
sensor.shellyplugsg3_8cbfeaa49324_potencia,18.2,2026-05-13T11:42:33.068Z
sensor.shellyplugsg3_8cbfeaa49324_potencia,13.4,2026-05-13T11:42:38.321Z
sensor.shellyplugsg3_8cbfeaa49324_potencia,17.9,2026-05-13T11:42:43.364Z
sensor.shellyplugsg3_8cbfeaa49324_potencia,13.3,2026-05-13T11:42:49.643Z
sensor.shellyplugsg3_8cbfeaa49324_potencia,16.6,2026-05-13T11:42:54.688Z
sensor.shellyplugsg3_8cbfeaa49324_potencia,17.7,2026-05-13T11:42:59.824Z
sensor.shellyplugsg3_8cbfeaa49324_potencia,13.2,2026-05-13T11:43:00.007Z
sensor.shellyplugsg3_8cbfeaa49324_potencia,17.2,2026-05-13T11:43:04.965Z
sensor.shellyplugsg3_8cbfeaa49324_potencia,17.7,2026-05-13T11:43:11.132Z
sensor.shellyplugsg3_8cbfeaa49324_potencia,17.3,2026-05-13T11:43:16.272Z
sensor.shellyplugsg3_8cbfeaa49324_potencia,18.3,2026-05-13T11:43:21.522Z
sensor.shellyplugsg3_8cbfeaa49324_potencia,18.4,2026-05-13T11:43:27.591Z
sensor.shellyplugsg3_8cbfeaa49324_potencia,17.1,2026-05-13T11:43:33.869Z
sensor.shellyplugsg3_8cbfeaa49324_potencia,18.3,2026-05-13T11:43:40.052Z
sensor.shellyplugsg3_8cbfeaa49324_potencia,14.4,2026-05-13T11:43:45.204Z
sensor.shellyplugsg3_8cbfeaa49324_potencia,17.9,2026-05-13T11:43:50.247Z
sensor.shellyplugsg3_8cbfeaa49324_potencia,14.9,2026-05-13T11:43:55.497Z
sensor.shellyplugsg3_8cbfeaa49324_potencia,17.8,2026-05-13T11:44:00.004Z
sensor.shellyplugsg3_8cbfeaa49324_potencia,18.5,2026-05-13T11:44:00.541Z
sensor.shellyplugsg3_8cbfeaa49324_potencia,15.4,2026-05-13T11:44:06.819Z
sensor.shellyplugsg3_8cbfeaa49324_potencia,17.7,2026-05-13T11:44:12.890Z
sensor.shellyplugsg3_8cbfeaa49324_potencia,14.4,2026-05-13T11:44:18.142Z
sensor.shellyplugsg3_8cbfeaa49324_potencia,17.5,2026-05-13T11:44:24.213Z
sensor.shellyplugsg3_8cbfeaa49324_potencia,17.3,2026-05-13T11:44:31.407Z
sensor.shellyplugsg3_8cbfeaa49324_potencia,18.5,2026-05-13T11:44:39.629Z
sensor.shellyplugsg3_8cbfeaa49324_potencia,17.7,2026-05-13T11:44:44.770Z
sensor.shellyplugsg3_8cbfeaa49324_potencia,17.9,2026-05-13T11:44:50.937Z
sensor.shellyplugsg3_8cbfeaa49324_potencia,17.6,2026-05-13T11:45:00.002Z
sensor.shellyplugsg3_8cbfeaa49324_potencia,16.4,2026-05-13T11:45:05.438Z
sensor.shellyplugsg3_8cbfeaa49324_potencia,17.4,2026-05-13T11:45:10.480Z
sensor.shellyplugsg3_8cbfeaa49324_potencia,16.4,2026-05-13T11:45:15.619Z
sensor.shellyplugsg3_8cbfeaa49324_potencia,17.8,2026-05-13T11:45:21.786Z
sensor.shellyplugsg3_8cbfeaa49324_potencia,17.4,2026-05-13T11:45:28.982Z
sensor.shellyplugsg3_8cbfeaa49324_potencia,18.6,2026-05-13T11:45:34.232Z
sensor.shellyplugsg3_8cbfeaa49324_potencia,16.8,2026-05-13T11:45:40.301Z
sensor.shellyplugsg3_8cbfeaa49324_potencia,17.8,2026-05-13T11:45:45.441Z
sensor.shellyplugsg3_8cbfeaa49324_potencia,17.7,2026-05-13T11:45:50.581Z
sensor.shellyplugsg3_8cbfeaa49324_potencia,13.2,2026-05-13T11:45:57.891Z
sensor.shellyplugsg3_8cbfeaa49324_potencia,17.2,2026-05-13T11:46:00.001Z
sensor.shellyplugsg3_8cbfeaa49324_potencia,17.9,2026-05-13T11:46:02.934Z
sensor.shellyplugsg3_8cbfeaa49324_potencia,16.6,2026-05-13T11:46:08.094Z
sensor.shellyplugsg3_8cbfeaa49324_potencia,17.7,2026-05-13T11:46:13.233Z
sensor.shellyplugsg3_8cbfeaa49324_potencia,15.8,2026-05-13T11:46:21.458Z
sensor.shellyplugsg3_8cbfeaa49324_potencia,17.6,2026-05-13T11:46:26.599Z
sensor.shellyplugsg3_8cbfeaa49324_potencia,16.8,2026-05-13T11:46:32.766Z
sensor.shellyplugsg3_8cbfeaa49324_potencia,18.1,2026-05-13T11:46:38.016Z
sensor.shellyplugsg3_8cbfeaa49324_potencia,14.5,2026-05-13T11:46:43.169Z
sensor.shellyplugsg3_8cbfeaa49324_potencia,18.2,2026-05-13T11:46:48.210Z
sensor.shellyplugsg3_8cbfeaa49324_potencia,17.7,2026-05-13T11:46:55.406Z
sensor.shellyplugsg3_8cbfeaa49324_potencia,18.2,2026-05-13T11:46:59.998Z
sensor.shellyplugsg3_8cbfeaa49324_potencia,17.0,2026-05-13T11:47:01.574Z
sensor.shellyplugsg3_8cbfeaa49324_potencia,18.6,2026-05-13T11:47:10.937Z
sensor.shellyplugsg3_8cbfeaa49324_potencia,16.7,2026-05-13T11:47:17.008Z
sensor.shellyplugsg3_8cbfeaa49324_potencia,18.1,2026-05-13T11:47:24.202Z
sensor.shellyplugsg3_8cbfeaa49324_potencia,17.1,2026-05-13T11:47:31.400Z
sensor.shellyplugsg3_8cbfeaa49324_potencia,14.2,2026-05-13T11:47:38.594Z
sensor.shellyplugsg3_8cbfeaa49324_potencia,17.9,2026-05-13T11:47:43.784Z
sensor.shellyplugsg3_8cbfeaa49324_potencia,14.0,2026-05-13T11:47:48.988Z
sensor.shellyplugsg3_8cbfeaa49324_potencia,17.0,2026-05-13T11:47:54.029Z
sensor.shellyplugsg3_8cbfeaa49324_potencia,13.9,2026-05-13T11:48:00.063Z
sensor.shellyplugsg3_8cbfeaa49324_potencia,17.7,2026-05-13T11:48:06.364Z
sensor.shellyplugsg3_8cbfeaa49324_potencia,14.7,2026-05-13T11:48:11.612Z
sensor.shellyplugsg3_8cbfeaa49324_potencia,16.6,2026-05-13T11:48:16.654Z
sensor.shellyplugsg3_8cbfeaa49324_potencia,11.6,2026-05-13T11:48:24.879Z
sensor.shellyplugsg3_8cbfeaa49324_potencia,10.0,2026-05-13T11:48:32.074Z
sensor.shellyplugsg3_8cbfeaa49324_potencia,10.5,2026-05-13T11:49:00.061Z
sensor.shellyplugsg3_8cbfeaa49324_potencia,11.1,2026-05-13T11:49:11.239Z
sensor.shellyplugsg3_8cbfeaa49324_potencia,10.1,2026-05-13T11:49:17.307Z
sensor.shellyplugsg3_8cbfeaa49324_potencia,11.1,2026-05-13T11:49:31.807Z
sensor.shellyplugsg3_8cbfeaa49324_potencia,16.2,2026-05-13T11:49:37.878Z
sensor.shellyplugsg3_8cbfeaa49324_potencia,17.2,2026-05-13T11:49:48.267Z
sensor.shellyplugsg3_8cbfeaa49324_potencia,18.2,2026-05-13T11:49:55.364Z
sensor.shellyplugsg3_8cbfeaa49324_potencia,17.1,2026-05-13T11:50:00.061Z
sensor.shellyplugsg3_8cbfeaa49324_potencia,12.8,2026-05-13T11:50:09.867Z
sensor.shellyplugsg3_8cbfeaa49324_potencia,17.2,2026-05-13T11:50:14.911Z
sensor.shellyplugsg3_8cbfeaa49324_potencia,16.4,2026-05-13T11:50:20.049Z
sensor.shellyplugsg3_8cbfeaa49324_potencia,16.9,2026-05-13T11:50:25.190Z
sensor.shellyplugsg3_8cbfeaa49324_potencia,17.3,2026-05-13T11:50:30.328Z
sensor.shellyplugsg3_8cbfeaa49324_potencia,17.4,2026-05-13T11:50:36.497Z
sensor.shellyplugsg3_8cbfeaa49324_potencia,16.4,2026-05-13T11:50:42.773Z
sensor.shellyplugsg3_8cbfeaa49324_potencia,18.3,2026-05-13T11:50:49.981Z
sensor.shellyplugsg3_8cbfeaa49324_potencia,17.3,2026-05-13T11:50:58.105Z
sensor.shellyplugsg3_8cbfeaa49324_potencia,18.1,2026-05-13T11:51:00.057Z
sensor.shellyplugsg3_8cbfeaa49324_potencia,13.4,2026-05-13T11:51:05.418Z
sensor.shellyplugsg3_8cbfeaa49324_potencia,18.9,2026-05-13T11:51:10.457Z
sensor.shellyplugsg3_8cbfeaa49324_potencia,14.6,2026-05-13T11:51:16.624Z
sensor.shellyplugsg3_8cbfeaa49324_potencia,18.1,2026-05-13T11:51:21.765Z
sensor.shellyplugsg3_8cbfeaa49324_potencia,16.2,2026-05-13T11:51:27.013Z
sensor.shellyplugsg3_8cbfeaa49324_potencia,18.0,2026-05-13T11:51:32.059Z
sensor.shellyplugsg3_8cbfeaa49324_potencia,14.8,2026-05-13T11:51:38.336Z
sensor.shellyplugsg3_8cbfeaa49324_potencia,17.3,2026-05-13T11:51:43.379Z
sensor.shellyplugsg3_8cbfeaa49324_potencia,17.5,2026-05-13T11:51:49.545Z
sensor.shellyplugsg3_8cbfeaa49324_potencia,17.4,2026-05-13T11:51:54.687Z
sensor.shellyplugsg3_8cbfeaa49324_potencia,17.2,2026-05-13T11:52:00.055Z
sensor.shellyplugsg3_8cbfeaa49324_potencia,16.9,2026-05-13T11:52:00.853Z
sensor.shellyplugsg3_8cbfeaa49324_potencia,16.7,2026-05-13T11:52:05.994Z
sensor.shellyplugsg3_8cbfeaa49324_potencia,16.6,2026-05-13T11:52:11.134Z
sensor.shellyplugsg3_8cbfeaa49324_potencia,16.8,2026-05-13T11:52:16.272Z
sensor.shellyplugsg3_8cbfeaa49324_potencia,18.0,2026-05-13T11:52:23.467Z
sensor.shellyplugsg3_8cbfeaa49324_potencia,17.9,2026-05-13T11:52:28.607Z
sensor.shellyplugsg3_8cbfeaa49324_potencia,15.2,2026-05-13T11:52:34.885Z
sensor.shellyplugsg3_8cbfeaa49324_potencia,17.4,2026-05-13T11:52:39.929Z
sensor.shellyplugsg3_8cbfeaa49324_potencia,13.6,2026-05-13T11:52:47.235Z
sensor.shellyplugsg3_8cbfeaa49324_potencia,18.1,2026-05-13T11:52:52.278Z
sensor.shellyplugsg3_8cbfeaa49324_potencia,16.8,2026-05-13T11:53:00.053Z
sensor.shellyplugsg3_8cbfeaa49324_potencia,17.0,2026-05-13T11:53:00.502Z
sensor.shellyplugsg3_8cbfeaa49324_potencia,17.9,2026-05-13T11:53:05.644Z
sensor.shellyplugsg3_8cbfeaa49324_potencia,17.3,2026-05-13T11:53:12.843Z
sensor.shellyplugsg3_8cbfeaa49324_potencia,16.3,2026-05-13T11:53:18.091Z
sensor.shellyplugsg3_8cbfeaa49324_potencia,16.9,2026-05-13T11:53:23.132Z
sensor.shellyplugsg3_8cbfeaa49324_potencia,17.4,2026-05-13T11:53:30.328Z
sensor.shellyplugsg3_8cbfeaa49324_potencia,15.2,2026-05-13T11:53:42.663Z
sensor.shellyplugsg3_8cbfeaa49324_potencia,18.3,2026-05-13T11:53:48.831Z
sensor.shellyplugsg3_8cbfeaa49324_potencia,13.9,2026-05-13T11:53:54.085Z
sensor.shellyplugsg3_8cbfeaa49324_potencia,16.2,2026-05-13T11:53:59.128Z
sensor.shellyplugsg3_8cbfeaa49324_potencia,17.8,2026-05-13T11:54:00.050Z
sensor.shellyplugsg3_8cbfeaa49324_potencia,13.6,2026-05-13T11:54:16.714Z
sensor.shellyplugsg3_8cbfeaa49324_potencia,17.6,2026-05-13T11:54:21.758Z
sensor.shellyplugsg3_8cbfeaa49324_potencia,15.9,2026-05-13T11:54:28.952Z
sensor.shellyplugsg3_8cbfeaa49324_potencia,17.3,2026-05-13T11:54:34.092Z
sensor.shellyplugsg3_8cbfeaa49324_potencia,17.1,2026-05-13T11:54:40.261Z
sensor.shellyplugsg3_8cbfeaa49324_potencia,18.2,2026-05-13T11:54:46.426Z
sensor.shellyplugsg3_8cbfeaa49324_potencia,17.3,2026-05-13T11:54:54.650Z
sensor.shellyplugsg3_8cbfeaa49324_potencia,18.7,2026-05-13T11:55:00.049Z
sensor.shellyplugsg3_8cbfeaa49324_potencia,17.0,2026-05-13T11:55:05.971Z
sensor.shellyplugsg3_8cbfeaa49324_potencia,16.7,2026-05-13T11:55:17.279Z
sensor.shellyplugsg3_8cbfeaa49324_potencia,17.8,2026-05-13T11:55:23.444Z
sensor.shellyplugsg3_8cbfeaa49324_potencia,16.3,2026-05-13T11:55:28.586Z
sensor.shellyplugsg3_8cbfeaa49324_potencia,17.3,2026-05-13T11:55:33.726Z
sensor.shellyplugsg3_8cbfeaa49324_potencia,17.9,2026-05-13T11:55:39.895Z
sensor.shellyplugsg3_8cbfeaa49324_potencia,13.8,2026-05-13T11:55:47.088Z
sensor.shellyplugsg3_8cbfeaa49324_potencia,17.3,2026-05-13T11:55:52.227Z
sensor.shellyplugsg3_8cbfeaa49324_potencia,16.5,2026-05-13T11:56:00.046Z
sensor.shellyplugsg3_8cbfeaa49324_potencia,16.6,2026-05-13T11:56:00.451Z
sensor.shellyplugsg3_8cbfeaa49324_potencia,17.8,2026-05-13T11:56:06.617Z
sensor.shellyplugsg3_8cbfeaa49324_potencia,16.2,2026-05-13T11:56:21.118Z
sensor.shellyplugsg3_8cbfeaa49324_potencia,18.1,2026-05-13T11:56:26.159Z
sensor.shellyplugsg3_8cbfeaa49324_potencia,16.4,2026-05-13T11:56:34.383Z
sensor.shellyplugsg3_8cbfeaa49324_potencia,17.2,2026-05-13T11:56:45.691Z
sensor.shellyplugsg3_8cbfeaa49324_potencia,18.3,2026-05-13T11:56:50.829Z
sensor.shellyplugsg3_8cbfeaa49324_potencia,17.5,2026-05-13T11:56:58.025Z
sensor.shellyplugsg3_8cbfeaa49324_potencia,18.0,2026-05-13T11:57:00.044Z
sensor.shellyplugsg3_8cbfeaa49324_potencia,13.6,2026-05-13T11:57:05.219Z
sensor.shellyplugsg3_8cbfeaa49324_potencia,10.9,2026-05-13T11:57:10.361Z
sensor.shellyplugsg3_8cbfeaa49324_potencia,9.9,2026-05-13T11:57:59.803Z
sensor.shellyplugsg3_8cbfeaa49324_potencia,10.1,2026-05-13T11:58:00.043Z
sensor.shellyplugsg3_8cbfeaa49324_potencia,11.1,2026-05-13T11:58:10.095Z
sensor.shellyplugsg3_8cbfeaa49324_potencia,15.4,2026-05-13T11:58:15.138Z
sensor.shellyplugsg3_8cbfeaa49324_potencia,17.0,2026-05-13T11:58:20.277Z
sensor.shellyplugsg3_8cbfeaa49324_potencia,17.4,2026-05-13T11:58:27.524Z
sensor.shellyplugsg3_8cbfeaa49324_potencia,12.1,2026-05-13T11:58:35.697Z
sensor.shellyplugsg3_8cbfeaa49324_potencia,16.4,2026-05-13T11:58:40.838Z
sensor.shellyplugsg3_8cbfeaa49324_potencia,17.7,2026-05-13T11:58:45.975Z
sensor.shellyplugsg3_8cbfeaa49324_potencia,17.5,2026-05-13T11:58:51.115Z
sensor.shellyplugsg3_8cbfeaa49324_potencia,12.6,2026-05-13T11:58:58.312Z
sensor.shellyplugsg3_8cbfeaa49324_potencia,16.9,2026-05-13T11:59:00.040Z
sensor.shellyplugsg3_8cbfeaa49324_potencia,17.7,2026-05-13T11:59:03.452Z
sensor.shellyplugsg3_8cbfeaa49324_potencia,14.2,2026-05-13T11:59:09.730Z
sensor.shellyplugsg3_8cbfeaa49324_potencia,18.1,2026-05-13T11:59:14.771Z
sensor.shellyplugsg3_8cbfeaa49324_potencia,14.7,2026-05-13T11:59:21.049Z
sensor.shellyplugsg3_8cbfeaa49324_potencia,17.2,2026-05-13T11:59:27.118Z
sensor.shellyplugsg3_8cbfeaa49324_potencia,15.4,2026-05-13T11:59:32.258Z
sensor.shellyplugsg3_8cbfeaa49324_potencia,18.9,2026-05-13T11:59:37.398Z
sensor.shellyplugsg3_8cbfeaa49324_potencia,18.4,2026-05-13T11:59:42.538Z
sensor.shellyplugsg3_8cbfeaa49324_potencia,17.6,2026-05-13T11:59:47.678Z
sensor.shellyplugsg3_8cbfeaa49324_potencia,17.9,2026-05-13T12:00:00.038Z
sensor.shellyplugsg3_8cbfeaa49324_potencia,13.1,2026-05-13T12:00:06.292Z
sensor.shellyplugsg3_8cbfeaa49324_potencia,17.8,2026-05-13T12:00:11.336Z
sensor.shellyplugsg3_8cbfeaa49324_potencia,14.4,2026-05-13T12:00:17.613Z
sensor.shellyplugsg3_8cbfeaa49324_potencia,18.3,2026-05-13T12:00:23.683Z
sensor.shellyplugsg3_8cbfeaa49324_potencia,17.2,2026-05-13T12:00:28.932Z
sensor.shellyplugsg3_8cbfeaa49324_potencia,18.2,2026-05-13T12:00:33.973Z
sensor.shellyplugsg3_8cbfeaa49324_potencia,16.6,2026-05-13T12:00:40.252Z
sensor.shellyplugsg3_8cbfeaa49324_potencia,18.6,2026-05-13T12:00:45.295Z
sensor.shellyplugsg3_8cbfeaa49324_potencia,17.6,2026-05-13T12:00:51.461Z
sensor.shellyplugsg3_8cbfeaa49324_potencia,18.0,2026-05-13T12:01:00.036Z
sensor.shellyplugsg3_8cbfeaa49324_potencia,13.8,2026-05-13T12:01:14.186Z
sensor.shellyplugsg3_8cbfeaa49324_potencia,18.5,2026-05-13T12:01:19.229Z
sensor.shellyplugsg3_8cbfeaa49324_potencia,16.9,2026-05-13T12:01:27.453Z
sensor.shellyplugsg3_8cbfeaa49324_potencia,18.1,2026-05-13T12:01:34.648Z
sensor.shellyplugsg3_8cbfeaa49324_potencia,17.4,2026-05-13T12:01:40.816Z
sensor.shellyplugsg3_8cbfeaa49324_potencia,13.6,2026-05-13T12:01:49.151Z
sensor.shellyplugsg3_8cbfeaa49324_potencia,18.5,2026-05-13T12:01:54.194Z
sensor.shellyplugsg3_8cbfeaa49324_potencia,17.4,2026-05-13T12:01:59.332Z
sensor.shellyplugsg3_8cbfeaa49324_potencia,13.8,2026-05-13T12:02:00.034Z
sensor.shellyplugsg3_8cbfeaa49324_potencia,18.4,2026-05-13T12:02:04.475Z
sensor.shellyplugsg3_8cbfeaa49324_potencia,17.3,2026-05-13T12:02:10.752Z
sensor.shellyplugsg3_8cbfeaa49324_potencia,18.5,2026-05-13T12:02:20.015Z
sensor.shellyplugsg3_8cbfeaa49324_potencia,17.0,2026-05-13T12:02:26.084Z
sensor.shellyplugsg3_8cbfeaa49324_potencia,15.1,2026-05-13T12:02:34.308Z
sensor.shellyplugsg3_8cbfeaa49324_potencia,17.6,2026-05-13T12:02:39.447Z
sensor.shellyplugsg3_8cbfeaa49324_potencia,13.4,2026-05-13T12:02:45.729Z
sensor.shellyplugsg3_8cbfeaa49324_potencia,17.1,2026-05-13T12:02:50.772Z
sensor.shellyplugsg3_8cbfeaa49324_potencia,15.4,2026-05-13T12:02:56.937Z
sensor.shellyplugsg3_8cbfeaa49324_potencia,16.9,2026-05-13T12:03:00.032Z
sensor.shellyplugsg3_8cbfeaa49324_potencia,16.0,2026-05-13T12:03:09.272Z
sensor.shellyplugsg3_8cbfeaa49324_potencia,17.7,2026-05-13T12:03:15.439Z
sensor.shellyplugsg3_8cbfeaa49324_potencia,17.2,2026-05-13T12:03:23.661Z
sensor.shellyplugsg3_8cbfeaa49324_potencia,13.4,2026-05-13T12:03:31.997Z
sensor.shellyplugsg3_8cbfeaa49324_potencia,17.9,2026-05-13T12:03:37.041Z
sensor.shellyplugsg3_8cbfeaa49324_potencia,13.6,2026-05-13T12:03:43.319Z
sensor.shellyplugsg3_8cbfeaa49324_potencia,18.2,2026-05-13T12:03:48.362Z
sensor.shellyplugsg3_8cbfeaa49324_potencia,16.0,2026-05-13T12:03:54.639Z
sensor.shellyplugsg3_8cbfeaa49324_potencia,17.3,2026-05-13T12:03:59.680Z
sensor.shellyplugsg3_8cbfeaa49324_potencia,17.2,2026-05-13T12:04:00.030Z
sensor.shellyplugsg3_8cbfeaa49324_potencia,13.6,2026-05-13T12:04:05.849Z
sensor.shellyplugsg3_8cbfeaa49324_potencia,18.5,2026-05-13T12:04:10.988Z
sensor.shellyplugsg3_8cbfeaa49324_potencia,13.8,2026-05-13T12:04:17.156Z
sensor.shellyplugsg3_8cbfeaa49324_potencia,17.6,2026-05-13T12:04:22.296Z
sensor.shellyplugsg3_8cbfeaa49324_potencia,16.8,2026-05-13T12:04:30.520Z
sensor.shellyplugsg3_8cbfeaa49324_potencia,12.7,2026-05-13T12:04:40.911Z
sensor.shellyplugsg3_8cbfeaa49324_potencia,17.9,2026-05-13T12:04:45.955Z
sensor.shellyplugsg3_8cbfeaa49324_potencia,16.6,2026-05-13T12:04:54.176Z
sensor.shellyplugsg3_8cbfeaa49324_potencia,17.6,2026-05-13T12:05:00.027Z
sensor.shellyplugsg3_8cbfeaa49324_potencia,16.5,2026-05-13T12:05:01.370Z
sensor.shellyplugsg3_8cbfeaa49324_potencia,17.3,2026-05-13T12:05:06.512Z
sensor.shellyplugsg3_8cbfeaa49324_potencia,13.8,2026-05-13T12:05:15.875Z
sensor.shellyplugsg3_8cbfeaa49324_potencia,16.9,2026-05-13T12:05:20.918Z
sensor.shellyplugsg3_8cbfeaa49324_potencia,17.4,2026-05-13T12:05:26.060Z
sensor.shellyplugsg3_8cbfeaa49324_potencia,16.8,2026-05-13T12:05:31.197Z
sensor.shellyplugsg3_8cbfeaa49324_potencia,16.7,2026-05-13T12:05:39.418Z
sensor.shellyplugsg3_8cbfeaa49324_potencia,17.8,2026-05-13T12:05:46.724Z
sensor.shellyplugsg3_8cbfeaa49324_potencia,11.9,2026-05-13T12:05:53.824Z
sensor.shellyplugsg3_8cbfeaa49324_potencia,10.6,2026-05-13T12:05:58.963Z
sensor.shellyplugsg3_8cbfeaa49324_potencia,10.3,2026-05-13T12:06:00.075Z
sensor.shellyplugsg3_8cbfeaa49324_potencia,13.2,2026-05-13T12:06:55.618Z
sensor.shellyplugsg3_8cbfeaa49324_potencia,17.0,2026-05-13T12:07:00.023Z
sensor.shellyplugsg3_8cbfeaa49324_potencia,16.2,2026-05-13T12:07:00.661Z
sensor.shellyplugsg3_8cbfeaa49324_potencia,17.2,2026-05-13T12:07:05.849Z
sensor.shellyplugsg3_8cbfeaa49324_potencia,16.1,2026-05-13T12:07:12.994Z
sensor.shellyplugsg3_8cbfeaa49324_potencia,17.5,2026-05-13T12:07:19.161Z
sensor.shellyplugsg3_8cbfeaa49324_potencia,17.0,2026-05-13T12:07:24.302Z
sensor.shellyplugsg3_8cbfeaa49324_potencia,18.2,2026-05-13T12:07:31.607Z
sensor.shellyplugsg3_8cbfeaa49324_potencia,18.9,2026-05-13T12:07:36.651Z
sensor.shellyplugsg3_8cbfeaa49324_potencia,17.4,2026-05-13T12:07:44.874Z
sensor.shellyplugsg3_8cbfeaa49324_potencia,16.2,2026-05-13T12:07:51.152Z
sensor.shellyplugsg3_8cbfeaa49324_potencia,15.7,2026-05-13T12:07:56.196Z
sensor.shellyplugsg3_8cbfeaa49324_potencia,17.9,2026-05-13T12:08:00.021Z
sensor.shellyplugsg3_8cbfeaa49324_potencia,18.0,2026-05-13T12:08:01.336Z
sensor.shellyplugsg3_8cbfeaa49324_potencia,16.8,2026-05-13T12:08:06.584Z
sensor.shellyplugsg3_8cbfeaa49324_potencia,18.8,2026-05-13T12:08:11.628Z
sensor.shellyplugsg3_8cbfeaa49324_potencia,17.5,2026-05-13T12:08:16.765Z
sensor.shellyplugsg3_8cbfeaa49324_potencia,17.2,2026-05-13T12:08:22.933Z
sensor.shellyplugsg3_8cbfeaa49324_potencia,16.7,2026-05-13T12:08:30.129Z
sensor.shellyplugsg3_8cbfeaa49324_potencia,18.0,2026-05-13T12:08:35.380Z
sensor.shellyplugsg3_8cbfeaa49324_potencia,16.7,2026-05-13T12:08:42.588Z
sensor.shellyplugsg3_8cbfeaa49324_potencia,18.8,2026-05-13T12:08:49.685Z
sensor.shellyplugsg3_8cbfeaa49324_potencia,17.8,2026-05-13T12:08:56.883Z
sensor.shellyplugsg3_8cbfeaa49324_potencia,17.5,2026-05-13T12:09:00.018Z
sensor.shellyplugsg3_8cbfeaa49324_potencia,13.1,2026-05-13T12:09:05.218Z
sensor.shellyplugsg3_8cbfeaa49324_potencia,17.0,2026-05-13T12:09:10.261Z
sensor.shellyplugsg3_8cbfeaa49324_potencia,16.8,2026-05-13T12:09:15.399Z
sensor.shellyplugsg3_8cbfeaa49324_potencia,17.1,2026-05-13T12:09:29.791Z
sensor.shellyplugsg3_8cbfeaa49324_potencia,18.9,2026-05-13T12:09:36.067Z
sensor.shellyplugsg3_8cbfeaa49324_potencia,16.2,2026-05-13T12:09:41.110Z
sensor.shellyplugsg3_8cbfeaa49324_potencia,17.5,2026-05-13T12:09:47.276Z
sensor.shellyplugsg3_8cbfeaa49324_potencia,12.7,2026-05-13T12:09:52.528Z
sensor.shellyplugsg3_8cbfeaa49324_potencia,17.0,2026-05-13T12:09:57.572Z
sensor.shellyplugsg3_8cbfeaa49324_potencia,17.2,2026-05-13T12:10:00.017Z
sensor.shellyplugsg3_8cbfeaa49324_potencia,18.0,2026-05-13T12:10:11.041Z
sensor.shellyplugsg3_8cbfeaa49324_potencia,17.2,2026-05-13T12:10:18.138Z
sensor.shellyplugsg3_8cbfeaa49324_potencia,18.4,2026-05-13T12:10:26.473Z
sensor.shellyplugsg3_8cbfeaa49324_potencia,17.9,2026-05-13T12:10:31.514Z
sensor.shellyplugsg3_8cbfeaa49324_potencia,14.4,2026-05-13T12:10:38.712Z
sensor.shellyplugsg3_8cbfeaa49324_potencia,17.1,2026-05-13T12:10:44.879Z
sensor.shellyplugsg3_8cbfeaa49324_potencia,18.2,2026-05-13T12:10:50.016Z
sensor.shellyplugsg3_8cbfeaa49324_potencia,17.0,2026-05-13T12:10:55.156Z
sensor.shellyplugsg3_8cbfeaa49324_potencia,18.1,2026-05-13T12:11:00.014Z
sensor.shellyplugsg3_8cbfeaa49324_potencia,18.2,2026-05-13T12:11:00.294Z
sensor.shellyplugsg3_8cbfeaa49324_potencia,18.7,2026-05-13T12:11:06.463Z
sensor.shellyplugsg3_8cbfeaa49324_potencia,16.6,2026-05-13T12:11:12.739Z
sensor.shellyplugsg3_8cbfeaa49324_potencia,18.7,2026-05-13T12:11:17.782Z
sensor.shellyplugsg3_8cbfeaa49324_potencia,18.4,2026-05-13T12:11:22.920Z
sensor.shellyplugsg3_8cbfeaa49324_potencia,16.8,2026-05-13T12:11:29.089Z
sensor.shellyplugsg3_8cbfeaa49324_potencia,18.3,2026-05-13T12:11:35.256Z
sensor.shellyplugsg3_8cbfeaa49324_potencia,16.3,2026-05-13T12:11:40.395Z
sensor.shellyplugsg3_8cbfeaa49324_potencia,17.4,2026-05-13T12:11:45.535Z
sensor.shellyplugsg3_8cbfeaa49324_potencia,16.3,2026-05-13T12:11:50.675Z
sensor.shellyplugsg3_8cbfeaa49324_potencia,18.1,2026-05-13T12:11:55.815Z
sensor.shellyplugsg3_8cbfeaa49324_potencia,14.4,2026-05-13T12:12:00.012Z
sensor.shellyplugsg3_8cbfeaa49324_potencia,16.8,2026-05-13T12:12:03.011Z
sensor.shellyplugsg3_8cbfeaa49324_potencia,18.0,2026-05-13T12:12:08.150Z
sensor.shellyplugsg3_8cbfeaa49324_potencia,17.3,2026-05-13T12:12:15.348Z
sensor.shellyplugsg3_8cbfeaa49324_potencia,16.0,2026-05-13T12:12:23.571Z
sensor.shellyplugsg3_8cbfeaa49324_potencia,18.0,2026-05-13T12:12:28.711Z
sensor.shellyplugsg3_8cbfeaa49324_potencia,16.7,2026-05-13T12:12:33.958Z
sensor.shellyplugsg3_8cbfeaa49324_potencia,17.9,2026-05-13T12:12:41.165Z
sensor.shellyplugsg3_8cbfeaa49324_potencia,14.2,2026-05-13T12:12:46.319Z
sensor.shellyplugsg3_8cbfeaa49324_potencia,17.0,2026-05-13T12:12:51.363Z
sensor.shellyplugsg3_8cbfeaa49324_potencia,18.1,2026-05-13T12:12:56.502Z
sensor.shellyplugsg3_8cbfeaa49324_potencia,17.4,2026-05-13T12:13:00.010Z
sensor.shellyplugsg3_8cbfeaa49324_potencia,16.8,2026-05-13T12:13:01.642Z
sensor.shellyplugsg3_8cbfeaa49324_potencia,17.9,2026-05-13T12:13:07.919Z
sensor.shellyplugsg3_8cbfeaa49324_potencia,16.9,2026-05-13T12:13:13.990Z
sensor.shellyplugsg3_8cbfeaa49324_potencia,13.4,2026-05-13T12:13:21.186Z
sensor.shellyplugsg3_8cbfeaa49324_potencia,17.3,2026-05-13T12:13:26.325Z
sensor.shellyplugsg3_8cbfeaa49324_potencia,17.5,2026-05-13T12:13:31.463Z
sensor.shellyplugsg3_8cbfeaa49324_potencia,17.6,2026-05-13T12:13:36.605Z
sensor.shellyplugsg3_8cbfeaa49324_potencia,15.1,2026-05-13T12:13:43.910Z
sensor.shellyplugsg3_8cbfeaa49324_potencia,17.2,2026-05-13T12:13:49.979Z
sensor.shellyplugsg3_8cbfeaa49324_potencia,12.8,2026-05-13T12:13:56.259Z
sensor.shellyplugsg3_8cbfeaa49324_potencia,17.7,2026-05-13T12:14:00.007Z
sensor.shellyplugsg3_8cbfeaa49324_potencia,17.4,2026-05-13T12:14:01.302Z
sensor.shellyplugsg3_8cbfeaa49324_potencia,14.8,2026-05-13T12:14:07.579Z
sensor.shellyplugsg3_8cbfeaa49324_potencia,18.6,2026-05-13T12:14:12.620Z
sensor.shellyplugsg3_8cbfeaa49324_potencia,17.4,2026-05-13T12:14:17.760Z
sensor.shellyplugsg3_8cbfeaa49324_potencia,18.5,2026-05-13T12:14:22.902Z
sensor.shellyplugsg3_8cbfeaa49324_potencia,18.6,2026-05-13T12:14:28.040Z
sensor.shellyplugsg3_8cbfeaa49324_potencia,17.7,2026-05-13T12:14:34.208Z
sensor.shellyplugsg3_8cbfeaa49324_potencia,12.9,2026-05-13T12:14:42.544Z
sensor.shellyplugsg3_8cbfeaa49324_potencia,11.1,2026-05-13T12:14:48.615Z
sensor.shellyplugsg3_8cbfeaa49324_potencia,10.0,2026-05-13T12:14:57.975Z
sensor.shellyplugsg3_8cbfeaa49324_potencia,10.1,2026-05-13T12:15:00.005Z
sensor.shellyplugsg3_8cbfeaa49324_potencia,12.1,2026-05-13T12:15:47.323Z
sensor.shellyplugsg3_8cbfeaa49324_potencia,16.5,2026-05-13T12:15:52.366Z
sensor.shellyplugsg3_8cbfeaa49324_potencia,13.3,2026-05-13T12:16:00.003Z
sensor.shellyplugsg3_8cbfeaa49324_potencia,17.3,2026-05-13T12:16:04.699Z
sensor.shellyplugsg3_8cbfeaa49324_potencia,16.8,2026-05-13T12:16:16.008Z
sensor.shellyplugsg3_8cbfeaa49324_potencia,18.5,2026-05-13T12:16:21.147Z
sensor.shellyplugsg3_8cbfeaa49324_potencia,17.9,2026-05-13T12:16:28.341Z
sensor.shellyplugsg3_8cbfeaa49324_potencia,13.8,2026-05-13T12:16:35.650Z
sensor.shellyplugsg3_8cbfeaa49324_potencia,18.0,2026-05-13T12:16:40.694Z
sensor.shellyplugsg3_8cbfeaa49324_potencia,16.3,2026-05-13T12:16:46.971Z
sensor.shellyplugsg3_8cbfeaa49324_potencia,18.2,2026-05-13T12:16:52.012Z
sensor.shellyplugsg3_8cbfeaa49324_potencia,12.4,2026-05-13T12:16:59.323Z
sensor.shellyplugsg3_8cbfeaa49324_potencia,16.8,2026-05-13T12:17:00.001Z
sensor.shellyplugsg3_8cbfeaa49324_potencia,18.2,2026-05-13T12:17:09.502Z
sensor.shellyplugsg3_8cbfeaa49324_potencia,17.1,2026-05-13T12:17:14.644Z
sensor.shellyplugsg3_8cbfeaa49324_potencia,14.5,2026-05-13T12:17:21.950Z
sensor.shellyplugsg3_8cbfeaa49324_potencia,18.4,2026-05-13T12:17:27.044Z
sensor.shellyplugsg3_8cbfeaa49324_potencia,16.1,2026-05-13T12:17:33.271Z
sensor.shellyplugsg3_8cbfeaa49324_potencia,17.6,2026-05-13T12:17:38.315Z
sensor.shellyplugsg3_8cbfeaa49324_potencia,19.0,2026-05-13T12:17:52.816Z
sensor.shellyplugsg3_8cbfeaa49324_potencia,16.7,2026-05-13T12:17:57.859Z
sensor.shellyplugsg3_8cbfeaa49324_potencia,17.0,2026-05-13T12:17:59.999Z
sensor.shellyplugsg3_8cbfeaa49324_potencia,17.7,2026-05-13T12:18:06.080Z
sensor.shellyplugsg3_8cbfeaa49324_potencia,18.0,2026-05-13T12:18:13.276Z
sensor.shellyplugsg3_8cbfeaa49324_potencia,13.0,2026-05-13T12:18:20.585Z
sensor.shellyplugsg3_8cbfeaa49324_potencia,17.7,2026-05-13T12:18:25.628Z
sensor.shellyplugsg3_8cbfeaa49324_potencia,16.1,2026-05-13T12:18:31.905Z
sensor.shellyplugsg3_8cbfeaa49324_potencia,18.8,2026-05-13T12:18:36.946Z
sensor.shellyplugsg3_8cbfeaa49324_potencia,17.4,2026-05-13T12:18:42.086Z
sensor.shellyplugsg3_8cbfeaa49324_potencia,18.5,2026-05-13T12:18:49.392Z
sensor.shellyplugsg3_8cbfeaa49324_potencia,17.3,2026-05-13T12:18:57.518Z
sensor.shellyplugsg3_8cbfeaa49324_potencia,17.9,2026-05-13T12:19:00.061Z
sensor.shellyplugsg3_8cbfeaa49324_potencia,18.6,2026-05-13T12:19:05.739Z
sensor.shellyplugsg3_8cbfeaa49324_potencia,17.0,2026-05-13T12:19:10.879Z
sensor.shellyplugsg3_8cbfeaa49324_potencia,18.4,2026-05-13T12:19:16.018Z
sensor.shellyplugsg3_8cbfeaa49324_potencia,17.6,2026-05-13T12:19:23.215Z
sensor.shellyplugsg3_8cbfeaa49324_potencia,14.0,2026-05-13T12:19:41.827Z
sensor.shellyplugsg3_8cbfeaa49324_potencia,17.4,2026-05-13T12:19:46.869Z
sensor.shellyplugsg3_8cbfeaa49324_potencia,17.5,2026-05-13T12:19:52.008Z
sensor.shellyplugsg3_8cbfeaa49324_potencia,17.7,2026-05-13T12:19:58.178Z
sensor.shellyplugsg3_8cbfeaa49324_potencia,17.8,2026-05-13T12:20:00.060Z
sensor.shellyplugsg3_8cbfeaa49324_potencia,18.9,2026-05-13T12:20:03.427Z
sensor.shellyplugsg3_8cbfeaa49324_potencia,17.0,2026-05-13T12:20:08.468Z
sensor.shellyplugsg3_8cbfeaa49324_potencia,18.2,2026-05-13T12:20:13.720Z
sensor.shellyplugsg3_8cbfeaa49324_potencia,18.8,2026-05-13T12:20:20.818Z
sensor.shellyplugsg3_8cbfeaa49324_potencia,18.1,2026-05-13T12:20:25.956Z
sensor.shellyplugsg3_8cbfeaa49324_potencia,16.8,2026-05-13T12:20:32.126Z
sensor.shellyplugsg3_8cbfeaa49324_potencia,18.0,2026-05-13T12:20:37.264Z
sensor.shellyplugsg3_8cbfeaa49324_potencia,16.9,2026-05-13T12:20:44.459Z
sensor.shellyplugsg3_8cbfeaa49324_potencia,18.0,2026-05-13T12:20:49.598Z
sensor.shellyplugsg3_8cbfeaa49324_potencia,18.1,2026-05-13T12:20:57.821Z
sensor.shellyplugsg3_8cbfeaa49324_potencia,18.2,2026-05-13T12:21:00.057Z
sensor.shellyplugsg3_8cbfeaa49324_potencia,15.3,2026-05-13T12:21:04.099Z
sensor.shellyplugsg3_8cbfeaa49324_potencia,16.5,2026-05-13T12:21:09.140Z
sensor.shellyplugsg3_8cbfeaa49324_potencia,13.4,2026-05-13T12:21:15.310Z
sensor.shellyplugsg3_8cbfeaa49324_potencia,17.0,2026-05-13T12:21:20.451Z
sensor.shellyplugsg3_8cbfeaa49324_potencia,15.3,2026-05-13T12:21:26.616Z
sensor.shellyplugsg3_8cbfeaa49324_potencia,16.9,2026-05-13T12:21:31.757Z
sensor.shellyplugsg3_8cbfeaa49324_potencia,18.9,2026-05-13T12:21:36.895Z
sensor.shellyplugsg3_8cbfeaa49324_potencia,16.7,2026-05-13T12:21:43.061Z
sensor.shellyplugsg3_8cbfeaa49324_potencia,18.1,2026-05-13T12:21:48.312Z
sensor.shellyplugsg3_8cbfeaa49324_potencia,17.4,2026-05-13T12:21:54.382Z
sensor.shellyplugsg3_8cbfeaa49324_potencia,18.3,2026-05-13T12:22:00.055Z
sensor.shellyplugsg3_8cbfeaa49324_potencia,14.0,2026-05-13T12:22:02.719Z
sensor.shellyplugsg3_8cbfeaa49324_potencia,17.1,2026-05-13T12:22:07.761Z
sensor.shellyplugsg3_8cbfeaa49324_potencia,18.1,2026-05-13T12:22:22.259Z
sensor.shellyplugsg3_8cbfeaa49324_potencia,17.4,2026-05-13T12:22:30.386Z
sensor.shellyplugsg3_8cbfeaa49324_potencia,15.7,2026-05-13T12:22:37.690Z
sensor.shellyplugsg3_8cbfeaa49324_potencia,17.2,2026-05-13T12:22:42.734Z
sensor.shellyplugsg3_8cbfeaa49324_potencia,17.4,2026-05-13T12:22:50.956Z
sensor.shellyplugsg3_8cbfeaa49324_potencia,17.6,2026-05-13T12:23:00.053Z
sensor.shellyplugsg3_8cbfeaa49324_potencia,14.3,2026-05-13T12:23:12.653Z
sensor.shellyplugsg3_8cbfeaa49324_potencia,17.4,2026-05-13T12:23:18.724Z
sensor.shellyplugsg3_8cbfeaa49324_potencia,17.8,2026-05-13T12:23:23.861Z
sensor.shellyplugsg3_8cbfeaa49324_potencia,17.7,2026-05-13T12:23:29.003Z
sensor.shellyplugsg3_8cbfeaa49324_potencia,17.5,2026-05-13T12:23:35.169Z
sensor.shellyplugsg3_8cbfeaa49324_potencia,11.0,2026-05-13T12:23:41.338Z
sensor.shellyplugsg3_8cbfeaa49324_potencia,10.0,2026-05-13T12:23:58.920Z
sensor.shellyplugsg3_8cbfeaa49324_potencia,10.7,2026-05-13T12:24:00.051Z
sensor.shellyplugsg3_8cbfeaa49324_potencia,14.1,2026-05-13T12:24:42.106Z
sensor.shellyplugsg3_8cbfeaa49324_potencia,16.7,2026-05-13T12:24:47.144Z
sensor.shellyplugsg3_8cbfeaa49324_potencia,18.3,2026-05-13T12:24:52.286Z
sensor.shellyplugsg3_8cbfeaa49324_potencia,17.6,2026-05-13T12:24:58.453Z
sensor.shellyplugsg3_8cbfeaa49324_potencia,18.2,2026-05-13T12:25:00.048Z
sensor.shellyplugsg3_8cbfeaa49324_potencia,15.8,2026-05-13T12:25:06.785Z
sensor.shellyplugsg3_8cbfeaa49324_potencia,17.0,2026-05-13T12:25:13.882Z
sensor.shellyplugsg3_8cbfeaa49324_potencia,16.5,2026-05-13T12:25:21.079Z
sensor.shellyplugsg3_8cbfeaa49324_potencia,17.7,2026-05-13T12:25:26.218Z
sensor.shellyplugsg3_8cbfeaa49324_potencia,17.1,2026-05-13T12:25:34.443Z
sensor.shellyplugsg3_8cbfeaa49324_potencia,17.7,2026-05-13T12:25:40.609Z
sensor.shellyplugsg3_8cbfeaa49324_potencia,16.9,2026-05-13T12:25:46.779Z
sensor.shellyplugsg3_8cbfeaa49324_potencia,17.9,2026-05-13T12:25:51.915Z
sensor.shellyplugsg3_8cbfeaa49324_potencia,17.0,2026-05-13T12:25:58.084Z
sensor.shellyplugsg3_8cbfeaa49324_potencia,17.7,2026-05-13T12:26:00.046Z
sensor.shellyplugsg3_8cbfeaa49324_potencia,18.1,2026-05-13T12:26:05.277Z
sensor.shellyplugsg3_8cbfeaa49324_potencia,17.6,2026-05-13T12:26:10.420Z
sensor.shellyplugsg3_8cbfeaa49324_potencia,18.2,2026-05-13T12:26:16.587Z
sensor.shellyplugsg3_8cbfeaa49324_potencia,18.6,2026-05-13T12:26:21.725Z
sensor.shellyplugsg3_8cbfeaa49324_potencia,19.0,2026-05-13T12:26:26.865Z
sensor.shellyplugsg3_8cbfeaa49324_potencia,17.4,2026-05-13T12:26:32.007Z
sensor.shellyplugsg3_8cbfeaa49324_potencia,18.5,2026-05-13T12:26:40.340Z
sensor.shellyplugsg3_8cbfeaa49324_potencia,17.2,2026-05-13T12:26:45.381Z
sensor.shellyplugsg3_8cbfeaa49324_potencia,18.9,2026-05-13T12:26:51.659Z
sensor.shellyplugsg3_8cbfeaa49324_potencia,18.0,2026-05-13T12:26:57.731Z
sensor.shellyplugsg3_8cbfeaa49324_potencia,18.6,2026-05-13T12:27:00.044Z
sensor.shellyplugsg3_8cbfeaa49324_potencia,16.3,2026-05-13T12:27:06.063Z
sensor.shellyplugsg3_8cbfeaa49324_potencia,17.7,2026-05-13T12:27:13.160Z
sensor.shellyplugsg3_8cbfeaa49324_potencia,16.2,2026-05-13T12:27:20.357Z
sensor.shellyplugsg3_8cbfeaa49324_potencia,18.2,2026-05-13T12:27:25.495Z
sensor.shellyplugsg3_8cbfeaa49324_potencia,16.8,2026-05-13T12:27:32.693Z
sensor.shellyplugsg3_8cbfeaa49324_potencia,18.2,2026-05-13T12:27:37.831Z
sensor.shellyplugsg3_8cbfeaa49324_potencia,17.6,2026-05-13T12:27:45.028Z
sensor.shellyplugsg3_8cbfeaa49324_potencia,18.8,2026-05-13T12:27:51.308Z
sensor.shellyplugsg3_8cbfeaa49324_potencia,17.4,2026-05-13T12:27:56.350Z
sensor.shellyplugsg3_8cbfeaa49324_potencia,18.3,2026-05-13T12:28:00.044Z
sensor.shellyplugsg3_8cbfeaa49324_potencia,18.6,2026-05-13T12:28:01.599Z
sensor.shellyplugsg3_8cbfeaa49324_potencia,17.6,2026-05-13T12:28:07.670Z
sensor.shellyplugsg3_8cbfeaa49324_potencia,18.8,2026-05-13T12:28:27.309Z
sensor.shellyplugsg3_8cbfeaa49324_potencia,18.7,2026-05-13T12:28:32.350Z
sensor.shellyplugsg3_8cbfeaa49324_potencia,18.2,2026-05-13T12:28:38.518Z
sensor.shellyplugsg3_8cbfeaa49324_potencia,17.4,2026-05-13T12:28:43.660Z
sensor.shellyplugsg3_8cbfeaa49324_potencia,14.2,2026-05-13T12:28:51.883Z
sensor.shellyplugsg3_8cbfeaa49324_potencia,17.4,2026-05-13T12:28:57.023Z
sensor.shellyplugsg3_8cbfeaa49324_potencia,16.3,2026-05-13T12:29:00.040Z
sensor.shellyplugsg3_8cbfeaa49324_potencia,16.1,2026-05-13T12:29:04.217Z
sensor.shellyplugsg3_8cbfeaa49324_potencia,18.9,2026-05-13T12:29:11.412Z
sensor.shellyplugsg3_8cbfeaa49324_potencia,18.3,2026-05-13T12:29:19.637Z
sensor.shellyplugsg3_8cbfeaa49324_potencia,17.3,2026-05-13T12:29:26.830Z
sensor.shellyplugsg3_8cbfeaa49324_potencia,17.6,2026-05-13T12:29:31.972Z
sensor.shellyplugsg3_8cbfeaa49324_potencia,12.4,2026-05-13T12:29:39.278Z
sensor.shellyplugsg3_8cbfeaa49324_potencia,17.0,2026-05-13T12:29:44.322Z
sensor.shellyplugsg3_8cbfeaa49324_potencia,17.8,2026-05-13T12:29:50.487Z
sensor.shellyplugsg3_8cbfeaa49324_potencia,17.5,2026-05-13T12:29:55.629Z
sensor.shellyplugsg3_8cbfeaa49324_potencia,17.9,2026-05-13T12:30:00.038Z
sensor.shellyplugsg3_8cbfeaa49324_potencia,18.9,2026-05-13T12:30:01.905Z
sensor.shellyplugsg3_8cbfeaa49324_potencia,17.5,2026-05-13T12:30:06.946Z
sensor.shellyplugsg3_8cbfeaa49324_potencia,17.2,2026-05-13T12:30:14.142Z
sensor.shellyplugsg3_8cbfeaa49324_potencia,17.3,2026-05-13T12:30:19.282Z
sensor.shellyplugsg3_8cbfeaa49324_potencia,18.7,2026-05-13T12:30:25.449Z
sensor.shellyplugsg3_8cbfeaa49324_potencia,17.5,2026-05-13T12:30:30.590Z
sensor.shellyplugsg3_8cbfeaa49324_potencia,18.6,2026-05-13T12:30:36.867Z
sensor.shellyplugsg3_8cbfeaa49324_potencia,16.8,2026-05-13T12:30:41.910Z
sensor.shellyplugsg3_8cbfeaa49324_potencia,18.5,2026-05-13T12:30:47.160Z
sensor.shellyplugsg3_8cbfeaa49324_potencia,17.0,2026-05-13T12:30:55.284Z
sensor.shellyplugsg3_8cbfeaa49324_potencia,17.9,2026-05-13T12:31:00.036Z
sensor.shellyplugsg3_8cbfeaa49324_potencia,12.8,2026-05-13T12:31:02.481Z
sensor.shellyplugsg3_8cbfeaa49324_potencia,17.1,2026-05-13T12:31:07.622Z
sensor.shellyplugsg3_8cbfeaa49324_potencia,17.9,2026-05-13T12:31:15.846Z
sensor.shellyplugsg3_8cbfeaa49324_potencia,17.5,2026-05-13T12:31:22.012Z
sensor.shellyplugsg3_8cbfeaa49324_potencia,16.4,2026-05-13T12:31:30.235Z
sensor.shellyplugsg3_8cbfeaa49324_potencia,18.0,2026-05-13T12:31:35.374Z
sensor.shellyplugsg3_8cbfeaa49324_potencia,17.6,2026-05-13T12:31:42.572Z
sensor.shellyplugsg3_8cbfeaa49324_potencia,17.1,2026-05-13T12:31:53.880Z
sensor.shellyplugsg3_8cbfeaa49324_potencia,18.2,2026-05-13T12:32:08.380Z
sensor.shellyplugsg3_8cbfeaa49324_potencia,15.9,2026-05-13T12:32:13.532Z
sensor.shellyplugsg3_8cbfeaa49324_potencia,16.7,2026-05-13T12:32:18.575Z
sensor.shellyplugsg3_8cbfeaa49324_potencia,18.0,2026-05-13T12:32:24.741Z
sensor.shellyplugsg3_8cbfeaa49324_potencia,17.5,2026-05-13T12:32:29.883Z
sensor.shellyplugsg3_8cbfeaa49324_potencia,15.3,2026-05-13T12:32:38.216Z
sensor.shellyplugsg3_8cbfeaa49324_potencia,10.3,2026-05-13T12:32:43.260Z
sensor.shellyplugsg3_8cbfeaa49324_potencia,10.1,2026-05-13T12:33:00.032Z
sensor.shellyplugsg3_8cbfeaa49324_potencia,13.1,2026-05-13T12:33:42.983Z
sensor.shellyplugsg3_8cbfeaa49324_potencia,15.9,2026-05-13T12:33:48.026Z
sensor.shellyplugsg3_8cbfeaa49324_potencia,17.2,2026-05-13T12:33:53.163Z
sensor.shellyplugsg3_8cbfeaa49324_potencia,17.0,2026-05-13T12:34:00.031Z
sensor.shellyplugsg3_8cbfeaa49324_potencia,17.5,2026-05-13T12:34:00.357Z
sensor.shellyplugsg3_8cbfeaa49324_potencia,18.6,2026-05-13T12:34:07.665Z
sensor.shellyplugsg3_8cbfeaa49324_potencia,16.9,2026-05-13T12:34:12.708Z
sensor.shellyplugsg3_8cbfeaa49324_potencia,18.0,2026-05-13T12:34:17.956Z
sensor.shellyplugsg3_8cbfeaa49324_potencia,17.4,2026-05-13T12:34:24.028Z
sensor.shellyplugsg3_8cbfeaa49324_potencia,18.5,2026-05-13T12:34:32.250Z
sensor.shellyplugsg3_8cbfeaa49324_potencia,18.1,2026-05-13T12:34:37.388Z
sensor.shellyplugsg3_8cbfeaa49324_potencia,13.5,2026-05-13T12:34:44.697Z
sensor.shellyplugsg3_8cbfeaa49324_potencia,18.3,2026-05-13T12:34:49.741Z
sensor.shellyplugsg3_8cbfeaa49324_potencia,18.1,2026-05-13T12:34:55.907Z
sensor.shellyplugsg3_8cbfeaa49324_potencia,16.7,2026-05-13T12:35:00.029Z
sensor.shellyplugsg3_8cbfeaa49324_potencia,17.4,2026-05-13T12:35:01.049Z
sensor.shellyplugsg3_8cbfeaa49324_potencia,17.7,2026-05-13T12:35:07.215Z
sensor.shellyplugsg3_8cbfeaa49324_potencia,17.3,2026-05-13T12:35:13.384Z
sensor.shellyplugsg3_8cbfeaa49324_potencia,13.8,2026-05-13T12:35:21.607Z
sensor.shellyplugsg3_8cbfeaa49324_potencia,16.9,2026-05-13T12:35:26.748Z
sensor.shellyplugsg3_8cbfeaa49324_potencia,16.5,2026-05-13T12:35:31.886Z
sensor.shellyplugsg3_8cbfeaa49324_potencia,17.7,2026-05-13T12:35:37.137Z
sensor.shellyplugsg3_8cbfeaa49324_potencia,18.9,2026-05-13T12:35:42.179Z
sensor.shellyplugsg3_8cbfeaa49324_potencia,17.5,2026-05-13T12:35:49.376Z
sensor.shellyplugsg3_8cbfeaa49324_potencia,13.2,2026-05-13T12:35:57.710Z
sensor.shellyplugsg3_8cbfeaa49324_potencia,16.7,2026-05-13T12:36:00.026Z
sensor.shellyplugsg3_8cbfeaa49324_potencia,17.4,2026-05-13T12:36:02.753Z
sensor.shellyplugsg3_8cbfeaa49324_potencia,18.5,2026-05-13T12:36:08.001Z
sensor.shellyplugsg3_8cbfeaa49324_potencia,17.0,2026-05-13T12:36:14.071Z
sensor.shellyplugsg3_8cbfeaa49324_potencia,18.2,2026-05-13T12:36:19.210Z
sensor.shellyplugsg3_8cbfeaa49324_potencia,17.5,2026-05-13T12:36:25.379Z
sensor.shellyplugsg3_8cbfeaa49324_potencia,13.4,2026-05-13T12:36:33.714Z
sensor.shellyplugsg3_8cbfeaa49324_potencia,16.9,2026-05-13T12:36:38.758Z
sensor.shellyplugsg3_8cbfeaa49324_potencia,18.1,2026-05-13T12:36:43.896Z
sensor.shellyplugsg3_8cbfeaa49324_potencia,13.2,2026-05-13T12:36:57.369Z
sensor.shellyplugsg3_8cbfeaa49324_potencia,17.8,2026-05-13T12:37:00.025Z
sensor.shellyplugsg3_8cbfeaa49324_potencia,19.0,2026-05-13T12:37:02.412Z
sensor.shellyplugsg3_8cbfeaa49324_potencia,18.5,2026-05-13T12:37:07.551Z
sensor.shellyplugsg3_8cbfeaa49324_potencia,18.4,2026-05-13T12:37:12.692Z
sensor.shellyplugsg3_8cbfeaa49324_potencia,17.3,2026-05-13T12:37:18.970Z
sensor.shellyplugsg3_8cbfeaa49324_potencia,18.7,2026-05-13T12:37:27.206Z
sensor.shellyplugsg3_8cbfeaa49324_potencia,15.8,2026-05-13T12:37:32.359Z
sensor.shellyplugsg3_8cbfeaa49324_potencia,17.8,2026-05-13T12:37:37.401Z
sensor.shellyplugsg3_8cbfeaa49324_potencia,14.4,2026-05-13T12:37:44.708Z
sensor.shellyplugsg3_8cbfeaa49324_potencia,16.4,2026-05-13T12:37:50.776Z
sensor.shellyplugsg3_8cbfeaa49324_potencia,18.1,2026-05-13T12:37:55.916Z
sensor.shellyplugsg3_8cbfeaa49324_potencia,17.8,2026-05-13T12:38:00.023Z
sensor.shellyplugsg3_8cbfeaa49324_potencia,16.8,2026-05-13T12:38:01.055Z
sensor.shellyplugsg3_8cbfeaa49324_potencia,17.3,2026-05-13T12:38:06.195Z
sensor.shellyplugsg3_8cbfeaa49324_potencia,18.5,2026-05-13T12:38:19.557Z
sensor.shellyplugsg3_8cbfeaa49324_potencia,17.0,2026-05-13T12:38:24.696Z
sensor.shellyplugsg3_8cbfeaa49324_potencia,18.4,2026-05-13T12:38:29.836Z
sensor.shellyplugsg3_8cbfeaa49324_potencia,17.3,2026-05-13T12:38:37.032Z
sensor.shellyplugsg3_8cbfeaa49324_potencia,13.6,2026-05-13T12:38:44.227Z
sensor.shellyplugsg3_8cbfeaa49324_potencia,17.5,2026-05-13T12:38:49.367Z
sensor.shellyplugsg3_8cbfeaa49324_potencia,17.4,2026-05-13T12:38:55.583Z
sensor.shellyplugsg3_8cbfeaa49324_potencia,17.0,2026-05-13T12:39:00.021Z
sensor.shellyplugsg3_8cbfeaa49324_potencia,17.1,2026-05-13T12:39:05.813Z
sensor.shellyplugsg3_8cbfeaa49324_potencia,16.7,2026-05-13T12:39:11.980Z
sensor.shellyplugsg3_8cbfeaa49324_potencia,17.7,2026-05-13T12:39:17.120Z
sensor.shellyplugsg3_8cbfeaa49324_potencia,17.2,2026-05-13T12:39:24.317Z
sensor.shellyplugsg3_8cbfeaa49324_potencia,18.5,2026-05-13T12:39:29.567Z
sensor.shellyplugsg3_8cbfeaa49324_potencia,17.2,2026-05-13T12:39:34.610Z
sensor.shellyplugsg3_8cbfeaa49324_potencia,18.3,2026-05-13T12:39:39.859Z
sensor.shellyplugsg3_8cbfeaa49324_potencia,12.4,2026-05-13T12:39:44.902Z
sensor.shellyplugsg3_8cbfeaa49324_potencia,17.2,2026-05-13T12:39:50.043Z
sensor.shellyplugsg3_8cbfeaa49324_potencia,14.3,2026-05-13T12:39:58.265Z
sensor.shellyplugsg3_8cbfeaa49324_potencia,17.3,2026-05-13T12:40:00.019Z
sensor.shellyplugsg3_8cbfeaa49324_potencia,16.7,2026-05-13T12:40:08.546Z
sensor.shellyplugsg3_8cbfeaa49324_potencia,17.1,2026-05-13T12:40:13.685Z
sensor.shellyplugsg3_8cbfeaa49324_potencia,17.2,2026-05-13T12:40:18.823Z
sensor.shellyplugsg3_8cbfeaa49324_potencia,17.1,2026-05-13T12:40:24.993Z
sensor.shellyplugsg3_8cbfeaa49324_potencia,17.2,2026-05-13T12:40:32.186Z
sensor.shellyplugsg3_8cbfeaa49324_potencia,17.0,2026-05-13T12:40:37.327Z
sensor.shellyplugsg3_8cbfeaa49324_potencia,13.2,2026-05-13T12:40:45.662Z
sensor.shellyplugsg3_8cbfeaa49324_potencia,17.1,2026-05-13T12:40:50.705Z
sensor.shellyplugsg3_8cbfeaa49324_potencia,13.2,2026-05-13T12:40:57.900Z
sensor.shellyplugsg3_8cbfeaa49324_potencia,16.8,2026-05-13T12:41:00.016Z
sensor.shellyplugsg3_8cbfeaa49324_potencia,17.3,2026-05-13T12:41:03.039Z
sensor.shellyplugsg3_8cbfeaa49324_potencia,17.1,2026-05-13T12:41:08.177Z
sensor.shellyplugsg3_8cbfeaa49324_potencia,18.4,2026-05-13T12:41:14.347Z
sensor.shellyplugsg3_8cbfeaa49324_potencia,18.6,2026-05-13T12:41:20.512Z
sensor.shellyplugsg3_8cbfeaa49324_potencia,18.1,2026-05-13T12:41:25.653Z
sensor.shellyplugsg3_8cbfeaa49324_potencia,15.5,2026-05-13T12:41:32.957Z
sensor.shellyplugsg3_8cbfeaa49324_potencia,17.0,2026-05-13T12:41:38.001Z
sensor.shellyplugsg3_8cbfeaa49324_potencia,18.5,2026-05-13T12:41:45.194Z
sensor.shellyplugsg3_8cbfeaa49324_potencia,10.9,2026-05-13T12:41:50.334Z
sensor.shellyplugsg3_8cbfeaa49324_potencia,11.7,2026-05-13T12:42:00.015Z
sensor.shellyplugsg3_8cbfeaa49324_potencia,12.1,2026-05-13T12:42:50.056Z
sensor.shellyplugsg3_8cbfeaa49324_potencia,15.8,2026-05-13T12:42:55.100Z
sensor.shellyplugsg3_8cbfeaa49324_potencia,17.5,2026-05-13T12:43:00.013Z
sensor.shellyplugsg3_8cbfeaa49324_potencia,17.4,2026-05-13T12:43:02.292Z
sensor.shellyplugsg3_8cbfeaa49324_potencia,17.1,2026-05-13T12:43:07.431Z
sensor.shellyplugsg3_8cbfeaa49324_potencia,15.4,2026-05-13T12:43:16.793Z
sensor.shellyplugsg3_8cbfeaa49324_potencia,17.7,2026-05-13T12:43:21.835Z
sensor.shellyplugsg3_8cbfeaa49324_potencia,18.8,2026-05-13T12:43:26.976Z
sensor.shellyplugsg3_8cbfeaa49324_potencia,17.0,2026-05-13T12:43:32.115Z
sensor.shellyplugsg3_8cbfeaa49324_potencia,18.2,2026-05-13T12:43:38.395Z
sensor.shellyplugsg3_8cbfeaa49324_potencia,17.1,2026-05-13T12:43:44.463Z
sensor.shellyplugsg3_8cbfeaa49324_potencia,17.3,2026-05-13T12:43:49.603Z
sensor.shellyplugsg3_8cbfeaa49324_potencia,18.1,2026-05-13T12:43:56.800Z
sensor.shellyplugsg3_8cbfeaa49324_potencia,18.0,2026-05-13T12:44:00.011Z
sensor.shellyplugsg3_8cbfeaa49324_potencia,12.3,2026-05-13T12:44:05.163Z
sensor.shellyplugsg3_8cbfeaa49324_potencia,16.8,2026-05-13T12:44:10.206Z
sensor.shellyplugsg3_8cbfeaa49324_potencia,18.0,2026-05-13T12:44:15.343Z
sensor.shellyplugsg3_8cbfeaa49324_potencia,17.9,2026-05-13T12:44:21.509Z
sensor.shellyplugsg3_8cbfeaa49324_potencia,14.1,2026-05-13T12:44:28.818Z
sensor.shellyplugsg3_8cbfeaa49324_potencia,18.1,2026-05-13T12:44:33.861Z
sensor.shellyplugsg3_8cbfeaa49324_potencia,14.3,2026-05-13T12:44:41.168Z
sensor.shellyplugsg3_8cbfeaa49324_potencia,16.9,2026-05-13T12:44:46.211Z
sensor.shellyplugsg3_8cbfeaa49324_potencia,18.2,2026-05-13T12:44:51.349Z
sensor.shellyplugsg3_8cbfeaa49324_potencia,17.5,2026-05-13T12:44:57.516Z
sensor.shellyplugsg3_8cbfeaa49324_potencia,17.4,2026-05-13T12:45:00.009Z
sensor.shellyplugsg3_8cbfeaa49324_potencia,18.9,2026-05-13T12:45:03.794Z
sensor.shellyplugsg3_8cbfeaa49324_potencia,17.3,2026-05-13T12:45:08.838Z
sensor.shellyplugsg3_8cbfeaa49324_potencia,18.4,2026-05-13T12:45:23.337Z
sensor.shellyplugsg3_8cbfeaa49324_potencia,16.9,2026-05-13T12:45:30.436Z
sensor.shellyplugsg3_8cbfeaa49324_potencia,18.0,2026-05-13T12:45:36.602Z
sensor.shellyplugsg3_8cbfeaa49324_potencia,13.4,2026-05-13T12:45:41.853Z
sensor.shellyplugsg3_8cbfeaa49324_potencia,17.3,2026-05-13T12:45:46.897Z
sensor.shellyplugsg3_8cbfeaa49324_potencia,17.5,2026-05-13T12:45:53.063Z
sensor.shellyplugsg3_8cbfeaa49324_potencia,17.6,2026-05-13T12:45:58.203Z
sensor.shellyplugsg3_8cbfeaa49324_potencia,17.9,2026-05-13T12:46:00.006Z
sensor.shellyplugsg3_8cbfeaa49324_potencia,14.1,2026-05-13T12:46:05.511Z
sensor.shellyplugsg3_8cbfeaa49324_potencia,17.6,2026-05-13T12:46:10.554Z
sensor.shellyplugsg3_8cbfeaa49324_potencia,18.8,2026-05-13T12:46:15.803Z
sensor.shellyplugsg3_8cbfeaa49324_potencia,17.9,2026-05-13T12:46:21.872Z
sensor.shellyplugsg3_8cbfeaa49324_potencia,14.0,2026-05-13T12:46:30.208Z
sensor.shellyplugsg3_8cbfeaa49324_potencia,17.5,2026-05-13T12:46:35.251Z
sensor.shellyplugsg3_8cbfeaa49324_potencia,18.8,2026-05-13T12:46:40.389Z
sensor.shellyplugsg3_8cbfeaa49324_potencia,17.5,2026-05-13T12:46:45.530Z
sensor.shellyplugsg3_8cbfeaa49324_potencia,18.5,2026-05-13T12:46:52.724Z
sensor.shellyplugsg3_8cbfeaa49324_potencia,17.7,2026-05-13T12:46:57.864Z
sensor.shellyplugsg3_8cbfeaa49324_potencia,13.6,2026-05-13T12:47:06.199Z
sensor.shellyplugsg3_8cbfeaa49324_potencia,16.7,2026-05-13T12:47:11.242Z
sensor.shellyplugsg3_8cbfeaa49324_potencia,18.9,2026-05-13T12:47:16.380Z
sensor.shellyplugsg3_8cbfeaa49324_potencia,18.2,2026-05-13T12:47:21.519Z
sensor.shellyplugsg3_8cbfeaa49324_potencia,18.3,2026-05-13T12:47:26.660Z
sensor.shellyplugsg3_8cbfeaa49324_potencia,17.6,2026-05-13T12:47:34.883Z
sensor.shellyplugsg3_8cbfeaa49324_potencia,13.7,2026-05-13T12:47:43.220Z
sensor.shellyplugsg3_8cbfeaa49324_potencia,18.2,2026-05-13T12:47:48.264Z
sensor.shellyplugsg3_8cbfeaa49324_potencia,16.8,2026-05-13T12:47:55.568Z
sensor.shellyplugsg3_8cbfeaa49324_potencia,17.8,2026-05-13T12:48:00.002Z
sensor.shellyplugsg3_8cbfeaa49324_potencia,17.9,2026-05-13T12:48:03.692Z
sensor.shellyplugsg3_8cbfeaa49324_potencia,17.7,2026-05-13T12:48:10.890Z
sensor.shellyplugsg3_8cbfeaa49324_potencia,13.9,2026-05-13T12:48:19.224Z
sensor.shellyplugsg3_8cbfeaa49324_potencia,17.9,2026-05-13T12:48:24.268Z
sensor.shellyplugsg3_8cbfeaa49324_potencia,15.6,2026-05-13T12:48:31.573Z
sensor.shellyplugsg3_8cbfeaa49324_potencia,18.6,2026-05-13T12:48:36.614Z
sensor.shellyplugsg3_8cbfeaa49324_potencia,17.4,2026-05-13T12:48:44.836Z
sensor.shellyplugsg3_8cbfeaa49324_potencia,15.6,2026-05-13T12:48:51.115Z
sensor.shellyplugsg3_8cbfeaa49324_potencia,16.7,2026-05-13T12:48:56.157Z
sensor.shellyplugsg3_8cbfeaa49324_potencia,16.9,2026-05-13T12:49:00.064Z
sensor.shellyplugsg3_8cbfeaa49324_potencia,18.0,2026-05-13T12:49:04.491Z
sensor.shellyplugsg3_8cbfeaa49324_potencia,17.3,2026-05-13T12:49:11.588Z
sensor.shellyplugsg3_8cbfeaa49324_potencia,15.1,2026-05-13T12:49:19.811Z
sensor.shellyplugsg3_8cbfeaa49324_potencia,16.7,2026-05-13T12:49:24.953Z
sensor.shellyplugsg3_8cbfeaa49324_potencia,18.0,2026-05-13T12:49:30.091Z
sensor.shellyplugsg3_8cbfeaa49324_potencia,16.7,2026-05-13T12:49:35.232Z
sensor.shellyplugsg3_8cbfeaa49324_potencia,17.0,2026-05-13T12:49:40.370Z
sensor.shellyplugsg3_8cbfeaa49324_potencia,14.6,2026-05-13T12:49:45.510Z
sensor.shellyplugsg3_8cbfeaa49324_potencia,17.2,2026-05-13T12:49:50.650Z
sensor.shellyplugsg3_8cbfeaa49324_potencia,16.9,2026-05-13T12:49:55.790Z
sensor.shellyplugsg3_8cbfeaa49324_potencia,16.6,2026-05-13T12:50:00.063Z
sensor.shellyplugsg3_8cbfeaa49324_potencia,17.1,2026-05-13T12:50:00.929Z
sensor.shellyplugsg3_8cbfeaa49324_potencia,13.0,2026-05-13T12:50:09.186Z
sensor.shellyplugsg3_8cbfeaa49324_potencia,17.3,2026-05-13T12:50:14.326Z
sensor.shellyplugsg3_8cbfeaa49324_potencia,18.3,2026-05-13T12:50:20.603Z
sensor.shellyplugsg3_8cbfeaa49324_potencia,17.5,2026-05-13T12:50:25.644Z
sensor.shellyplugsg3_8cbfeaa49324_potencia,16.3,2026-05-13T12:50:31.923Z
sensor.shellyplugsg3_8cbfeaa49324_potencia,16.8,2026-05-13T12:50:37.994Z
sensor.shellyplugsg3_8cbfeaa49324_potencia,18.0,2026-05-13T12:50:44.159Z
sensor.shellyplugsg3_8cbfeaa49324_potencia,17.2,2026-05-13T12:50:50.328Z
sensor.shellyplugsg3_8cbfeaa49324_potencia,12.9,2026-05-13T12:50:58.662Z
sensor.shellyplugsg3_8cbfeaa49324_potencia,11.3,2026-05-13T12:51:00.060Z
sensor.shellyplugsg3_8cbfeaa49324_potencia,10.1,2026-05-13T12:51:04.733Z
sensor.shellyplugsg3_8cbfeaa49324_potencia,10.9,2026-05-13T12:52:00.058Z
sensor.shellyplugsg3_8cbfeaa49324_potencia,12.5,2026-05-13T12:52:02.399Z
sensor.shellyplugsg3_8cbfeaa49324_potencia,16.7,2026-05-13T12:52:07.442Z
sensor.shellyplugsg3_8cbfeaa49324_potencia,18.4,2026-05-13T12:52:12.690Z
sensor.shellyplugsg3_8cbfeaa49324_potencia,16.9,2026-05-13T12:52:18.759Z
sensor.shellyplugsg3_8cbfeaa49324_potencia,18.4,2026-05-13T12:52:25.958Z
sensor.shellyplugsg3_8cbfeaa49324_potencia,16.8,2026-05-13T12:52:32.125Z
sensor.shellyplugsg3_8cbfeaa49324_potencia,18.8,2026-05-13T12:52:38.291Z
sensor.shellyplugsg3_8cbfeaa49324_potencia,17.5,2026-05-13T12:52:45.487Z
sensor.shellyplugsg3_8cbfeaa49324_potencia,13.8,2026-05-13T12:52:53.822Z
sensor.shellyplugsg3_8cbfeaa49324_potencia,16.4,2026-05-13T12:52:58.865Z
sensor.shellyplugsg3_8cbfeaa49324_potencia,17.0,2026-05-13T12:53:00.057Z
sensor.shellyplugsg3_8cbfeaa49324_potencia,16.8,2026-05-13T12:53:06.094Z
sensor.shellyplugsg3_8cbfeaa49324_potencia,18.2,2026-05-13T12:53:11.344Z
sensor.shellyplugsg3_8cbfeaa49324_potencia,16.7,2026-05-13T12:53:17.412Z
sensor.shellyplugsg3_8cbfeaa49324_potencia,18.2,2026-05-13T12:53:22.555Z
sensor.shellyplugsg3_8cbfeaa49324_potencia,18.5,2026-05-13T12:53:27.693Z
sensor.shellyplugsg3_8cbfeaa49324_potencia,17.5,2026-05-13T12:53:34.889Z
sensor.shellyplugsg3_8cbfeaa49324_potencia,17.6,2026-05-13T12:53:40.028Z
sensor.shellyplugsg3_8cbfeaa49324_potencia,17.8,2026-05-13T12:53:46.196Z
sensor.shellyplugsg3_8cbfeaa49324_potencia,16.7,2026-05-13T12:53:54.419Z
sensor.shellyplugsg3_8cbfeaa49324_potencia,16.9,2026-05-13T12:53:59.560Z
sensor.shellyplugsg3_8cbfeaa49324_potencia,18.1,2026-05-13T12:54:00.054Z
sensor.shellyplugsg3_8cbfeaa49324_potencia,16.9,2026-05-13T12:54:04.699Z
sensor.shellyplugsg3_8cbfeaa49324_potencia,16.5,2026-05-13T12:54:09.838Z
sensor.shellyplugsg3_8cbfeaa49324_potencia,17.8,2026-05-13T12:54:16.005Z
sensor.shellyplugsg3_8cbfeaa49324_potencia,17.9,2026-05-13T12:54:23.202Z
sensor.shellyplugsg3_8cbfeaa49324_potencia,13.2,2026-05-13T12:54:32.564Z
sensor.shellyplugsg3_8cbfeaa49324_potencia,17.2,2026-05-13T12:54:37.608Z
sensor.shellyplugsg3_8cbfeaa49324_potencia,18.4,2026-05-13T12:54:42.744Z
sensor.shellyplugsg3_8cbfeaa49324_potencia,18.7,2026-05-13T12:54:47.883Z
sensor.shellyplugsg3_8cbfeaa49324_potencia,16.2,2026-05-13T12:54:56.106Z
sensor.shellyplugsg3_8cbfeaa49324_potencia,17.7,2026-05-13T12:55:00.051Z
sensor.shellyplugsg3_8cbfeaa49324_potencia,17.5,2026-05-13T12:55:01.249Z
sensor.shellyplugsg3_8cbfeaa49324_potencia,12.3,2026-05-13T12:55:08.556Z
sensor.shellyplugsg3_8cbfeaa49324_potencia,17.1,2026-05-13T12:55:13.600Z
sensor.shellyplugsg3_8cbfeaa49324_potencia,17.7,2026-05-13T12:55:19.766Z
sensor.shellyplugsg3_8cbfeaa49324_potencia,17.3,2026-05-13T12:55:25.936Z
sensor.shellyplugsg3_8cbfeaa49324_potencia,18.2,2026-05-13T12:55:32.101Z
sensor.shellyplugsg3_8cbfeaa49324_potencia,18.0,2026-05-13T12:55:38.269Z
sensor.shellyplugsg3_8cbfeaa49324_potencia,18.3,2026-05-13T12:55:43.408Z
sensor.shellyplugsg3_8cbfeaa49324_potencia,17.6,2026-05-13T12:55:49.577Z
sensor.shellyplugsg3_8cbfeaa49324_potencia,18.0,2026-05-13T12:55:56.771Z
sensor.shellyplugsg3_8cbfeaa49324_potencia,16.3,2026-05-13T12:56:00.049Z
sensor.shellyplugsg3_8cbfeaa49324_potencia,18.9,2026-05-13T12:56:03.966Z
sensor.shellyplugsg3_8cbfeaa49324_potencia,13.7,2026-05-13T12:56:10.136Z
sensor.shellyplugsg3_8cbfeaa49324_potencia,18.0,2026-05-13T12:56:16.302Z
sensor.shellyplugsg3_8cbfeaa49324_potencia,13.6,2026-05-13T12:56:23.609Z
sensor.shellyplugsg3_8cbfeaa49324_potencia,18.6,2026-05-13T12:56:28.652Z
sensor.shellyplugsg3_8cbfeaa49324_potencia,15.7,2026-05-13T12:56:35.846Z
sensor.shellyplugsg3_8cbfeaa49324_potencia,18.3,2026-05-13T12:56:40.987Z
sensor.shellyplugsg3_8cbfeaa49324_potencia,15.4,2026-05-13T12:56:47.263Z
sensor.shellyplugsg3_8cbfeaa49324_potencia,16.9,2026-05-13T12:56:52.306Z
sensor.shellyplugsg3_8cbfeaa49324_potencia,17.7,2026-05-13T12:56:58.473Z
sensor.shellyplugsg3_8cbfeaa49324_potencia,17.1,2026-05-13T12:57:00.048Z
sensor.shellyplugsg3_8cbfeaa49324_potencia,18.2,2026-05-13T12:57:10.808Z
sensor.shellyplugsg3_8cbfeaa49324_potencia,17.9,2026-05-13T12:57:15.950Z
sensor.shellyplugsg3_8cbfeaa49324_potencia,15.7,2026-05-13T12:57:24.283Z
sensor.shellyplugsg3_8cbfeaa49324_potencia,17.3,2026-05-13T12:57:29.324Z
sensor.shellyplugsg3_8cbfeaa49324_potencia,18.6,2026-05-13T12:57:35.492Z
sensor.shellyplugsg3_8cbfeaa49324_potencia,17.1,2026-05-13T12:57:40.633Z
sensor.shellyplugsg3_8cbfeaa49324_potencia,18.3,2026-05-13T12:57:46.799Z
sensor.shellyplugsg3_8cbfeaa49324_potencia,18.2,2026-05-13T12:57:52.966Z
sensor.shellyplugsg3_8cbfeaa49324_potencia,17.8,2026-05-13T12:57:58.106Z
sensor.shellyplugsg3_8cbfeaa49324_potencia,18.1,2026-05-13T12:58:00.046Z
sensor.shellyplugsg3_8cbfeaa49324_potencia,17.1,2026-05-13T12:58:05.304Z
sensor.shellyplugsg3_8cbfeaa49324_potencia,12.4,2026-05-13T12:58:14.667Z
sensor.shellyplugsg3_8cbfeaa49324_potencia,17.6,2026-05-13T12:58:19.711Z
sensor.shellyplugsg3_8cbfeaa49324_potencia,12.8,2026-05-13T12:58:27.016Z
sensor.shellyplugsg3_8cbfeaa49324_potencia,17.7,2026-05-13T12:58:32.060Z
sensor.shellyplugsg3_8cbfeaa49324_potencia,15.1,2026-05-13T12:58:39.366Z
sensor.shellyplugsg3_8cbfeaa49324_potencia,16.5,2026-05-13T12:58:44.410Z
sensor.shellyplugsg3_8cbfeaa49324_potencia,17.2,2026-05-13T12:58:54.691Z
sensor.shellyplugsg3_8cbfeaa49324_potencia,16.7,2026-05-13T12:59:00.044Z
sensor.shellyplugsg3_8cbfeaa49324_potencia,16.8,2026-05-13T12:59:07.037Z
sensor.shellyplugsg3_8cbfeaa49324_potencia,17.9,2026-05-13T12:59:13.204Z
sensor.shellyplugsg3_8cbfeaa49324_potencia,18.0,2026-05-13T12:59:20.401Z
sensor.shellyplugsg3_8cbfeaa49324_potencia,16.5,2026-05-13T12:59:25.539Z
sensor.shellyplugsg3_8cbfeaa49324_potencia,16.7,2026-05-13T12:59:31.708Z
sensor.shellyplugsg3_8cbfeaa49324_potencia,18.0,2026-05-13T12:59:37.873Z
sensor.shellyplugsg3_8cbfeaa49324_potencia,17.7,2026-05-13T12:59:45.070Z
sensor.shellyplugsg3_8cbfeaa49324_potencia,15.4,2026-05-13T12:59:53.403Z
sensor.shellyplugsg3_8cbfeaa49324_potencia,17.1,2026-05-13T12:59:59.471Z
sensor.shellyplugsg3_8cbfeaa49324_potencia,18.2,2026-05-13T13:00:00.041Z
sensor.shellyplugsg3_8cbfeaa49324_potencia,18.1,2026-05-13T13:00:11.806Z
sensor.shellyplugsg3_8cbfeaa49324_potencia,13.6,2026-05-13T13:00:18.087Z
sensor.shellyplugsg3_8cbfeaa49324_potencia,11.0,2026-05-13T13:00:23.130Z
sensor.shellyplugsg3_8cbfeaa49324_potencia,10.0,2026-05-13T13:00:40.713Z
sensor.shellyplugsg3_8cbfeaa49324_potencia,11.1,2026-05-13T13:01:20.810Z
sensor.shellyplugsg3_8cbfeaa49324_potencia,15.6,2026-05-13T13:01:27.908Z
sensor.shellyplugsg3_8cbfeaa49324_potencia,16.2,2026-05-13T13:01:34.073Z
sensor.shellyplugsg3_8cbfeaa49324_potencia,15.8,2026-05-13T13:01:40.240Z
sensor.shellyplugsg3_8cbfeaa49324_potencia,16.9,2026-05-13T13:01:45.430Z
sensor.shellyplugsg3_8cbfeaa49324_potencia,12.4,2026-05-13T13:01:50.521Z
sensor.shellyplugsg3_8cbfeaa49324_potencia,17.5,2026-05-13T13:01:55.661Z
sensor.shellyplugsg3_8cbfeaa49324_potencia,18.0,2026-05-13T13:02:00.038Z
sensor.shellyplugsg3_8cbfeaa49324_potencia,16.9,2026-05-13T13:02:07.996Z
sensor.shellyplugsg3_8cbfeaa49324_potencia,18.1,2026-05-13T13:02:14.162Z
sensor.shellyplugsg3_8cbfeaa49324_potencia,16.7,2026-05-13T13:02:19.303Z
sensor.shellyplugsg3_8cbfeaa49324_potencia,17.9,2026-05-13T13:02:26.497Z
sensor.shellyplugsg3_8cbfeaa49324_potencia,17.2,2026-05-13T13:02:32.666Z
sensor.shellyplugsg3_8cbfeaa49324_potencia,12.4,2026-05-13T13:02:41.001Z
sensor.shellyplugsg3_8cbfeaa49324_potencia,16.8,2026-05-13T13:02:46.044Z
sensor.shellyplugsg3_8cbfeaa49324_potencia,18.0,2026-05-13T13:02:51.182Z
sensor.shellyplugsg3_8cbfeaa49324_potencia,16.6,2026-05-13T13:02:58.378Z
sensor.shellyplugsg3_8cbfeaa49324_potencia,18.1,2026-05-13T13:03:00.035Z
sensor.shellyplugsg3_8cbfeaa49324_potencia,17.7,2026-05-13T13:03:03.518Z
sensor.shellyplugsg3_8cbfeaa49324_potencia,16.3,2026-05-13T13:03:09.685Z
sensor.shellyplugsg3_8cbfeaa49324_potencia,17.4,2026-05-13T13:03:14.825Z
sensor.shellyplugsg3_8cbfeaa49324_potencia,16.6,2026-05-13T13:03:22.022Z
sensor.shellyplugsg3_8cbfeaa49324_potencia,17.9,2026-05-13T13:03:28.191Z
sensor.shellyplugsg3_8cbfeaa49324_potencia,17.8,2026-05-13T13:03:35.386Z
sensor.shellyplugsg3_8cbfeaa49324_potencia,16.6,2026-05-13T13:03:43.718Z
sensor.shellyplugsg3_8cbfeaa49324_potencia,18.0,2026-05-13T13:03:48.871Z
sensor.shellyplugsg3_8cbfeaa49324_potencia,15.6,2026-05-13T13:03:56.079Z
sensor.shellyplugsg3_8cbfeaa49324_potencia,17.4,2026-05-13T13:04:00.033Z
sensor.shellyplugsg3_8cbfeaa49324_potencia,17.2,2026-05-13T13:04:02.148Z
sensor.shellyplugsg3_8cbfeaa49324_potencia,17.7,2026-05-13T13:04:08.314Z
sensor.shellyplugsg3_8cbfeaa49324_potencia,17.9,2026-05-13T13:04:13.456Z
sensor.shellyplugsg3_8cbfeaa49324_potencia,16.3,2026-05-13T13:04:20.760Z
sensor.shellyplugsg3_8cbfeaa49324_potencia,17.3,2026-05-13T13:04:25.803Z
sensor.shellyplugsg3_8cbfeaa49324_potencia,14.8,2026-05-13T13:04:34.135Z
sensor.shellyplugsg3_8cbfeaa49324_potencia,17.0,2026-05-13T13:04:39.177Z
sensor.shellyplugsg3_8cbfeaa49324_potencia,18.3,2026-05-13T13:04:44.316Z
sensor.shellyplugsg3_8cbfeaa49324_potencia,17.4,2026-05-13T13:04:50.484Z
sensor.shellyplugsg3_8cbfeaa49324_potencia,18.4,2026-05-13T13:04:56.650Z
sensor.shellyplugsg3_8cbfeaa49324_potencia,17.6,2026-05-13T13:05:00.029Z
sensor.shellyplugsg3_8cbfeaa49324_potencia,17.0,2026-05-13T13:05:02.817Z
sensor.shellyplugsg3_8cbfeaa49324_potencia,18.2,2026-05-13T13:05:07.955Z
sensor.shellyplugsg3_8cbfeaa49324_potencia,17.3,2026-05-13T13:05:15.152Z
sensor.shellyplugsg3_8cbfeaa49324_potencia,18.4,2026-05-13T13:05:22.345Z
sensor.shellyplugsg3_8cbfeaa49324_potencia,17.9,2026-05-13T13:05:28.513Z
sensor.shellyplugsg3_8cbfeaa49324_potencia,13.6,2026-05-13T13:05:36.737Z
sensor.shellyplugsg3_8cbfeaa49324_potencia,18.3,2026-05-13T13:05:41.876Z
sensor.shellyplugsg3_8cbfeaa49324_potencia,13.8,2026-05-13T13:05:49.182Z
sensor.shellyplugsg3_8cbfeaa49324_potencia,17.0,2026-05-13T13:05:54.226Z
sensor.shellyplugsg3_8cbfeaa49324_potencia,18.1,2026-05-13T13:05:59.363Z
sensor.shellyplugsg3_8cbfeaa49324_potencia,17.8,2026-05-13T13:06:00.027Z
sensor.shellyplugsg3_8cbfeaa49324_potencia,17.4,2026-05-13T13:06:05.531Z
sensor.shellyplugsg3_8cbfeaa49324_potencia,18.8,2026-05-13T13:06:11.696Z
sensor.shellyplugsg3_8cbfeaa49324_potencia,18.5,2026-05-13T13:06:17.866Z
sensor.shellyplugsg3_8cbfeaa49324_potencia,17.7,2026-05-13T13:06:23.004Z
sensor.shellyplugsg3_8cbfeaa49324_potencia,17.3,2026-05-13T13:06:30.201Z
sensor.shellyplugsg3_8cbfeaa49324_potencia,18.4,2026-05-13T13:06:35.338Z
sensor.shellyplugsg3_8cbfeaa49324_potencia,16.8,2026-05-13T13:06:41.508Z
sensor.shellyplugsg3_8cbfeaa49324_potencia,18.4,2026-05-13T13:06:46.756Z
sensor.shellyplugsg3_8cbfeaa49324_potencia,16.9,2026-05-13T13:06:54.881Z
sensor.shellyplugsg3_8cbfeaa49324_potencia,18.4,2026-05-13T13:07:00.024Z
sensor.shellyplugsg3_8cbfeaa49324_potencia,17.2,2026-05-13T13:07:01.048Z
sensor.shellyplugsg3_8cbfeaa49324_potencia,17.0,2026-05-13T13:07:06.190Z
sensor.shellyplugsg3_8cbfeaa49324_potencia,18.1,2026-05-13T13:07:11.328Z
sensor.shellyplugsg3_8cbfeaa49324_potencia,17.4,2026-05-13T13:07:18.525Z
sensor.shellyplugsg3_8cbfeaa49324_potencia,18.6,2026-05-13T13:07:24.802Z
sensor.shellyplugsg3_8cbfeaa49324_potencia,17.1,2026-05-13T13:07:30.873Z
sensor.shellyplugsg3_8cbfeaa49324_potencia,18.1,2026-05-13T13:07:36.123Z
sensor.shellyplugsg3_8cbfeaa49324_potencia,13.0,2026-05-13T13:07:41.277Z
sensor.shellyplugsg3_8cbfeaa49324_potencia,16.8,2026-05-13T13:07:46.321Z
sensor.shellyplugsg3_8cbfeaa49324_potencia,17.9,2026-05-13T13:07:51.458Z
sensor.shellyplugsg3_8cbfeaa49324_potencia,17.0,2026-05-13T13:07:57.628Z
sensor.shellyplugsg3_8cbfeaa49324_potencia,17.7,2026-05-13T13:08:00.022Z
sensor.shellyplugsg3_8cbfeaa49324_potencia,18.1,2026-05-13T13:08:02.877Z
sensor.shellyplugsg3_8cbfeaa49324_potencia,17.1,2026-05-13T13:08:09.975Z
sensor.shellyplugsg3_8cbfeaa49324_potencia,18.2,2026-05-13T13:08:16.253Z
sensor.shellyplugsg3_8cbfeaa49324_potencia,17.8,2026-05-13T13:08:23.351Z
sensor.shellyplugsg3_8cbfeaa49324_potencia,12.5,2026-05-13T13:08:31.686Z
sensor.shellyplugsg3_8cbfeaa49324_potencia,17.1,2026-05-13T13:08:36.730Z
sensor.shellyplugsg3_8cbfeaa49324_potencia,18.2,2026-05-13T13:08:41.868Z
sensor.shellyplugsg3_8cbfeaa49324_potencia,17.0,2026-05-13T13:08:48.037Z
sensor.shellyplugsg3_8cbfeaa49324_potencia,18.0,2026-05-13T13:08:53.286Z
sensor.shellyplugsg3_8cbfeaa49324_potencia,17.3,2026-05-13T13:09:00.020Z
sensor.shellyplugsg3_8cbfeaa49324_potencia,17.1,2026-05-13T13:09:00.385Z
sensor.shellyplugsg3_8cbfeaa49324_potencia,18.8,2026-05-13T13:09:06.663Z
sensor.shellyplugsg3_8cbfeaa49324_potencia,17.2,2026-05-13T13:09:13.761Z
sensor.shellyplugsg3_8cbfeaa49324_potencia,15.7,2026-05-13T13:09:21.066Z
sensor.shellyplugsg3_8cbfeaa49324_potencia,17.4,2026-05-13T13:09:27.135Z
sensor.shellyplugsg3_8cbfeaa49324_potencia,12.7,2026-05-13T13:09:34.443Z
sensor.shellyplugsg3_8cbfeaa49324_potencia,18.2,2026-05-13T13:09:39.486Z
sensor.shellyplugsg3_8cbfeaa49324_potencia,16.7,2026-05-13T13:09:44.735Z
sensor.shellyplugsg3_8cbfeaa49324_potencia,10.8,2026-05-13T13:09:49.778Z
sensor.shellyplugsg3_8cbfeaa49324_potencia,10.4,2026-05-13T13:10:00.017Z
sensor.shellyplugsg3_8cbfeaa49324_potencia,13.6,2026-05-13T13:10:51.556Z
sensor.shellyplugsg3_8cbfeaa49324_potencia,15.4,2026-05-13T13:10:56.599Z
sensor.shellyplugsg3_8cbfeaa49324_potencia,16.6,2026-05-13T13:11:00.014Z
sensor.shellyplugsg3_8cbfeaa49324_potencia,18.3,2026-05-13T13:11:03.792Z
sensor.shellyplugsg3_8cbfeaa49324_potencia,16.6,2026-05-13T13:11:08.933Z
sensor.shellyplugsg3_8cbfeaa49324_potencia,16.3,2026-05-13T13:11:16.126Z
sensor.shellyplugsg3_8cbfeaa49324_potencia,16.6,2026-05-13T13:11:21.267Z
sensor.shellyplugsg3_8cbfeaa49324_potencia,16.3,2026-05-13T13:11:28.462Z
sensor.shellyplugsg3_8cbfeaa49324_potencia,16.8,2026-05-13T13:11:34.631Z
sensor.shellyplugsg3_8cbfeaa49324_potencia,18.0,2026-05-13T13:11:40.798Z
sensor.shellyplugsg3_8cbfeaa49324_potencia,16.8,2026-05-13T13:11:49.020Z
sensor.shellyplugsg3_8cbfeaa49324_potencia,18.0,2026-05-13T13:11:54.159Z
sensor.shellyplugsg3_8cbfeaa49324_potencia,17.3,2026-05-13T13:12:00.012Z
sensor.shellyplugsg3_8cbfeaa49324_potencia,18.3,2026-05-13T13:12:01.356Z
sensor.shellyplugsg3_8cbfeaa49324_potencia,18.5,2026-05-13T13:12:08.549Z
sensor.shellyplugsg3_8cbfeaa49324_potencia,17.5,2026-05-13T13:12:13.691Z
sensor.shellyplugsg3_8cbfeaa49324_potencia,14.6,2026-05-13T13:12:23.054Z
sensor.shellyplugsg3_8cbfeaa49324_potencia,18.1,2026-05-13T13:12:28.097Z
sensor.shellyplugsg3_8cbfeaa49324_potencia,13.2,2026-05-13T13:12:35.403Z
sensor.shellyplugsg3_8cbfeaa49324_potencia,17.0,2026-05-13T13:12:40.446Z
sensor.shellyplugsg3_8cbfeaa49324_potencia,13.3,2026-05-13T13:12:48.780Z
sensor.shellyplugsg3_8cbfeaa49324_potencia,18.4,2026-05-13T13:12:53.824Z
sensor.shellyplugsg3_8cbfeaa49324_potencia,15.1,2026-05-13T13:13:00.010Z
sensor.shellyplugsg3_8cbfeaa49324_potencia,17.5,2026-05-13T13:13:06.170Z
sensor.shellyplugsg3_8cbfeaa49324_potencia,16.8,2026-05-13T13:13:14.395Z
sensor.shellyplugsg3_8cbfeaa49324_potencia,17.9,2026-05-13T13:13:19.644Z
sensor.shellyplugsg3_8cbfeaa49324_potencia,13.9,2026-05-13T13:13:25.716Z
sensor.shellyplugsg3_8cbfeaa49324_potencia,17.3,2026-05-13T13:13:30.855Z
sensor.shellyplugsg3_8cbfeaa49324_potencia,18.3,2026-05-13T13:13:46.382Z
sensor.shellyplugsg3_8cbfeaa49324_potencia,17.0,2026-05-13T13:13:54.508Z
sensor.shellyplugsg3_8cbfeaa49324_potencia,18.2,2026-05-13T13:14:00.008Z
sensor.shellyplugsg3_8cbfeaa49324_potencia,17.0,2026-05-13T13:14:07.869Z
sensor.shellyplugsg3_8cbfeaa49324_potencia,18.8,2026-05-13T13:14:14.036Z
sensor.shellyplugsg3_8cbfeaa49324_potencia,17.2,2026-05-13T13:14:19.178Z
sensor.shellyplugsg3_8cbfeaa49324_potencia,17.9,2026-05-13T13:14:24.316Z
sensor.shellyplugsg3_8cbfeaa49324_potencia,16.3,2026-05-13T13:14:29.568Z
sensor.shellyplugsg3_8cbfeaa49324_potencia,18.5,2026-05-13T13:14:36.667Z
sensor.shellyplugsg3_8cbfeaa49324_potencia,17.6,2026-05-13T13:14:44.890Z
sensor.shellyplugsg3_8cbfeaa49324_potencia,18.7,2026-05-13T13:14:50.139Z
sensor.shellyplugsg3_8cbfeaa49324_potencia,18.3,2026-05-13T13:14:58.263Z
sensor.shellyplugsg3_8cbfeaa49324_potencia,16.4,2026-05-13T13:15:00.005Z
sensor.shellyplugsg3_8cbfeaa49324_potencia,17.3,2026-05-13T13:15:03.407Z
sensor.shellyplugsg3_8cbfeaa49324_potencia,17.5,2026-05-13T13:15:10.600Z
sensor.shellyplugsg3_8cbfeaa49324_potencia,18.7,2026-05-13T13:15:16.877Z
sensor.shellyplugsg3_8cbfeaa49324_potencia,17.3,2026-05-13T13:15:22.946Z
sensor.shellyplugsg3_8cbfeaa49324_potencia,17.4,2026-05-13T13:15:31.169Z
sensor.shellyplugsg3_8cbfeaa49324_potencia,17.0,2026-05-13T13:15:36.309Z
sensor.shellyplugsg3_8cbfeaa49324_potencia,14.5,2026-05-13T13:15:44.642Z
sensor.shellyplugsg3_8cbfeaa49324_potencia,17.5,2026-05-13T13:15:50.711Z
sensor.shellyplugsg3_8cbfeaa49324_potencia,16.8,2026-05-13T13:16:00.003Z
sensor.shellyplugsg3_8cbfeaa49324_potencia,18.1,2026-05-13T13:16:02.017Z
sensor.shellyplugsg3_8cbfeaa49324_potencia,12.5,2026-05-13T13:16:10.353Z
sensor.shellyplugsg3_8cbfeaa49324_potencia,17.8,2026-05-13T13:16:15.397Z
sensor.shellyplugsg3_8cbfeaa49324_potencia,17.9,2026-05-13T13:16:22.590Z
sensor.shellyplugsg3_8cbfeaa49324_potencia,16.9,2026-05-13T13:16:27.731Z
sensor.shellyplugsg3_8cbfeaa49324_potencia,17.1,2026-05-13T13:16:40.066Z
sensor.shellyplugsg3_8cbfeaa49324_potencia,18.5,2026-05-13T13:16:45.203Z
sensor.shellyplugsg3_8cbfeaa49324_potencia,16.8,2026-05-13T13:16:52.399Z
sensor.shellyplugsg3_8cbfeaa49324_potencia,18.3,2026-05-13T13:16:59.593Z
sensor.shellyplugsg3_8cbfeaa49324_potencia,13.7,2026-05-13T13:17:00.062Z
sensor.shellyplugsg3_8cbfeaa49324_potencia,16.5,2026-05-13T13:17:04.734Z
sensor.shellyplugsg3_8cbfeaa49324_potencia,18.2,2026-05-13T13:17:11.011Z
sensor.shellyplugsg3_8cbfeaa49324_potencia,16.8,2026-05-13T13:17:18.109Z
sensor.shellyplugsg3_8cbfeaa49324_potencia,13.5,2026-05-13T13:17:27.472Z
sensor.shellyplugsg3_8cbfeaa49324_potencia,17.7,2026-05-13T13:17:32.515Z
sensor.shellyplugsg3_8cbfeaa49324_potencia,13.4,2026-05-13T13:17:39.820Z
sensor.shellyplugsg3_8cbfeaa49324_potencia,18.0,2026-05-13T13:17:44.864Z
sensor.shellyplugsg3_8cbfeaa49324_potencia,18.5,2026-05-13T13:17:51.029Z
sensor.shellyplugsg3_8cbfeaa49324_potencia,16.7,2026-05-13T13:17:56.171Z
sensor.shellyplugsg3_8cbfeaa49324_potencia,18.1,2026-05-13T13:18:00.061Z
sensor.shellyplugsg3_8cbfeaa49324_potencia,17.9,2026-05-13T13:18:03.364Z
sensor.shellyplugsg3_8cbfeaa49324_potencia,15.9,2026-05-13T13:18:08.505Z
sensor.shellyplugsg3_8cbfeaa49324_potencia,16.4,2026-05-13T13:18:13.644Z
sensor.shellyplugsg3_8cbfeaa49324_potencia,16.1,2026-05-13T13:18:18.785Z
sensor.shellyplugsg3_8cbfeaa49324_potencia,18.4,2026-05-13T13:18:25.980Z
sensor.shellyplugsg3_8cbfeaa49324_potencia,17.3,2026-05-13T13:18:34.203Z
sensor.shellyplugsg3_8cbfeaa49324_potencia,17.7,2026-05-13T13:18:40.371Z
sensor.shellyplugsg3_8cbfeaa49324_potencia,17.5,2026-05-13T13:18:47.566Z
sensor.shellyplugsg3_8cbfeaa49324_potencia,12.7,2026-05-13T13:18:55.903Z
sensor.shellyplugsg3_8cbfeaa49324_potencia,17.9,2026-05-13T13:19:00.059Z
sensor.shellyplugsg3_8cbfeaa49324_potencia,17.3,2026-05-13T13:19:00.946Z
sensor.shellyplugsg3_8cbfeaa49324_potencia,18.4,2026-05-13T13:19:07.235Z
sensor.shellyplugsg3_8cbfeaa49324_potencia,17.2,2026-05-13T13:19:12.276Z
sensor.shellyplugsg3_8cbfeaa49324_potencia,18.2,2026-05-13T13:19:18.443Z
sensor.shellyplugsg3_8cbfeaa49324_potencia,11.2,2026-05-13T13:19:24.612Z
sensor.shellyplugsg3_8cbfeaa49324_potencia,10.1,2026-05-13T13:19:31.808Z
sensor.shellyplugsg3_8cbfeaa49324_potencia,11.2,2026-05-13T13:19:41.168Z
sensor.shellyplugsg3_8cbfeaa49324_potencia,10.1,2026-05-13T13:19:50.431Z
sensor.shellyplugsg3_8cbfeaa49324_potencia,10.2,2026-05-13T13:20:00.056Z
sensor.shellyplugsg3_8cbfeaa49324_potencia,11.3,2026-05-13T13:20:23.333Z
sensor.shellyplugsg3_8cbfeaa49324_potencia,15.3,2026-05-13T13:20:28.376Z
sensor.shellyplugsg3_8cbfeaa49324_potencia,17.0,2026-05-13T13:20:35.571Z
sensor.shellyplugsg3_8cbfeaa49324_potencia,13.1,2026-05-13T13:20:40.710Z
sensor.shellyplugsg3_8cbfeaa49324_potencia,17.6,2026-05-13T13:20:45.850Z
sensor.shellyplugsg3_8cbfeaa49324_potencia,18.0,2026-05-13T13:20:52.020Z
sensor.shellyplugsg3_8cbfeaa49324_potencia,17.1,2026-05-13T13:20:57.160Z
sensor.shellyplugsg3_8cbfeaa49324_potencia,16.3,2026-05-13T13:21:00.054Z
sensor.shellyplugsg3_8cbfeaa49324_potencia,15.9,2026-05-13T13:21:07.549Z
sensor.shellyplugsg3_8cbfeaa49324_potencia,18.3,2026-05-13T13:21:14.645Z
sensor.shellyplugsg3_8cbfeaa49324_potencia,17.0,2026-05-13T13:21:21.840Z
sensor.shellyplugsg3_8cbfeaa49324_potencia,18.0,2026-05-13T13:21:27.091Z
sensor.shellyplugsg3_8cbfeaa49324_potencia,15.2,2026-05-13T13:21:32.243Z
sensor.shellyplugsg3_8cbfeaa49324_potencia,18.1,2026-05-13T13:21:38.312Z
sensor.shellyplugsg3_8cbfeaa49324_potencia,17.1,2026-05-13T13:21:43.452Z
sensor.shellyplugsg3_8cbfeaa49324_potencia,18.4,2026-05-13T13:21:53.841Z
sensor.shellyplugsg3_8cbfeaa49324_potencia,13.0,2026-05-13T13:21:58.995Z
sensor.shellyplugsg3_8cbfeaa49324_potencia,17.0,2026-05-13T13:22:00.052Z
sensor.shellyplugsg3_8cbfeaa49324_potencia,18.0,2026-05-13T13:22:04.037Z
sensor.shellyplugsg3_8cbfeaa49324_potencia,13.7,2026-05-13T13:22:11.370Z
sensor.shellyplugsg3_8cbfeaa49324_potencia,16.7,2026-05-13T13:22:16.414Z
sensor.shellyplugsg3_8cbfeaa49324_potencia,17.9,2026-05-13T13:22:21.551Z
sensor.shellyplugsg3_8cbfeaa49324_potencia,16.9,2026-05-13T13:22:28.747Z
sensor.shellyplugsg3_8cbfeaa49324_potencia,17.6,2026-05-13T13:22:33.885Z
sensor.shellyplugsg3_8cbfeaa49324_potencia,18.0,2026-05-13T13:22:41.082Z
sensor.shellyplugsg3_8cbfeaa49324_potencia,18.1,2026-05-13T13:22:47.248Z
sensor.shellyplugsg3_8cbfeaa49324_potencia,17.8,2026-05-13T13:22:54.445Z
sensor.shellyplugsg3_8cbfeaa49324_potencia,17.6,2026-05-13T13:23:00.049Z
sensor.shellyplugsg3_8cbfeaa49324_potencia,18.4,2026-05-13T13:23:00.611Z
sensor.shellyplugsg3_8cbfeaa49324_potencia,18.5,2026-05-13T13:23:06.780Z
sensor.shellyplugsg3_8cbfeaa49324_potencia,17.1,2026-05-13T13:23:17.168Z
sensor.shellyplugsg3_8cbfeaa49324_potencia,17.3,2026-05-13T13:23:25.293Z
sensor.shellyplugsg3_8cbfeaa49324_potencia,17.4,2026-05-13T13:23:30.435Z
sensor.shellyplugsg3_8cbfeaa49324_potencia,17.6,2026-05-13T13:23:37.629Z
sensor.shellyplugsg3_8cbfeaa49324_potencia,16.7,2026-05-13T13:23:44.826Z
sensor.shellyplugsg3_8cbfeaa49324_potencia,17.0,2026-05-13T13:23:50.991Z
sensor.shellyplugsg3_8cbfeaa49324_potencia,16.7,2026-05-13T13:23:58.187Z
sensor.shellyplugsg3_8cbfeaa49324_potencia,17.4,2026-05-13T13:24:00.047Z
sensor.shellyplugsg3_8cbfeaa49324_potencia,17.7,2026-05-13T13:24:05.382Z
sensor.shellyplugsg3_8cbfeaa49324_potencia,17.4,2026-05-13T13:24:11.552Z
sensor.shellyplugsg3_8cbfeaa49324_potencia,18.5,2026-05-13T13:24:26.050Z
sensor.shellyplugsg3_8cbfeaa49324_potencia,13.1,2026-05-13T13:24:33.149Z
sensor.shellyplugsg3_8cbfeaa49324_potencia,17.6,2026-05-13T13:24:38.289Z
sensor.shellyplugsg3_8cbfeaa49324_potencia,12.6,2026-05-13T13:24:45.595Z
sensor.shellyplugsg3_8cbfeaa49324_potencia,16.4,2026-05-13T13:24:50.638Z
sensor.shellyplugsg3_8cbfeaa49324_potencia,18.1,2026-05-13T13:24:55.776Z
sensor.shellyplugsg3_8cbfeaa49324_potencia,16.8,2026-05-13T13:25:00.045Z
sensor.shellyplugsg3_8cbfeaa49324_potencia,18.1,2026-05-13T13:25:02.972Z
sensor.shellyplugsg3_8cbfeaa49324_potencia,14.3,2026-05-13T13:25:11.333Z
sensor.shellyplugsg3_8cbfeaa49324_potencia,17.3,2026-05-13T13:25:16.375Z
sensor.shellyplugsg3_8cbfeaa49324_potencia,18.4,2026-05-13T13:25:22.653Z
sensor.shellyplugsg3_8cbfeaa49324_potencia,18.2,2026-05-13T13:25:28.722Z
sensor.shellyplugsg3_8cbfeaa49324_potencia,16.8,2026-05-13T13:25:36.028Z
sensor.shellyplugsg3_8cbfeaa49324_potencia,18.3,2026-05-13T13:25:46.209Z
sensor.shellyplugsg3_8cbfeaa49324_potencia,17.2,2026-05-13T13:25:54.434Z
sensor.shellyplugsg3_8cbfeaa49324_potencia,18.0,2026-05-13T13:26:00.043Z
sensor.shellyplugsg3_8cbfeaa49324_potencia,19.0,2026-05-13T13:26:01.739Z
sensor.shellyplugsg3_8cbfeaa49324_potencia,17.0,2026-05-13T13:26:06.780Z
sensor.shellyplugsg3_8cbfeaa49324_potencia,17.2,2026-05-13T13:26:15.002Z
sensor.shellyplugsg3_8cbfeaa49324_potencia,18.5,2026-05-13T13:26:25.282Z
sensor.shellyplugsg3_8cbfeaa49324_potencia,17.2,2026-05-13T13:26:32.477Z
sensor.shellyplugsg3_8cbfeaa49324_potencia,16.2,2026-05-13T13:26:40.699Z
sensor.shellyplugsg3_8cbfeaa49324_potencia,17.2,2026-05-13T13:26:45.841Z
sensor.shellyplugsg3_8cbfeaa49324_potencia,18.9,2026-05-13T13:26:52.006Z
sensor.shellyplugsg3_8cbfeaa49324_potencia,16.8,2026-05-13T13:26:58.174Z
sensor.shellyplugsg3_8cbfeaa49324_potencia,17.5,2026-05-13T13:27:00.041Z
sensor.shellyplugsg3_8cbfeaa49324_potencia,18.0,2026-05-13T13:27:05.368Z
sensor.shellyplugsg3_8cbfeaa49324_potencia,17.0,2026-05-13T13:27:11.537Z
sensor.shellyplugsg3_8cbfeaa49324_potencia,17.4,2026-05-13T13:27:17.703Z
sensor.shellyplugsg3_8cbfeaa49324_potencia,17.3,2026-05-13T13:27:22.846Z
sensor.shellyplugsg3_8cbfeaa49324_potencia,18.4,2026-05-13T13:27:31.176Z
sensor.shellyplugsg3_8cbfeaa49324_potencia,16.6,2026-05-13T13:27:36.217Z
sensor.shellyplugsg3_8cbfeaa49324_potencia,17.8,2026-05-13T13:27:41.358Z
sensor.shellyplugsg3_8cbfeaa49324_potencia,16.7,2026-05-13T13:27:47.525Z
sensor.shellyplugsg3_8cbfeaa49324_potencia,18.3,2026-05-13T13:27:52.776Z
sensor.shellyplugsg3_8cbfeaa49324_potencia,14.7,2026-05-13T13:27:58.956Z
sensor.shellyplugsg3_8cbfeaa49324_potencia,16.7,2026-05-13T13:28:00.038Z
sensor.shellyplugsg3_8cbfeaa49324_potencia,18.4,2026-05-13T13:28:03.998Z
sensor.shellyplugsg3_8cbfeaa49324_potencia,18.0,2026-05-13T13:28:09.160Z
sensor.shellyplugsg3_8cbfeaa49324_potencia,16.8,2026-05-13T13:28:15.327Z
sensor.shellyplugsg3_8cbfeaa49324_potencia,18.1,2026-05-13T13:28:22.522Z
sensor.shellyplugsg3_8cbfeaa49324_potencia,17.2,2026-05-13T13:28:27.662Z
sensor.shellyplugsg3_8cbfeaa49324_potencia,16.1,2026-05-13T13:28:35.995Z
sensor.shellyplugsg3_8cbfeaa49324_potencia,17.5,2026-05-13T13:28:41.147Z
sensor.shellyplugsg3_8cbfeaa49324_potencia,16.4,2026-05-13T13:28:47.327Z
sensor.shellyplugsg3_8cbfeaa49324_potencia,16.1,2026-05-13T13:28:53.396Z
sensor.shellyplugsg3_8cbfeaa49324_potencia,17.3,2026-05-13T13:28:58.536Z
sensor.shellyplugsg3_8cbfeaa49324_potencia,17.9,2026-05-13T13:29:00.036Z
sensor.shellyplugsg3_8cbfeaa49324_potencia,12.4,2026-05-13T13:29:03.788Z
sensor.shellyplugsg3_8cbfeaa49324_potencia,10.7,2026-05-13T13:29:10.885Z
sensor.shellyplugsg3_8cbfeaa49324_potencia,10.0,2026-05-13T13:30:00.035Z
sensor.shellyplugsg3_8cbfeaa49324_potencia,12.5,2026-05-13T13:30:08.567Z
sensor.shellyplugsg3_8cbfeaa49324_potencia,16.7,2026-05-13T13:30:13.610Z
sensor.shellyplugsg3_8cbfeaa49324_potencia,14.9,2026-05-13T13:30:22.969Z
sensor.shellyplugsg3_8cbfeaa49324_potencia,18.7,2026-05-13T13:30:29.038Z
sensor.shellyplugsg3_8cbfeaa49324_potencia,18.4,2026-05-13T13:30:35.206Z
sensor.shellyplugsg3_8cbfeaa49324_potencia,16.8,2026-05-13T13:30:40.347Z
sensor.shellyplugsg3_8cbfeaa49324_potencia,18.0,2026-05-13T13:30:45.487Z
sensor.shellyplugsg3_8cbfeaa49324_potencia,16.1,2026-05-13T13:30:53.708Z
sensor.shellyplugsg3_8cbfeaa49324_potencia,17.8,2026-05-13T13:30:58.847Z
sensor.shellyplugsg3_8cbfeaa49324_potencia,17.9,2026-05-13T13:31:00.032Z
sensor.shellyplugsg3_8cbfeaa49324_potencia,17.2,2026-05-13T13:31:07.100Z
sensor.shellyplugsg3_8cbfeaa49324_potencia,18.7,2026-05-13T13:31:14.404Z
sensor.shellyplugsg3_8cbfeaa49324_potencia,17.1,2026-05-13T13:31:19.446Z
sensor.shellyplugsg3_8cbfeaa49324_potencia,18.2,2026-05-13T13:31:24.584Z
sensor.shellyplugsg3_8cbfeaa49324_potencia,17.7,2026-05-13T13:31:32.808Z
sensor.shellyplugsg3_8cbfeaa49324_potencia,15.7,2026-05-13T13:31:41.139Z
sensor.shellyplugsg3_8cbfeaa49324_potencia,18.1,2026-05-13T13:31:46.180Z
sensor.shellyplugsg3_8cbfeaa49324_potencia,15.6,2026-05-13T13:31:54.514Z
sensor.shellyplugsg3_8cbfeaa49324_potencia,17.5,2026-05-13T13:31:59.555Z
sensor.shellyplugsg3_8cbfeaa49324_potencia,17.9,2026-05-13T13:32:00.030Z
sensor.shellyplugsg3_8cbfeaa49324_potencia,16.2,2026-05-13T13:32:06.861Z
sensor.shellyplugsg3_8cbfeaa49324_potencia,17.2,2026-05-13T13:32:11.902Z
sensor.shellyplugsg3_8cbfeaa49324_potencia,12.4,2026-05-13T13:32:20.127Z
sensor.shellyplugsg3_8cbfeaa49324_potencia,17.9,2026-05-13T13:32:25.267Z
sensor.shellyplugsg3_8cbfeaa49324_potencia,14.3,2026-05-13T13:32:33.599Z
sensor.shellyplugsg3_8cbfeaa49324_potencia,17.7,2026-05-13T13:32:38.640Z
sensor.shellyplugsg3_8cbfeaa49324_potencia,15.5,2026-05-13T13:32:45.946Z
sensor.shellyplugsg3_8cbfeaa49324_potencia,17.2,2026-05-13T13:32:52.014Z
sensor.shellyplugsg3_8cbfeaa49324_potencia,18.6,2026-05-13T13:32:57.154Z
sensor.shellyplugsg3_8cbfeaa49324_potencia,17.0,2026-05-13T13:33:00.028Z
sensor.shellyplugsg3_8cbfeaa49324_potencia,18.2,2026-05-13T13:33:10.627Z
sensor.shellyplugsg3_8cbfeaa49324_potencia,17.2,2026-05-13T13:33:16.696Z
sensor.shellyplugsg3_8cbfeaa49324_potencia,17.0,2026-05-13T13:33:24.919Z
sensor.shellyplugsg3_8cbfeaa49324_potencia,17.9,2026-05-13T13:33:30.060Z
sensor.shellyplugsg3_8cbfeaa49324_potencia,16.7,2026-05-13T13:33:39.420Z
sensor.shellyplugsg3_8cbfeaa49324_potencia,17.7,2026-05-13T13:33:47.545Z
sensor.shellyplugsg3_8cbfeaa49324_potencia,17.2,2026-05-13T13:33:55.767Z
sensor.shellyplugsg3_8cbfeaa49324_potencia,17.9,2026-05-13T13:34:00.025Z
sensor.shellyplugsg3_8cbfeaa49324_potencia,15.6,2026-05-13T13:34:04.119Z
sensor.shellyplugsg3_8cbfeaa49324_potencia,17.5,2026-05-13T13:34:10.190Z
sensor.shellyplugsg3_8cbfeaa49324_potencia,17.6,2026-05-13T13:34:15.329Z
sensor.shellyplugsg3_8cbfeaa49324_potencia,18.0,2026-05-13T13:34:21.497Z
sensor.shellyplugsg3_8cbfeaa49324_potencia,19.1,2026-05-13T13:34:27.665Z
sensor.shellyplugsg3_8cbfeaa49324_potencia,17.5,2026-05-13T13:34:32.806Z
sensor.shellyplugsg3_8cbfeaa49324_potencia,17.3,2026-05-13T13:34:37.944Z
sensor.shellyplugsg3_8cbfeaa49324_potencia,16.7,2026-05-13T13:34:45.142Z
sensor.shellyplugsg3_8cbfeaa49324_potencia,18.1,2026-05-13T13:34:51.308Z
sensor.shellyplugsg3_8cbfeaa49324_potencia,13.8,2026-05-13T13:34:56.560Z
sensor.shellyplugsg3_8cbfeaa49324_potencia,17.1,2026-05-13T13:35:00.022Z
sensor.shellyplugsg3_8cbfeaa49324_potencia,17.2,2026-05-13T13:35:01.604Z
sensor.shellyplugsg3_8cbfeaa49324_potencia,18.5,2026-05-13T13:35:07.769Z
sensor.shellyplugsg3_8cbfeaa49324_potencia,17.5,2026-05-13T13:35:12.911Z
sensor.shellyplugsg3_8cbfeaa49324_potencia,18.7,2026-05-13T13:35:21.243Z
sensor.shellyplugsg3_8cbfeaa49324_potencia,17.5,2026-05-13T13:35:26.284Z
sensor.shellyplugsg3_8cbfeaa49324_potencia,13.5,2026-05-13T13:35:35.648Z
sensor.shellyplugsg3_8cbfeaa49324_potencia,18.7,2026-05-13T13:35:40.691Z
sensor.shellyplugsg3_8cbfeaa49324_potencia,18.4,2026-05-13T13:35:46.857Z
sensor.shellyplugsg3_8cbfeaa49324_potencia,18.2,2026-05-13T13:35:51.996Z
sensor.shellyplugsg3_8cbfeaa49324_potencia,18.4,2026-05-13T13:35:57.137Z
sensor.shellyplugsg3_8cbfeaa49324_potencia,18.1,2026-05-13T13:36:00.020Z
sensor.shellyplugsg3_8cbfeaa49324_potencia,17.8,2026-05-13T13:36:05.361Z
sensor.shellyplugsg3_8cbfeaa49324_potencia,16.3,2026-05-13T13:36:13.585Z
sensor.shellyplugsg3_8cbfeaa49324_potencia,17.4,2026-05-13T13:36:18.727Z
sensor.shellyplugsg3_8cbfeaa49324_potencia,12.5,2026-05-13T13:36:27.061Z
sensor.shellyplugsg3_8cbfeaa49324_potencia,18.0,2026-05-13T13:36:32.105Z
sensor.shellyplugsg3_8cbfeaa49324_potencia,13.9,2026-05-13T13:36:40.437Z
sensor.shellyplugsg3_8cbfeaa49324_potencia,16.7,2026-05-13T13:36:45.478Z
sensor.shellyplugsg3_8cbfeaa49324_potencia,18.1,2026-05-13T13:36:50.617Z
sensor.shellyplugsg3_8cbfeaa49324_potencia,17.2,2026-05-13T13:36:56.786Z
sensor.shellyplugsg3_8cbfeaa49324_potencia,17.6,2026-05-13T13:37:00.019Z
sensor.shellyplugsg3_8cbfeaa49324_potencia,16.0,2026-05-13T13:37:07.195Z
sensor.shellyplugsg3_8cbfeaa49324_potencia,17.8,2026-05-13T13:37:14.292Z
sensor.shellyplugsg3_8cbfeaa49324_potencia,14.6,2026-05-13T13:37:19.542Z
sensor.shellyplugsg3_8cbfeaa49324_potencia,18.3,2026-05-13T13:37:24.583Z
sensor.shellyplugsg3_8cbfeaa49324_potencia,17.0,2026-05-13T13:37:31.779Z
sensor.shellyplugsg3_8cbfeaa49324_potencia,18.1,2026-05-13T13:37:36.920Z
sensor.shellyplugsg3_8cbfeaa49324_potencia,16.4,2026-05-13T13:37:43.198Z
sensor.shellyplugsg3_8cbfeaa49324_potencia,16.1,2026-05-13T13:37:48.239Z
sensor.shellyplugsg3_8cbfeaa49324_potencia,17.0,2026-05-13T13:37:54.407Z
sensor.shellyplugsg3_8cbfeaa49324_potencia,16.9,2026-05-13T13:38:00.017Z
sensor.shellyplugsg3_8cbfeaa49324_potencia,16.3,2026-05-13T13:38:00.577Z
sensor.shellyplugsg3_8cbfeaa49324_potencia,16.6,2026-05-13T13:38:05.715Z
sensor.shellyplugsg3_8cbfeaa49324_potencia,15.7,2026-05-13T13:38:10.855Z
sensor.shellyplugsg3_8cbfeaa49324_potencia,18.2,2026-05-13T13:38:17.023Z
sensor.shellyplugsg3_8cbfeaa49324_potencia,15.3,2026-05-13T13:38:24.218Z
sensor.shellyplugsg3_8cbfeaa49324_potencia,17.6,2026-05-13T13:38:29.358Z
sensor.shellyplugsg3_8cbfeaa49324_potencia,13.0,2026-05-13T13:38:37.694Z
sensor.shellyplugsg3_8cbfeaa49324_potencia,17.1,2026-05-13T13:38:42.737Z
sensor.shellyplugsg3_8cbfeaa49324_potencia,17.5,2026-05-13T13:38:47.875Z
sensor.shellyplugsg3_8cbfeaa49324_potencia,11.0,2026-05-13T13:38:54.045Z
sensor.shellyplugsg3_8cbfeaa49324_potencia,10.1,2026-05-13T13:39:00.014Z
sensor.shellyplugsg3_8cbfeaa49324_potencia,9.9,2026-05-13T13:39:39.377Z
sensor.shellyplugsg3_8cbfeaa49324_potencia,10.0,2026-05-13T13:39:47.501Z
sensor.shellyplugsg3_8cbfeaa49324_potencia,12.0,2026-05-13T13:39:54.808Z
sensor.shellyplugsg3_8cbfeaa49324_potencia,16.8,2026-05-13T13:39:59.851Z
sensor.shellyplugsg3_8cbfeaa49324_potencia,12.8,2026-05-13T13:40:10.274Z
sensor.shellyplugsg3_8cbfeaa49324_potencia,16.7,2026-05-13T13:40:15.318Z
sensor.shellyplugsg3_8cbfeaa49324_potencia,17.7,2026-05-13T13:40:20.455Z
sensor.shellyplugsg3_8cbfeaa49324_potencia,16.4,2026-05-13T13:40:27.652Z
sensor.shellyplugsg3_8cbfeaa49324_potencia,17.7,2026-05-13T13:40:34.846Z
sensor.shellyplugsg3_8cbfeaa49324_potencia,18.1,2026-05-13T13:40:41.013Z
sensor.shellyplugsg3_8cbfeaa49324_potencia,17.9,2026-05-13T13:40:48.208Z
sensor.shellyplugsg3_8cbfeaa49324_potencia,17.1,2026-05-13T13:40:53.350Z
sensor.shellyplugsg3_8cbfeaa49324_potencia,17.8,2026-05-13T13:41:00.010Z
sensor.shellyplugsg3_8cbfeaa49324_potencia,18.3,2026-05-13T13:41:00.543Z
sensor.shellyplugsg3_8cbfeaa49324_potencia,18.9,2026-05-13T13:41:06.712Z
sensor.shellyplugsg3_8cbfeaa49324_potencia,18.7,2026-05-13T13:41:12.878Z
sensor.shellyplugsg3_8cbfeaa49324_potencia,17.0,2026-05-13T13:41:19.046Z
sensor.shellyplugsg3_8cbfeaa49324_potencia,18.3,2026-05-13T13:41:25.214Z
sensor.shellyplugsg3_8cbfeaa49324_potencia,16.8,2026-05-13T13:41:33.439Z
sensor.shellyplugsg3_8cbfeaa49324_potencia,18.0,2026-05-13T13:41:41.659Z
sensor.shellyplugsg3_8cbfeaa49324_potencia,17.5,2026-05-13T13:41:46.799Z
sensor.shellyplugsg3_8cbfeaa49324_potencia,18.7,2026-05-13T13:41:52.966Z
sensor.shellyplugsg3_8cbfeaa49324_potencia,18.0,2026-05-13T13:41:59.133Z
sensor.shellyplugsg3_8cbfeaa49324_potencia,17.8,2026-05-13T13:42:00.009Z
sensor.shellyplugsg3_8cbfeaa49324_potencia,16.6,2026-05-13T13:42:07.468Z
sensor.shellyplugsg3_8cbfeaa49324_potencia,18.3,2026-05-13T13:42:12.512Z
sensor.shellyplugsg3_8cbfeaa49324_potencia,18.8,2026-05-13T13:42:17.650Z
sensor.shellyplugsg3_8cbfeaa49324_potencia,16.8,2026-05-13T13:42:23.816Z
sensor.shellyplugsg3_8cbfeaa49324_potencia,18.1,2026-05-13T13:42:31.012Z
sensor.shellyplugsg3_8cbfeaa49324_potencia,17.5,2026-05-13T13:42:38.209Z
sensor.shellyplugsg3_8cbfeaa49324_potencia,18.3,2026-05-13T13:42:46.430Z
sensor.shellyplugsg3_8cbfeaa49324_potencia,18.5,2026-05-13T13:42:51.595Z
sensor.shellyplugsg3_8cbfeaa49324_potencia,17.5,2026-05-13T13:42:58.766Z
sensor.shellyplugsg3_8cbfeaa49324_potencia,13.3,2026-05-13T13:43:00.007Z
sensor.shellyplugsg3_8cbfeaa49324_potencia,18.5,2026-05-13T13:43:04.958Z
sensor.shellyplugsg3_8cbfeaa49324_potencia,18.4,2026-05-13T13:43:10.078Z
sensor.shellyplugsg3_8cbfeaa49324_potencia,16.9,2026-05-13T13:43:15.215Z
sensor.shellyplugsg3_8cbfeaa49324_potencia,17.9,2026-05-13T13:43:21.381Z
sensor.shellyplugsg3_8cbfeaa49324_potencia,16.1,2026-05-13T13:43:26.631Z
sensor.shellyplugsg3_8cbfeaa49324_potencia,17.2,2026-05-13T13:43:31.685Z
sensor.shellyplugsg3_8cbfeaa49324_potencia,18.9,2026-05-13T13:43:39.896Z
sensor.shellyplugsg3_8cbfeaa49324_potencia,18.1,2026-05-13T13:43:45.048Z
sensor.shellyplugsg3_8cbfeaa49324_potencia,14.7,2026-05-13T13:43:53.394Z
sensor.shellyplugsg3_8cbfeaa49324_potencia,17.4,2026-05-13T13:43:59.438Z
sensor.shellyplugsg3_8cbfeaa49324_potencia,18.3,2026-05-13T13:44:00.004Z
sensor.shellyplugsg3_8cbfeaa49324_potencia,15.8,2026-05-13T13:44:05.632Z
sensor.shellyplugsg3_8cbfeaa49324_potencia,17.4,2026-05-13T13:44:10.752Z
sensor.shellyplugsg3_8cbfeaa49324_potencia,18.3,2026-05-13T13:44:15.885Z
sensor.shellyplugsg3_8cbfeaa49324_potencia,18.0,2026-05-13T13:44:23.091Z
sensor.shellyplugsg3_8cbfeaa49324_potencia,17.7,2026-05-13T13:44:28.222Z
sensor.shellyplugsg3_8cbfeaa49324_potencia,16.8,2026-05-13T13:44:36.454Z
sensor.shellyplugsg3_8cbfeaa49324_potencia,18.4,2026-05-13T13:44:41.587Z
sensor.shellyplugsg3_8cbfeaa49324_potencia,17.2,2026-05-13T13:44:49.817Z
sensor.shellyplugsg3_8cbfeaa49324_potencia,17.9,2026-05-13T13:44:55.975Z
sensor.shellyplugsg3_8cbfeaa49324_potencia,16.9,2026-05-13T13:45:00.006Z
sensor.shellyplugsg3_8cbfeaa49324_potencia,18.2,2026-05-13T13:45:08.309Z
sensor.shellyplugsg3_8cbfeaa49324_potencia,13.8,2026-05-13T13:45:24.869Z
sensor.shellyplugsg3_8cbfeaa49324_potencia,17.7,2026-05-13T13:45:29.912Z
sensor.shellyplugsg3_8cbfeaa49324_potencia,15.9,2026-05-13T13:45:38.243Z
sensor.shellyplugsg3_8cbfeaa49324_potencia,17.6,2026-05-13T13:45:43.284Z
sensor.shellyplugsg3_8cbfeaa49324_potencia,13.6,2026-05-13T13:45:51.619Z
sensor.shellyplugsg3_8cbfeaa49324_potencia,18.7,2026-05-13T13:45:56.662Z
sensor.shellyplugsg3_8cbfeaa49324_potencia,17.5,2026-05-13T13:46:00.000Z
sensor.shellyplugsg3_8cbfeaa49324_potencia,18.4,2026-05-13T13:46:02.828Z
sensor.shellyplugsg3_8cbfeaa49324_potencia,17.3,2026-05-13T13:46:07.970Z
sensor.shellyplugsg3_8cbfeaa49324_potencia,18.4,2026-05-13T13:46:13.219Z
sensor.shellyplugsg3_8cbfeaa49324_potencia,17.1,2026-05-13T13:46:18.372Z
sensor.shellyplugsg3_8cbfeaa49324_potencia,18.3,2026-05-13T13:46:24.552Z
sensor.shellyplugsg3_8cbfeaa49324_potencia,17.3,2026-05-13T13:46:29.704Z
sensor.shellyplugsg3_8cbfeaa49324_potencia,17.1,2026-05-13T13:46:34.746Z
sensor.shellyplugsg3_8cbfeaa49324_potencia,16.5,2026-05-13T13:46:40.913Z
sensor.shellyplugsg3_8cbfeaa49324_potencia,16.3,2026-05-13T13:46:46.055Z
sensor.shellyplugsg3_8cbfeaa49324_potencia,17.8,2026-05-13T13:46:53.248Z
sensor.shellyplugsg3_8cbfeaa49324_potencia,17.9,2026-05-13T13:46:59.998Z
sensor.shellyplugsg3_8cbfeaa49324_potencia,17.0,2026-05-13T13:47:01.473Z
sensor.shellyplugsg3_8cbfeaa49324_potencia,18.1,2026-05-13T13:47:08.667Z
sensor.shellyplugsg3_8cbfeaa49324_potencia,17.5,2026-05-13T13:47:14.836Z
sensor.shellyplugsg3_8cbfeaa49324_potencia,14.8,2026-05-13T13:47:23.168Z
sensor.shellyplugsg3_8cbfeaa49324_potencia,17.2,2026-05-13T13:47:29.237Z
sensor.shellyplugsg3_8cbfeaa49324_potencia,18.7,2026-05-13T13:47:41.684Z
sensor.shellyplugsg3_8cbfeaa49324_potencia,17.7,2026-05-13T13:47:47.752Z
sensor.shellyplugsg3_8cbfeaa49324_potencia,17.3,2026-05-13T13:47:52.894Z
sensor.shellyplugsg3_8cbfeaa49324_potencia,17.8,2026-05-13T13:47:59.996Z
sensor.shellyplugsg3_8cbfeaa49324_potencia,17.1,2026-05-13T13:48:01.115Z
sensor.shellyplugsg3_8cbfeaa49324_potencia,18.4,2026-05-13T13:48:07.285Z
sensor.shellyplugsg3_8cbfeaa49324_potencia,17.6,2026-05-13T13:48:14.479Z
sensor.shellyplugsg3_8cbfeaa49324_potencia,17.2,2026-05-13T13:48:20.646Z
sensor.shellyplugsg3_8cbfeaa49324_potencia,16.9,2026-05-13T13:48:25.786Z
sensor.shellyplugsg3_8cbfeaa49324_potencia,17.6,2026-05-13T13:48:34.012Z
sensor.shellyplugsg3_8cbfeaa49324_potencia,13.6,2026-05-13T13:48:42.347Z
sensor.shellyplugsg3_8cbfeaa49324_potencia,10.8,2026-05-13T13:48:47.390Z
sensor.shellyplugsg3_8cbfeaa49324_potencia,10.1,2026-05-13T13:48:59.993Z
sensor.shellyplugsg3_8cbfeaa49324_potencia,13.1,2026-05-13T13:49:48.138Z
sensor.shellyplugsg3_8cbfeaa49324_potencia,16.5,2026-05-13T13:49:53.181Z
sensor.shellyplugsg3_8cbfeaa49324_potencia,17.6,2026-05-13T13:49:59.459Z
sensor.shellyplugsg3_8cbfeaa49324_potencia,18.0,2026-05-13T13:50:00.061Z
sensor.shellyplugsg3_8cbfeaa49324_potencia,17.4,2026-05-13T13:50:06.558Z
sensor.shellyplugsg3_8cbfeaa49324_potencia,14.2,2026-05-13T13:50:15.921Z
sensor.shellyplugsg3_8cbfeaa49324_potencia,18.5,2026-05-13T13:50:22.007Z
sensor.shellyplugsg3_8cbfeaa49324_potencia,15.5,2026-05-13T13:50:30.215Z
sensor.shellyplugsg3_8cbfeaa49324_potencia,18.1,2026-05-13T13:50:35.371Z
sensor.shellyplugsg3_8cbfeaa49324_potencia,16.9,2026-05-13T13:50:43.717Z
sensor.shellyplugsg3_8cbfeaa49324_potencia,18.1,2026-05-13T13:50:50.783Z
sensor.shellyplugsg3_8cbfeaa49324_potencia,14.0,2026-05-13T13:50:56.056Z
sensor.shellyplugsg3_8cbfeaa49324_potencia,17.8,2026-05-13T13:51:00.059Z
sensor.shellyplugsg3_8cbfeaa49324_potencia,17.1,2026-05-13T13:51:01.079Z
sensor.shellyplugsg3_8cbfeaa49324_potencia,18.7,2026-05-13T13:51:07.371Z
sensor.shellyplugsg3_8cbfeaa49324_potencia,17.2,2026-05-13T13:51:12.399Z
sensor.shellyplugsg3_8cbfeaa49324_potencia,18.4,2026-05-13T13:51:19.608Z
sensor.shellyplugsg3_8cbfeaa49324_potencia,16.9,2026-05-13T13:51:25.761Z
sensor.shellyplugsg3_8cbfeaa49324_potencia,18.1,2026-05-13T13:51:30.901Z
sensor.shellyplugsg3_8cbfeaa49324_potencia,13.3,2026-05-13T13:51:36.152Z
sensor.shellyplugsg3_8cbfeaa49324_potencia,17.9,2026-05-13T13:51:41.215Z
sensor.shellyplugsg3_8cbfeaa49324_potencia,14.7,2026-05-13T13:51:48.499Z
sensor.shellyplugsg3_8cbfeaa49324_potencia,18.0,2026-05-13T13:51:54.579Z
sensor.shellyplugsg3_8cbfeaa49324_potencia,18.4,2026-05-13T13:52:00.057Z
sensor.shellyplugsg3_8cbfeaa49324_potencia,13.6,2026-05-13T13:52:01.900Z
sensor.shellyplugsg3_8cbfeaa49324_potencia,18.8,2026-05-13T13:52:06.919Z
sensor.shellyplugsg3_8cbfeaa49324_potencia,17.5,2026-05-13T13:52:13.113Z
sensor.shellyplugsg3_8cbfeaa49324_potencia,17.6,2026-05-13T13:52:25.420Z
sensor.shellyplugsg3_8cbfeaa49324_potencia,17.9,2026-05-13T13:52:32.620Z
sensor.shellyplugsg3_8cbfeaa49324_potencia,17.6,2026-05-13T13:52:40.838Z
sensor.shellyplugsg3_8cbfeaa49324_potencia,18.5,2026-05-13T13:52:45.978Z
sensor.shellyplugsg3_8cbfeaa49324_potencia,18.1,2026-05-13T13:52:54.201Z
sensor.shellyplugsg3_8cbfeaa49324_potencia,17.2,2026-05-13T13:52:59.343Z
sensor.shellyplugsg3_8cbfeaa49324_potencia,17.5,2026-05-13T13:53:00.055Z
sensor.shellyplugsg3_8cbfeaa49324_potencia,16.0,2026-05-13T13:53:07.674Z
sensor.shellyplugsg3_8cbfeaa49324_potencia,17.1,2026-05-13T13:53:12.718Z
sensor.shellyplugsg3_8cbfeaa49324_potencia,16.2,2026-05-13T13:53:20.938Z
sensor.shellyplugsg3_8cbfeaa49324_potencia,17.9,2026-05-13T13:53:26.080Z
sensor.shellyplugsg3_8cbfeaa49324_potencia,16.8,2026-05-13T13:53:35.441Z
sensor.shellyplugsg3_8cbfeaa49324_potencia,18.0,2026-05-13T13:53:40.594Z
sensor.shellyplugsg3_8cbfeaa49324_potencia,15.2,2026-05-13T13:53:47.802Z
sensor.shellyplugsg3_8cbfeaa49324_potencia,18.1,2026-05-13T13:53:53.870Z
sensor.shellyplugsg3_8cbfeaa49324_potencia,13.8,2026-05-13T13:54:01.198Z
sensor.shellyplugsg3_8cbfeaa49324_potencia,18.7,2026-05-13T13:54:06.223Z
sensor.shellyplugsg3_8cbfeaa49324_potencia,14.0,2026-05-13T13:54:14.562Z
sensor.shellyplugsg3_8cbfeaa49324_potencia,17.0,2026-05-13T13:54:19.600Z
sensor.shellyplugsg3_8cbfeaa49324_potencia,18.2,2026-05-13T13:54:26.799Z
sensor.shellyplugsg3_8cbfeaa49324_potencia,16.7,2026-05-13T13:54:31.934Z
sensor.shellyplugsg3_8cbfeaa49324_potencia,17.9,2026-05-13T13:54:37.090Z
sensor.shellyplugsg3_8cbfeaa49324_potencia,16.3,2026-05-13T13:54:44.268Z
sensor.shellyplugsg3_8cbfeaa49324_potencia,17.9,2026-05-13T13:54:51.477Z
sensor.shellyplugsg3_8cbfeaa49324_potencia,17.4,2026-05-13T13:54:58.656Z
sensor.shellyplugsg3_8cbfeaa49324_potencia,19.1,2026-05-13T13:55:00.079Z
sensor.shellyplugsg3_8cbfeaa49324_potencia,17.7,2026-05-13T13:55:04.840Z
sensor.shellyplugsg3_8cbfeaa49324_potencia,18.1,2026-05-13T13:55:12.021Z
sensor.shellyplugsg3_8cbfeaa49324_potencia,16.4,2026-05-13T13:55:20.354Z
sensor.shellyplugsg3_8cbfeaa49324_potencia,18.0,2026-05-13T13:55:25.423Z
sensor.shellyplugsg3_8cbfeaa49324_potencia,13.7,2026-05-13T13:55:33.734Z
sensor.shellyplugsg3_8cbfeaa49324_potencia,17.8,2026-05-13T13:55:38.787Z
sensor.shellyplugsg3_8cbfeaa49324_potencia,16.4,2026-05-13T13:55:47.135Z
sensor.shellyplugsg3_8cbfeaa49324_potencia,17.9,2026-05-13T13:55:55.231Z
sensor.shellyplugsg3_8cbfeaa49324_potencia,13.1,2026-05-13T13:56:00.049Z
sensor.shellyplugsg3_8cbfeaa49324_potencia,17.8,2026-05-13T13:56:05.528Z
sensor.shellyplugsg3_8cbfeaa49324_potencia,15.7,2026-05-13T13:56:12.720Z
sensor.shellyplugsg3_8cbfeaa49324_potencia,18.0,2026-05-13T13:56:17.862Z
sensor.shellyplugsg3_8cbfeaa49324_potencia,15.4,2026-05-13T13:56:27.223Z
sensor.shellyplugsg3_8cbfeaa49324_potencia,17.5,2026-05-13T13:56:32.264Z
sensor.shellyplugsg3_8cbfeaa49324_potencia,12.6,2026-05-13T13:56:40.489Z
sensor.shellyplugsg3_8cbfeaa49324_potencia,17.1,2026-05-13T13:56:45.628Z
sensor.shellyplugsg3_8cbfeaa49324_potencia,18.2,2026-05-13T13:56:51.904Z
sensor.shellyplugsg3_8cbfeaa49324_potencia,17.2,2026-05-13T13:56:56.948Z
sensor.shellyplugsg3_8cbfeaa49324_potencia,17.6,2026-05-13T13:57:00.048Z
sensor.shellyplugsg3_8cbfeaa49324_potencia,17.3,2026-05-13T13:57:05.168Z
sensor.shellyplugsg3_8cbfeaa49324_potencia,16.9,2026-05-13T13:57:10.310Z
sensor.shellyplugsg3_8cbfeaa49324_potencia,18.0,2026-05-13T13:57:15.448Z
sensor.shellyplugsg3_8cbfeaa49324_potencia,16.6,2026-05-13T13:57:23.671Z
sensor.shellyplugsg3_8cbfeaa49324_potencia,18.0,2026-05-13T13:57:29.838Z
sensor.shellyplugsg3_8cbfeaa49324_potencia,17.0,2026-05-13T13:57:37.035Z
sensor.shellyplugsg3_8cbfeaa49324_potencia,14.1,2026-05-13T13:57:46.398Z
sensor.shellyplugsg3_8cbfeaa49324_potencia,18.5,2026-05-13T13:57:51.441Z
sensor.shellyplugsg3_8cbfeaa49324_potencia,17.9,2026-05-13T13:57:58.634Z
sensor.shellyplugsg3_8cbfeaa49324_potencia,17.1,2026-05-13T13:58:00.044Z
sensor.shellyplugsg3_8cbfeaa49324_potencia,17.4,2026-05-13T13:58:03.774Z
sensor.shellyplugsg3_8cbfeaa49324_potencia,17.3,2026-05-13T13:58:10.970Z
sensor.shellyplugsg3_8cbfeaa49324_potencia,16.6,2026-05-13T13:58:17.138Z
sensor.shellyplugsg3_8cbfeaa49324_potencia,16.9,2026-05-13T13:58:22.276Z
sensor.shellyplugsg3_8cbfeaa49324_potencia,17.3,2026-05-13T13:58:30.500Z
sensor.shellyplugsg3_8cbfeaa49324_potencia,12.8,2026-05-13T13:58:39.883Z
sensor.shellyplugsg3_8cbfeaa49324_potencia,11.2,2026-05-13T13:58:46.962Z
sensor.shellyplugsg3_8cbfeaa49324_potencia,10.1,2026-05-13T13:58:52.120Z
sensor.shellyplugsg3_8cbfeaa49324_potencia,10.3,2026-05-13T13:59:00.056Z
sensor.shellyplugsg3_8cbfeaa49324_potencia,11.4,2026-05-13T13:59:44.627Z
sensor.shellyplugsg3_8cbfeaa49324_potencia,16.6,2026-05-13T13:59:49.669Z
sensor.shellyplugsg3_8cbfeaa49324_potencia,17.0,2026-05-13T14:00:00.040Z
sensor.shellyplugsg3_8cbfeaa49324_potencia,12.4,2026-05-13T14:00:01.087Z
sensor.shellyplugsg3_8cbfeaa49324_potencia,17.7,2026-05-13T14:00:06.130Z
sensor.shellyplugsg3_8cbfeaa49324_potencia,16.6,2026-05-13T14:00:13.323Z
sensor.shellyplugsg3_8cbfeaa49324_potencia,15.8,2026-05-13T14:00:18.465Z
sensor.shellyplugsg3_8cbfeaa49324_potencia,17.1,2026-05-13T14:00:23.604Z
sensor.shellyplugsg3_8cbfeaa49324_potencia,14.6,2026-05-13T14:00:28.855Z
sensor.shellyplugsg3_8cbfeaa49324_potencia,16.3,2026-05-13T14:00:34.924Z
sensor.shellyplugsg3_8cbfeaa49324_potencia,17.5,2026-05-13T14:00:40.065Z
sensor.shellyplugsg3_8cbfeaa49324_potencia,18.2,2026-05-13T14:00:46.233Z
sensor.shellyplugsg3_8cbfeaa49324_potencia,16.9,2026-05-13T14:00:56.621Z
sensor.shellyplugsg3_8cbfeaa49324_potencia,18.0,2026-05-13T14:01:00.038Z
sensor.shellyplugsg3_8cbfeaa49324_potencia,16.7,2026-05-13T14:01:04.746Z
sensor.shellyplugsg3_8cbfeaa49324_potencia,16.0,2026-05-13T14:01:09.886Z
sensor.shellyplugsg3_8cbfeaa49324_potencia,17.2,2026-05-13T14:01:15.025Z
sensor.shellyplugsg3_8cbfeaa49324_potencia,17.0,2026-05-13T14:01:20.166Z
sensor.shellyplugsg3_8cbfeaa49324_potencia,16.6,2026-05-13T14:01:25.305Z
sensor.shellyplugsg3_8cbfeaa49324_potencia,18.0,2026-05-13T14:01:31.472Z
sensor.shellyplugsg3_8cbfeaa49324_potencia,18.5,2026-05-13T14:01:39.694Z
sensor.shellyplugsg3_8cbfeaa49324_potencia,17.3,2026-05-13T14:01:45.862Z
sensor.shellyplugsg3_8cbfeaa49324_potencia,19.0,2026-05-13T14:01:55.223Z
sensor.shellyplugsg3_8cbfeaa49324_potencia,18.1,2026-05-13T14:02:00.036Z
sensor.shellyplugsg3_8cbfeaa49324_potencia,17.1,2026-05-13T14:02:01.292Z
sensor.shellyplugsg3_8cbfeaa49324_potencia,16.8,2026-05-13T14:02:07.461Z
sensor.shellyplugsg3_8cbfeaa49324_potencia,17.3,2026-05-13T14:02:12.600Z
sensor.shellyplugsg3_8cbfeaa49324_potencia,16.5,2026-05-13T14:02:25.986Z
sensor.shellyplugsg3_8cbfeaa49324_potencia,17.0,2026-05-13T14:02:31.105Z
sensor.shellyplugsg3_8cbfeaa49324_potencia,18.1,2026-05-13T14:02:36.355Z
sensor.shellyplugsg3_8cbfeaa49324_potencia,13.9,2026-05-13T14:02:43.565Z
sensor.shellyplugsg3_8cbfeaa49324_potencia,16.8,2026-05-13T14:02:48.608Z
sensor.shellyplugsg3_8cbfeaa49324_potencia,17.0,2026-05-13T14:02:55.802Z
sensor.shellyplugsg3_8cbfeaa49324_potencia,17.4,2026-05-13T14:03:00.033Z
sensor.shellyplugsg3_8cbfeaa49324_potencia,18.0,2026-05-13T14:03:06.211Z
sensor.shellyplugsg3_8cbfeaa49324_potencia,17.8,2026-05-13T14:03:21.532Z
sensor.shellyplugsg3_8cbfeaa49324_potencia,16.8,2026-05-13T14:03:27.700Z
sensor.shellyplugsg3_8cbfeaa49324_potencia,17.9,2026-05-13T14:03:33.866Z
sensor.shellyplugsg3_8cbfeaa49324_potencia,17.0,2026-05-13T14:03:41.063Z
sensor.shellyplugsg3_8cbfeaa49324_potencia,18.1,2026-05-13T14:03:48.265Z
sensor.shellyplugsg3_8cbfeaa49324_potencia,18.6,2026-05-13T14:03:56.508Z
sensor.shellyplugsg3_8cbfeaa49324_potencia,17.6,2026-05-13T14:04:00.041Z
sensor.shellyplugsg3_8cbfeaa49324_potencia,16.6,2026-05-13T14:04:03.673Z
sensor.shellyplugsg3_8cbfeaa49324_potencia,17.2,2026-05-13T14:04:08.816Z
sensor.shellyplugsg3_8cbfeaa49324_potencia,17.3,2026-05-13T14:04:16.009Z
sensor.shellyplugsg3_8cbfeaa49324_potencia,17.1,2026-05-13T14:04:21.151Z
sensor.shellyplugsg3_8cbfeaa49324_potencia,14.6,2026-05-13T14:04:31.540Z
sensor.shellyplugsg3_8cbfeaa49324_potencia,18.3,2026-05-13T14:04:36.581Z
sensor.shellyplugsg3_8cbfeaa49324_potencia,18.4,2026-05-13T14:04:42.749Z
sensor.shellyplugsg3_8cbfeaa49324_potencia,17.8,2026-05-13T14:04:48.938Z
sensor.shellyplugsg3_8cbfeaa49324_potencia,18.2,2026-05-13T14:04:55.085Z
sensor.shellyplugsg3_8cbfeaa49324_potencia,17.0,2026-05-13T14:05:00.048Z
sensor.shellyplugsg3_8cbfeaa49324_potencia,17.9,2026-05-13T14:05:07.421Z
sensor.shellyplugsg3_8cbfeaa49324_potencia,16.9,2026-05-13T14:05:15.664Z
sensor.shellyplugsg3_8cbfeaa49324_potencia,18.3,2026-05-13T14:05:20.893Z
sensor.shellyplugsg3_8cbfeaa49324_potencia,17.4,2026-05-13T14:05:29.028Z
sensor.shellyplugsg3_8cbfeaa49324_potencia,18.8,2026-05-13T14:05:37.373Z
sensor.shellyplugsg3_8cbfeaa49324_potencia,18.1,2026-05-13T14:05:42.393Z
sensor.shellyplugsg3_8cbfeaa49324_potencia,17.5,2026-05-13T14:05:47.562Z
sensor.shellyplugsg3_8cbfeaa49324_potencia,14.0,2026-05-13T14:05:52.786Z
sensor.shellyplugsg3_8cbfeaa49324_potencia,19.3,2026-05-13T14:05:57.853Z
sensor.shellyplugsg3_8cbfeaa49324_potencia,17.8,2026-05-13T14:06:00.055Z
sensor.shellyplugsg3_8cbfeaa49324_potencia,17.4,2026-05-13T14:06:02.973Z
sensor.shellyplugsg3_8cbfeaa49324_potencia,17.5,2026-05-13T14:06:09.168Z
sensor.shellyplugsg3_8cbfeaa49324_potencia,13.7,2026-05-13T14:06:18.539Z
sensor.shellyplugsg3_8cbfeaa49324_potencia,17.9,2026-05-13T14:06:24.582Z
sensor.shellyplugsg3_8cbfeaa49324_potencia,15.0,2026-05-13T14:06:32.926Z
sensor.shellyplugsg3_8cbfeaa49324_potencia,18.3,2026-05-13T14:06:37.956Z
sensor.shellyplugsg3_8cbfeaa49324_potencia,18.1,2026-05-13T14:06:45.163Z
sensor.shellyplugsg3_8cbfeaa49324_potencia,17.1,2026-05-13T14:06:50.290Z
sensor.shellyplugsg3_8cbfeaa49324_potencia,13.7,2026-05-13T14:06:59.653Z
sensor.shellyplugsg3_8cbfeaa49324_potencia,16.6,2026-05-13T14:07:00.025Z
sensor.shellyplugsg3_8cbfeaa49324_potencia,17.9,2026-05-13T14:07:04.722Z
sensor.shellyplugsg3_8cbfeaa49324_potencia,13.5,2026-05-13T14:07:13.028Z
sensor.shellyplugsg3_8cbfeaa49324_potencia,16.6,2026-05-13T14:07:18.071Z
sensor.shellyplugsg3_8cbfeaa49324_potencia,17.8,2026-05-13T14:07:23.209Z
sensor.shellyplugsg3_8cbfeaa49324_potencia,16.5,2026-05-13T14:07:30.405Z
sensor.shellyplugsg3_8cbfeaa49324_potencia,18.1,2026-05-13T14:07:36.571Z
sensor.shellyplugsg3_8cbfeaa49324_potencia,17.0,2026-05-13T14:07:42.764Z
sensor.shellyplugsg3_8cbfeaa49324_potencia,15.9,2026-05-13T14:07:53.128Z
sensor.shellyplugsg3_8cbfeaa49324_potencia,17.1,2026-05-13T14:07:58.171Z
sensor.shellyplugsg3_8cbfeaa49324_potencia,16.3,2026-05-13T14:08:00.025Z
sensor.shellyplugsg3_8cbfeaa49324_potencia,18.1,2026-05-13T14:08:03.310Z
sensor.shellyplugsg3_8cbfeaa49324_potencia,16.8,2026-05-13T14:08:09.491Z
sensor.shellyplugsg3_8cbfeaa49324_potencia,18.0,2026-05-13T14:08:17.701Z
sensor.shellyplugsg3_8cbfeaa49324_potencia,16.7,2026-05-13T14:08:23.879Z
sensor.shellyplugsg3_8cbfeaa49324_potencia,17.7,2026-05-13T14:08:29.009Z
sensor.shellyplugsg3_8cbfeaa49324_potencia,13.0,2026-05-13T14:08:34.272Z
sensor.shellyplugsg3_8cbfeaa49324_potencia,16.7,2026-05-13T14:08:39.304Z
sensor.shellyplugsg3_8cbfeaa49324_potencia,17.8,2026-05-13T14:08:44.460Z
sensor.shellyplugsg3_8cbfeaa49324_potencia,11.7,2026-05-13T14:08:51.638Z
sensor.shellyplugsg3_8cbfeaa49324_potencia,10.4,2026-05-13T14:08:56.778Z
sensor.shellyplugsg3_8cbfeaa49324_potencia,10.7,2026-05-13T14:09:00.026Z
sensor.shellyplugsg3_8cbfeaa49324_potencia,13.9,2026-05-13T14:09:53.479Z
sensor.shellyplugsg3_8cbfeaa49324_potencia,16.6,2026-05-13T14:09:58.497Z
sensor.shellyplugsg3_8cbfeaa49324_potencia,16.7,2026-05-13T14:10:00.032Z
sensor.shellyplugsg3_8cbfeaa49324_potencia,17.1,2026-05-13T14:10:11.861Z
sensor.shellyplugsg3_8cbfeaa49324_potencia,13.2,2026-05-13T14:10:22.254Z
sensor.shellyplugsg3_8cbfeaa49324_potencia,18.7,2026-05-13T14:10:27.289Z
sensor.shellyplugsg3_8cbfeaa49324_potencia,17.5,2026-05-13T14:10:33.467Z
sensor.shellyplugsg3_8cbfeaa49324_potencia,18.7,2026-05-13T14:10:42.837Z
sensor.shellyplugsg3_8cbfeaa49324_potencia,17.0,2026-05-13T14:10:48.884Z
sensor.shellyplugsg3_8cbfeaa49324_potencia,18.1,2026-05-13T14:10:54.050Z
sensor.shellyplugsg3_8cbfeaa49324_potencia,17.4,2026-05-13T14:11:00.040Z
sensor.shellyplugsg3_8cbfeaa49324_potencia,15.5,2026-05-13T14:11:02.360Z
sensor.shellyplugsg3_8cbfeaa49324_potencia,17.9,2026-05-13T14:11:08.437Z
sensor.shellyplugsg3_8cbfeaa49324_potencia,13.2,2026-05-13T14:11:15.758Z
sensor.shellyplugsg3_8cbfeaa49324_potencia,17.2,2026-05-13T14:11:20.780Z
sensor.shellyplugsg3_8cbfeaa49324_potencia,18.2,2026-05-13T14:11:26.972Z
sensor.shellyplugsg3_8cbfeaa49324_potencia,17.0,2026-05-13T14:11:34.141Z
sensor.shellyplugsg3_8cbfeaa49324_potencia,18.3,2026-05-13T14:11:42.383Z
sensor.shellyplugsg3_8cbfeaa49324_potencia,17.3,2026-05-13T14:11:47.504Z
sensor.shellyplugsg3_8cbfeaa49324_potencia,18.4,2026-05-13T14:11:53.700Z
sensor.shellyplugsg3_8cbfeaa49324_potencia,18.7,2026-05-13T14:12:00.014Z
sensor.shellyplugsg3_8cbfeaa49324_potencia,18.9,2026-05-13T14:12:06.005Z
sensor.shellyplugsg3_8cbfeaa49324_potencia,17.4,2026-05-13T14:12:11.158Z
sensor.shellyplugsg3_8cbfeaa49324_potencia,18.6,2026-05-13T14:12:19.367Z
sensor.shellyplugsg3_8cbfeaa49324_potencia,18.1,2026-05-13T14:12:27.593Z
sensor.shellyplugsg3_8cbfeaa49324_potencia,16.6,2026-05-13T14:12:36.962Z
sensor.shellyplugsg3_8cbfeaa49324_potencia,18.5,2026-05-13T14:12:45.104Z
sensor.shellyplugsg3_8cbfeaa49324_potencia,14.8,2026-05-13T14:12:50.328Z
sensor.shellyplugsg3_8cbfeaa49324_potencia,18.6,2026-05-13T14:12:56.419Z
sensor.shellyplugsg3_8cbfeaa49324_potencia,17.8,2026-05-13T14:13:00.012Z
sensor.shellyplugsg3_8cbfeaa49324_potencia,18.8,2026-05-13T14:13:02.564Z
sensor.shellyplugsg3_8cbfeaa49324_potencia,17.9,2026-05-13T14:13:07.734Z
sensor.shellyplugsg3_8cbfeaa49324_potencia,16.3,2026-05-13T14:13:18.093Z
sensor.shellyplugsg3_8cbfeaa49324_potencia,17.5,2026-05-13T14:13:25.190Z
sensor.shellyplugsg3_8cbfeaa49324_potencia,17.3,2026-05-13T14:13:30.329Z
sensor.shellyplugsg3_8cbfeaa49324_potencia,17.1,2026-05-13T14:13:35.471Z
sensor.shellyplugsg3_8cbfeaa49324_potencia,18.3,2026-05-13T14:13:40.608Z
sensor.shellyplugsg3_8cbfeaa49324_potencia,17.2,2026-05-13T14:13:48.833Z
sensor.shellyplugsg3_8cbfeaa49324_potencia,18.3,2026-05-13T14:13:54.082Z
sensor.shellyplugsg3_8cbfeaa49324_potencia,16.8,2026-05-13T14:14:00.009Z
sensor.shellyplugsg3_8cbfeaa49324_potencia,17.0,2026-05-13T14:14:01.179Z
sensor.shellyplugsg3_8cbfeaa49324_potencia,17.6,2026-05-13T14:14:07.345Z
sensor.shellyplugsg3_8cbfeaa49324_potencia,16.9,2026-05-13T14:14:15.575Z
sensor.shellyplugsg3_8cbfeaa49324_potencia,17.5,2026-05-13T14:14:20.708Z
sensor.shellyplugsg3_8cbfeaa49324_potencia,18.5,2026-05-13T14:14:32.124Z
sensor.shellyplugsg3_8cbfeaa49324_potencia,19.1,2026-05-13T14:14:37.182Z
sensor.shellyplugsg3_8cbfeaa49324_potencia,18.1,2026-05-13T14:14:42.305Z
sensor.shellyplugsg3_8cbfeaa49324_potencia,15.8,2026-05-13T14:14:51.672Z
sensor.shellyplugsg3_8cbfeaa49324_potencia,18.7,2026-05-13T14:14:57.764Z
sensor.shellyplugsg3_8cbfeaa49324_potencia,18.0,2026-05-13T14:15:00.007Z
sensor.shellyplugsg3_8cbfeaa49324_potencia,18.4,2026-05-13T14:15:02.884Z
sensor.shellyplugsg3_8cbfeaa49324_potencia,17.2,2026-05-13T14:15:08.015Z
sensor.shellyplugsg3_8cbfeaa49324_potencia,16.6,2026-05-13T14:15:13.175Z
sensor.shellyplugsg3_8cbfeaa49324_potencia,16.9,2026-05-13T14:15:18.296Z
sensor.shellyplugsg3_8cbfeaa49324_potencia,16.6,2026-05-13T14:15:23.467Z
sensor.shellyplugsg3_8cbfeaa49324_potencia,17.7,2026-05-13T14:15:29.612Z
sensor.shellyplugsg3_8cbfeaa49324_potencia,16.7,2026-05-13T14:15:37.854Z
sensor.shellyplugsg3_8cbfeaa49324_potencia,18.0,2026-05-13T14:15:42.975Z
sensor.shellyplugsg3_8cbfeaa49324_potencia,18.3,2026-05-13T14:15:51.218Z
sensor.shellyplugsg3_8cbfeaa49324_potencia,13.1,2026-05-13T14:16:00.024Z
sensor.shellyplugsg3_8cbfeaa49324_potencia,18.6,2026-05-13T14:16:05.606Z
sensor.shellyplugsg3_8cbfeaa49324_potencia,17.2,2026-05-13T14:16:12.927Z
sensor.shellyplugsg3_8cbfeaa49324_potencia,17.9,2026-05-13T14:16:17.944Z
sensor.shellyplugsg3_8cbfeaa49324_potencia,13.7,2026-05-13T14:16:27.315Z
sensor.shellyplugsg3_8cbfeaa49324_potencia,17.4,2026-05-13T14:16:32.348Z
sensor.shellyplugsg3_8cbfeaa49324_potencia,15.9,2026-05-13T14:16:41.709Z
sensor.shellyplugsg3_8cbfeaa49324_potencia,17.1,2026-05-13T14:16:47.795Z
sensor.shellyplugsg3_8cbfeaa49324_potencia,17.4,2026-05-13T14:16:56.000Z
sensor.shellyplugsg3_8cbfeaa49324_potencia,17.6,2026-05-13T14:17:00.032Z
sensor.shellyplugsg3_8cbfeaa49324_potencia,18.5,2026-05-13T14:17:02.284Z
sensor.shellyplugsg3_8cbfeaa49324_potencia,16.5,2026-05-13T14:17:10.426Z
sensor.shellyplugsg3_8cbfeaa49324_potencia,17.7,2026-05-13T14:17:18.626Z
sensor.shellyplugsg3_8cbfeaa49324_potencia,16.9,2026-05-13T14:17:26.860Z
sensor.shellyplugsg3_8cbfeaa49324_potencia,13.0,2026-05-13T14:17:36.230Z
sensor.shellyplugsg3_8cbfeaa49324_potencia,17.2,2026-05-13T14:17:41.255Z
sensor.shellyplugsg3_8cbfeaa49324_potencia,18.2,2026-05-13T14:17:46.502Z
sensor.shellyplugsg3_8cbfeaa49324_potencia,17.3,2026-05-13T14:17:52.574Z
sensor.shellyplugsg3_8cbfeaa49324_potencia,17.8,2026-05-13T14:18:00.000Z
sensor.shellyplugsg3_8cbfeaa49324_potencia,17.7,2026-05-13T14:18:00.795Z
sensor.shellyplugsg3_8cbfeaa49324_potencia,14.1,2026-05-13T14:18:17.355Z
sensor.shellyplugsg3_8cbfeaa49324_potencia,16.9,2026-05-13T14:18:22.398Z
sensor.shellyplugsg3_8cbfeaa49324_potencia,17.9,2026-05-13T14:18:30.618Z
sensor.shellyplugsg3_8cbfeaa49324_potencia,16.8,2026-05-13T14:18:35.776Z
sensor.shellyplugsg3_8cbfeaa49324_potencia,17.0,2026-05-13T14:18:40.897Z
sensor.shellyplugsg3_8cbfeaa49324_potencia,17.1,2026-05-13T14:18:46.069Z
sensor.shellyplugsg3_8cbfeaa49324_potencia,18.2,2026-05-13T14:18:54.261Z
sensor.shellyplugsg3_8cbfeaa49324_potencia,12.1,2026-05-13T14:18:59.998Z
sensor.shellyplugsg3_8cbfeaa49324_potencia,10.7,2026-05-13T14:19:02.485Z
sensor.shellyplugsg3_8cbfeaa49324_potencia,10.2,2026-05-13T14:20:00.061Z
sensor.shellyplugsg3_8cbfeaa49324_potencia,13.0,2026-05-13T14:20:04.260Z
sensor.shellyplugsg3_8cbfeaa49324_potencia,16.2,2026-05-13T14:20:09.320Z
sensor.shellyplugsg3_8cbfeaa49324_potencia,17.7,2026-05-13T14:20:16.607Z
sensor.shellyplugsg3_8cbfeaa49324_potencia,17.9,2026-05-13T14:20:22.683Z
sensor.shellyplugsg3_8cbfeaa49324_potencia,16.8,2026-05-13T14:20:31.029Z
sensor.shellyplugsg3_8cbfeaa49324_potencia,16.9,2026-05-13T14:20:36.054Z
sensor.shellyplugsg3_8cbfeaa49324_potencia,18.5,2026-05-13T14:20:42.345Z
sensor.shellyplugsg3_8cbfeaa49324_potencia,14.0,2026-05-13T14:20:48.402Z
sensor.shellyplugsg3_8cbfeaa49324_potencia,18.4,2026-05-13T14:20:53.557Z
sensor.shellyplugsg3_8cbfeaa49324_potencia,16.5,2026-05-13T14:20:59.818Z
sensor.shellyplugsg3_8cbfeaa49324_potencia,15.7,2026-05-13T14:21:00.060Z
sensor.shellyplugsg3_8cbfeaa49324_potencia,16.8,2026-05-13T14:21:05.889Z
sensor.shellyplugsg3_8cbfeaa49324_potencia,17.2,2026-05-13T14:21:11.027Z
sensor.shellyplugsg3_8cbfeaa49324_potencia,16.5,2026-05-13T14:21:16.189Z
sensor.shellyplugsg3_8cbfeaa49324_potencia,17.7,2026-05-13T14:21:23.362Z
sensor.shellyplugsg3_8cbfeaa49324_potencia,13.0,2026-05-13T14:21:28.629Z
sensor.shellyplugsg3_8cbfeaa49324_potencia,17.0,2026-05-13T14:21:33.656Z
sensor.shellyplugsg3_8cbfeaa49324_potencia,18.1,2026-05-13T14:21:38.921Z
sensor.shellyplugsg3_8cbfeaa49324_potencia,17.6,2026-05-13T14:22:00.066Z
sensor.shellyplugsg3_8cbfeaa49324_potencia,17.2,2026-05-13T14:22:05.546Z
sensor.shellyplugsg3_8cbfeaa49324_potencia,13.0,2026-05-13T14:22:10.674Z
sensor.shellyplugsg3_8cbfeaa49324_potencia,17.4,2026-05-13T14:22:15.837Z
sensor.shellyplugsg3_8cbfeaa49324_potencia,18.4,2026-05-13T14:22:20.957Z
sensor.shellyplugsg3_8cbfeaa49324_potencia,16.4,2026-05-13T14:22:27.119Z
sensor.shellyplugsg3_8cbfeaa49324_potencia,17.6,2026-05-13T14:22:34.313Z
sensor.shellyplugsg3_8cbfeaa49324_potencia,17.4,2026-05-13T14:22:40.479Z
sensor.shellyplugsg3_8cbfeaa49324_potencia,16.6,2026-05-13T14:22:45.635Z
sensor.shellyplugsg3_8cbfeaa49324_potencia,14.1,2026-05-13T14:22:51.788Z
sensor.shellyplugsg3_8cbfeaa49324_potencia,18.5,2026-05-13T14:22:56.951Z
sensor.shellyplugsg3_8cbfeaa49324_potencia,18.6,2026-05-13T14:23:00.074Z
sensor.shellyplugsg3_8cbfeaa49324_potencia,17.4,2026-05-13T14:23:02.179Z
sensor.shellyplugsg3_8cbfeaa49324_potencia,17.7,2026-05-13T14:23:09.290Z
sensor.shellyplugsg3_8cbfeaa49324_potencia,15.0,2026-05-13T14:23:19.683Z
sensor.shellyplugsg3_8cbfeaa49324_potencia,18.8,2026-05-13T14:23:24.708Z
sensor.shellyplugsg3_8cbfeaa49324_potencia,17.4,2026-05-13T14:23:30.897Z
sensor.shellyplugsg3_8cbfeaa49324_potencia,14.1,2026-05-13T14:23:47.435Z
sensor.shellyplugsg3_8cbfeaa49324_potencia,17.8,2026-05-13T14:23:52.470Z
sensor.shellyplugsg3_8cbfeaa49324_potencia,16.8,2026-05-13T14:23:58.749Z
sensor.shellyplugsg3_8cbfeaa49324_potencia,15.4,2026-05-13T14:24:00.081Z
sensor.shellyplugsg3_8cbfeaa49324_potencia,17.2,2026-05-13T14:24:03.793Z
sensor.shellyplugsg3_8cbfeaa49324_potencia,18.2,2026-05-13T14:24:10.989Z
sensor.shellyplugsg3_8cbfeaa49324_potencia,17.4,2026-05-13T14:24:18.206Z
sensor.shellyplugsg3_8cbfeaa49324_potencia,17.3,2026-05-13T14:24:23.326Z
sensor.shellyplugsg3_8cbfeaa49324_potencia,13.3,2026-05-13T14:24:28.465Z
sensor.shellyplugsg3_8cbfeaa49324_potencia,17.0,2026-05-13T14:24:33.617Z
sensor.shellyplugsg3_8cbfeaa49324_potencia,17.4,2026-05-13T14:24:38.743Z
sensor.shellyplugsg3_8cbfeaa49324_potencia,17.0,2026-05-13T14:24:43.909Z
sensor.shellyplugsg3_8cbfeaa49324_potencia,16.9,2026-05-13T14:24:52.106Z
sensor.shellyplugsg3_8cbfeaa49324_potencia,16.7,2026-05-13T14:24:58.296Z
sensor.shellyplugsg3_8cbfeaa49324_potencia,18.2,2026-05-13T14:25:09.691Z
sensor.shellyplugsg3_8cbfeaa49324_potencia,18.5,2026-05-13T14:25:14.732Z
sensor.shellyplugsg3_8cbfeaa49324_potencia,17.4,2026-05-13T14:25:21.011Z
sensor.shellyplugsg3_8cbfeaa49324_potencia,17.0,2026-05-13T14:25:28.108Z
sensor.shellyplugsg3_8cbfeaa49324_potencia,17.6,2026-05-13T14:25:34.275Z
sensor.shellyplugsg3_8cbfeaa49324_potencia,17.0,2026-05-13T14:25:42.501Z
sensor.shellyplugsg3_8cbfeaa49324_potencia,18.2,2026-05-13T14:25:47.654Z
sensor.shellyplugsg3_8cbfeaa49324_potencia,17.1,2026-05-13T14:25:55.864Z
sensor.shellyplugsg3_8cbfeaa49324_potencia,19.1,2026-05-13T14:26:00.049Z
sensor.shellyplugsg3_8cbfeaa49324_potencia,17.9,2026-05-13T14:26:04.089Z
sensor.shellyplugsg3_8cbfeaa49324_potencia,17.6,2026-05-13T14:26:09.226Z
sensor.shellyplugsg3_8cbfeaa49324_potencia,14.1,2026-05-13T14:26:18.588Z
sensor.shellyplugsg3_8cbfeaa49324_potencia,17.1,2026-05-13T14:26:23.648Z
sensor.shellyplugsg3_8cbfeaa49324_potencia,18.5,2026-05-13T14:26:28.769Z
sensor.shellyplugsg3_8cbfeaa49324_potencia,17.1,2026-05-13T14:26:37.011Z
sensor.shellyplugsg3_8cbfeaa49324_potencia,18.3,2026-05-13T14:26:43.161Z
sensor.shellyplugsg3_8cbfeaa49324_potencia,17.2,2026-05-13T14:26:50.374Z
sensor.shellyplugsg3_8cbfeaa49324_potencia,18.3,2026-05-13T14:26:55.605Z
sensor.shellyplugsg3_8cbfeaa49324_potencia,12.9,2026-05-13T14:27:00.051Z
sensor.shellyplugsg3_8cbfeaa49324_potencia,18.1,2026-05-13T14:27:05.802Z
sensor.shellyplugsg3_8cbfeaa49324_potencia,17.6,2026-05-13T14:27:10.956Z
sensor.shellyplugsg3_8cbfeaa49324_potencia,17.2,2026-05-13T14:27:18.137Z
sensor.shellyplugsg3_8cbfeaa49324_potencia,17.7,2026-05-13T14:27:25.345Z
sensor.shellyplugsg3_8cbfeaa49324_potencia,16.8,2026-05-13T14:27:32.528Z
sensor.shellyplugsg3_8cbfeaa49324_potencia,16.4,2026-05-13T14:27:40.756Z
sensor.shellyplugsg3_8cbfeaa49324_potencia,17.1,2026-05-13T14:27:45.890Z
sensor.shellyplugsg3_8cbfeaa49324_potencia,18.1,2026-05-13T14:27:53.199Z
sensor.shellyplugsg3_8cbfeaa49324_potencia,17.0,2026-05-13T14:27:59.290Z
sensor.shellyplugsg3_8cbfeaa49324_potencia,17.3,2026-05-13T14:28:00.058Z
sensor.shellyplugsg3_8cbfeaa49324_potencia,18.0,2026-05-13T14:28:07.489Z
sensor.shellyplugsg3_8cbfeaa49324_potencia,17.5,2026-05-13T14:28:13.678Z
sensor.shellyplugsg3_8cbfeaa49324_potencia,18.5,2026-05-13T14:28:36.379Z
sensor.shellyplugsg3_8cbfeaa49324_potencia,16.2,2026-05-13T14:28:41.429Z
sensor.shellyplugsg3_8cbfeaa49324_potencia,18.2,2026-05-13T14:28:46.560Z
sensor.shellyplugsg3_8cbfeaa49324_potencia,16.7,2026-05-13T14:28:52.744Z
sensor.shellyplugsg3_8cbfeaa49324_potencia,17.9,2026-05-13T14:28:58.895Z
sensor.shellyplugsg3_8cbfeaa49324_potencia,17.1,2026-05-13T14:29:07.136Z
sensor.shellyplugsg3_8cbfeaa49324_potencia,16.9,2026-05-13T14:29:13.327Z
sensor.shellyplugsg3_8cbfeaa49324_potencia,12.5,2026-05-13T14:29:18.557Z
sensor.shellyplugsg3_8cbfeaa49324_potencia,10.1,2026-05-13T14:29:25.667Z
sensor.shellyplugsg3_8cbfeaa49324_potencia,12.0,2026-05-13T14:30:23.334Z
sensor.shellyplugsg3_8cbfeaa49324_potencia,15.7,2026-05-13T14:30:28.387Z
sensor.shellyplugsg3_8cbfeaa49324_potencia,17.2,2026-05-13T14:30:35.573Z
sensor.shellyplugsg3_8cbfeaa49324_potencia,16.0,2026-05-13T14:30:40.726Z
sensor.shellyplugsg3_8cbfeaa49324_potencia,17.5,2026-05-13T14:30:47.906Z
sensor.shellyplugsg3_8cbfeaa49324_potencia,16.2,2026-05-13T14:30:53.168Z
sensor.shellyplugsg3_8cbfeaa49324_potencia,17.8,2026-05-13T14:30:58.309Z
sensor.shellyplugsg3_8cbfeaa49324_potencia,17.2,2026-05-13T14:31:00.038Z
sensor.shellyplugsg3_8cbfeaa49324_potencia,18.4,2026-05-13T14:31:03.350Z
sensor.shellyplugsg3_8cbfeaa49324_potencia,16.0,2026-05-13T14:31:11.573Z
sensor.shellyplugsg3_8cbfeaa49324_potencia,17.1,2026-05-13T14:31:16.712Z
sensor.shellyplugsg3_8cbfeaa49324_potencia,15.7,2026-05-13T14:31:21.851Z
sensor.shellyplugsg3_8cbfeaa49324_potencia,17.5,2026-05-13T14:31:27.012Z
sensor.shellyplugsg3_8cbfeaa49324_potencia,18.6,2026-05-13T14:31:32.132Z
sensor.shellyplugsg3_8cbfeaa49324_potencia,16.9,2026-05-13T14:31:39.325Z
sensor.shellyplugsg3_8cbfeaa49324_potencia,16.7,2026-05-13T14:31:53.717Z
sensor.shellyplugsg3_8cbfeaa49324_potencia,18.0,2026-05-13T14:31:58.858Z
sensor.shellyplugsg3_8cbfeaa49324_potencia,18.2,2026-05-13T14:32:00.035Z
sensor.shellyplugsg3_8cbfeaa49324_potencia,17.3,2026-05-13T14:32:07.104Z
sensor.shellyplugsg3_8cbfeaa49324_potencia,18.4,2026-05-13T14:32:16.471Z
sensor.shellyplugsg3_8cbfeaa49324_potencia,18.6,2026-05-13T14:32:21.505Z
sensor.shellyplugsg3_8cbfeaa49324_potencia,19.0,2026-05-13T14:32:26.660Z
sensor.shellyplugsg3_8cbfeaa49324_potencia,16.4,2026-05-13T14:32:31.786Z
sensor.shellyplugsg3_8cbfeaa49324_potencia,17.7,2026-05-13T14:32:37.975Z
sensor.shellyplugsg3_8cbfeaa49324_potencia,15.2,2026-05-13T14:32:45.258Z
sensor.shellyplugsg3_8cbfeaa49324_potencia,17.5,2026-05-13T14:32:50.317Z
sensor.shellyplugsg3_8cbfeaa49324_potencia,18.4,2026-05-13T14:32:56.466Z
sensor.shellyplugsg3_8cbfeaa49324_potencia,17.3,2026-05-13T14:33:00.045Z
sensor.shellyplugsg3_8cbfeaa49324_potencia,16.8,2026-05-13T14:33:02.654Z
sensor.shellyplugsg3_8cbfeaa49324_potencia,17.9,2026-05-13T14:33:07.774Z
sensor.shellyplugsg3_8cbfeaa49324_potencia,14.2,2026-05-13T14:33:13.022Z
sensor.shellyplugsg3_8cbfeaa49324_potencia,18.4,2026-05-13T14:33:18.070Z
sensor.shellyplugsg3_8cbfeaa49324_potencia,17.7,2026-05-13T14:33:24.230Z
sensor.shellyplugsg3_8cbfeaa49324_potencia,18.5,2026-05-13T14:33:31.429Z
sensor.shellyplugsg3_8cbfeaa49324_potencia,15.9,2026-05-13T14:33:39.759Z
sensor.shellyplugsg3_8cbfeaa49324_potencia,17.2,2026-05-13T14:33:44.802Z
sensor.shellyplugsg3_8cbfeaa49324_potencia,18.5,2026-05-13T14:33:52.114Z
sensor.shellyplugsg3_8cbfeaa49324_potencia,17.7,2026-05-13T14:33:58.206Z
sensor.shellyplugsg3_8cbfeaa49324_potencia,18.4,2026-05-13T14:34:00.049Z
sensor.shellyplugsg3_8cbfeaa49324_potencia,14.4,2026-05-13T14:34:07.538Z
sensor.shellyplugsg3_8cbfeaa49324_potencia,18.0,2026-05-13T14:34:12.595Z
sensor.shellyplugsg3_8cbfeaa49324_potencia,14.5,2026-05-13T14:34:21.966Z
sensor.shellyplugsg3_8cbfeaa49324_potencia,16.8,2026-05-13T14:34:26.983Z
sensor.shellyplugsg3_8cbfeaa49324_potencia,18.2,2026-05-13T14:34:34.202Z
sensor.shellyplugsg3_8cbfeaa49324_potencia,16.8,2026-05-13T14:34:39.321Z
sensor.shellyplugsg3_8cbfeaa49324_potencia,18.3,2026-05-13T14:34:44.456Z
sensor.shellyplugsg3_8cbfeaa49324_potencia,13.0,2026-05-13T14:34:49.708Z
sensor.shellyplugsg3_8cbfeaa49324_potencia,17.1,2026-05-13T14:34:54.752Z
sensor.shellyplugsg3_8cbfeaa49324_potencia,18.0,2026-05-13T14:35:00.059Z
sensor.shellyplugsg3_8cbfeaa49324_potencia,18.4,2026-05-13T14:35:00.928Z
sensor.shellyplugsg3_8cbfeaa49324_potencia,17.6,2026-05-13T14:35:07.124Z
sensor.shellyplugsg3_8cbfeaa49324_potencia,14.4,2026-05-13T14:35:17.516Z
sensor.shellyplugsg3_8cbfeaa49324_potencia,16.7,2026-05-13T14:35:22.534Z
sensor.shellyplugsg3_8cbfeaa49324_potencia,15.0,2026-05-13T14:35:30.881Z
sensor.shellyplugsg3_8cbfeaa49324_potencia,17.4,2026-05-13T14:35:36.933Z
sensor.shellyplugsg3_8cbfeaa49324_potencia,13.3,2026-05-13T14:35:45.267Z
sensor.shellyplugsg3_8cbfeaa49324_potencia,18.7,2026-05-13T14:35:50.310Z
sensor.shellyplugsg3_8cbfeaa49324_potencia,12.6,2026-05-13T14:35:58.533Z
sensor.shellyplugsg3_8cbfeaa49324_potencia,16.7,2026-05-13T14:36:00.026Z
sensor.shellyplugsg3_8cbfeaa49324_potencia,16.8,2026-05-13T14:36:03.673Z
sensor.shellyplugsg3_8cbfeaa49324_potencia,18.4,2026-05-13T14:36:08.820Z
sensor.shellyplugsg3_8cbfeaa49324_potencia,17.1,2026-05-13T14:36:17.033Z
sensor.shellyplugsg3_8cbfeaa49324_potencia,18.1,2026-05-13T14:36:25.256Z
sensor.shellyplugsg3_8cbfeaa49324_potencia,17.8,2026-05-13T14:36:31.423Z
sensor.shellyplugsg3_8cbfeaa49324_potencia,17.7,2026-05-13T14:36:39.648Z
sensor.shellyplugsg3_8cbfeaa49324_potencia,16.2,2026-05-13T14:36:44.787Z
sensor.shellyplugsg3_8cbfeaa49324_potencia,18.3,2026-05-13T14:36:49.925Z
sensor.shellyplugsg3_8cbfeaa49324_potencia,18.0,2026-05-13T14:36:56.095Z
sensor.shellyplugsg3_8cbfeaa49324_potencia,17.5,2026-05-13T14:37:00.026Z
sensor.shellyplugsg3_8cbfeaa49324_potencia,17.9,2026-05-13T14:37:02.261Z
sensor.shellyplugsg3_8cbfeaa49324_potencia,16.0,2026-05-13T14:37:08.539Z
sensor.shellyplugsg3_8cbfeaa49324_potencia,17.9,2026-05-13T14:37:13.591Z
sensor.shellyplugsg3_8cbfeaa49324_potencia,12.6,2026-05-13T14:37:22.958Z
sensor.shellyplugsg3_8cbfeaa49324_potencia,17.0,2026-05-13T14:37:27.987Z
sensor.shellyplugsg3_8cbfeaa49324_potencia,16.8,2026-05-13T14:37:36.220Z
sensor.shellyplugsg3_8cbfeaa49324_potencia,17.1,2026-05-13T14:37:41.349Z
sensor.shellyplugsg3_8cbfeaa49324_potencia,18.5,2026-05-13T14:37:46.613Z
sensor.shellyplugsg3_8cbfeaa49324_potencia,17.0,2026-05-13T14:37:53.695Z
sensor.shellyplugsg3_8cbfeaa49324_potencia,17.7,2026-05-13T14:38:00.027Z
sensor.shellyplugsg3_8cbfeaa49324_potencia,13.2,2026-05-13T14:38:04.124Z
sensor.shellyplugsg3_8cbfeaa49324_potencia,17.1,2026-05-13T14:38:09.160Z
sensor.shellyplugsg3_8cbfeaa49324_potencia,18.6,2026-05-13T14:38:15.337Z
sensor.shellyplugsg3_8cbfeaa49324_potencia,16.8,2026-05-13T14:38:21.495Z
sensor.shellyplugsg3_8cbfeaa49324_potencia,17.9,2026-05-13T14:38:28.802Z
sensor.shellyplugsg3_8cbfeaa49324_potencia,16.3,2026-05-13T14:38:33.974Z
sensor.shellyplugsg3_8cbfeaa49324_potencia,18.0,2026-05-13T14:38:40.020Z
sensor.shellyplugsg3_8cbfeaa49324_potencia,14.2,2026-05-13T14:38:46.313Z
sensor.shellyplugsg3_8cbfeaa49324_potencia,18.4,2026-05-13T14:38:51.342Z
sensor.shellyplugsg3_8cbfeaa49324_potencia,18.2,2026-05-13T14:38:58.550Z
sensor.shellyplugsg3_8cbfeaa49324_potencia,13.1,2026-05-13T14:39:00.034Z
sensor.shellyplugsg3_8cbfeaa49324_potencia,17.2,2026-05-13T14:39:03.677Z
sensor.shellyplugsg3_8cbfeaa49324_potencia,17.8,2026-05-13T14:39:10.889Z
sensor.shellyplugsg3_8cbfeaa49324_potencia,17.9,2026-05-13T14:39:18.069Z
sensor.shellyplugsg3_8cbfeaa49324_potencia,16.4,2026-05-13T14:39:24.345Z
sensor.shellyplugsg3_8cbfeaa49324_potencia,16.7,2026-05-13T14:39:32.496Z
sensor.shellyplugsg3_8cbfeaa49324_potencia,18.1,2026-05-13T14:39:38.636Z
sensor.shellyplugsg3_8cbfeaa49324_potencia,11.0,2026-05-13T14:39:45.859Z
sensor.shellyplugsg3_8cbfeaa49324_potencia,10.4,2026-05-13T14:40:00.042Z
sensor.shellyplugsg3_8cbfeaa49324_potencia,9.9,2026-05-13T14:40:20.887Z
sensor.shellyplugsg3_8cbfeaa49324_potencia,11.0,2026-05-13T14:40:31.178Z
sensor.shellyplugsg3_8cbfeaa49324_potencia,9.9,2026-05-13T14:40:40.442Z
sensor.shellyplugsg3_8cbfeaa49324_potencia,11.0,2026-05-13T14:40:45.613Z
sensor.shellyplugsg3_8cbfeaa49324_potencia,15.7,2026-05-13T14:40:50.636Z
sensor.shellyplugsg3_8cbfeaa49324_potencia,16.2,2026-05-13T14:40:55.776Z
sensor.shellyplugsg3_8cbfeaa49324_potencia,16.9,2026-05-13T14:41:00.015Z
sensor.shellyplugsg3_8cbfeaa49324_potencia,18.3,2026-05-13T14:41:09.277Z
sensor.shellyplugsg3_8cbfeaa49324_potencia,18.2,2026-05-13T14:41:14.318Z
sensor.shellyplugsg3_8cbfeaa49324_potencia,17.6,2026-05-13T14:41:20.490Z
sensor.shellyplugsg3_8cbfeaa49324_potencia,13.2,2026-05-13T14:41:30.878Z
sensor.shellyplugsg3_8cbfeaa49324_potencia,17.9,2026-05-13T14:41:35.921Z
sensor.shellyplugsg3_8cbfeaa49324_potencia,16.0,2026-05-13T14:41:44.253Z
sensor.shellyplugsg3_8cbfeaa49324_potencia,17.7,2026-05-13T14:41:49.295Z
sensor.shellyplugsg3_8cbfeaa49324_potencia,13.2,2026-05-13T14:41:58.659Z
sensor.shellyplugsg3_8cbfeaa49324_potencia,17.3,2026-05-13T14:42:00.014Z
sensor.shellyplugsg3_8cbfeaa49324_potencia,17.1,2026-05-13T14:42:03.702Z
sensor.shellyplugsg3_8cbfeaa49324_potencia,18.4,2026-05-13T14:42:11.014Z
sensor.shellyplugsg3_8cbfeaa49324_potencia,17.2,2026-05-13T14:42:16.050Z
sensor.shellyplugsg3_8cbfeaa49324_potencia,18.2,2026-05-13T14:42:23.250Z
sensor.shellyplugsg3_8cbfeaa49324_potencia,16.9,2026-05-13T14:42:30.469Z
sensor.shellyplugsg3_8cbfeaa49324_potencia,18.1,2026-05-13T14:42:36.613Z
sensor.shellyplugsg3_8cbfeaa49324_potencia,17.5,2026-05-13T14:42:43.801Z
sensor.shellyplugsg3_8cbfeaa49324_potencia,17.1,2026-05-13T14:42:48.953Z
sensor.shellyplugsg3_8cbfeaa49324_potencia,16.9,2026-05-13T14:42:56.138Z
sensor.shellyplugsg3_8cbfeaa49324_potencia,18.0,2026-05-13T14:43:00.012Z
sensor.shellyplugsg3_8cbfeaa49324_potencia,18.5,2026-05-13T14:43:01.292Z
sensor.shellyplugsg3_8cbfeaa49324_potencia,15.1,2026-05-13T14:43:08.583Z
sensor.shellyplugsg3_8cbfeaa49324_potencia,17.6,2026-05-13T14:43:13.631Z
sensor.shellyplugsg3_8cbfeaa49324_potencia,18.7,2026-05-13T14:43:21.977Z
sensor.shellyplugsg3_8cbfeaa49324_potencia,18.2,2026-05-13T14:43:26.998Z
sensor.shellyplugsg3_8cbfeaa49324_potencia,17.1,2026-05-13T14:43:35.238Z
sensor.shellyplugsg3_8cbfeaa49324_potencia,18.4,2026-05-13T14:43:40.472Z
sensor.shellyplugsg3_8cbfeaa49324_potencia,16.9,2026-05-13T14:43:46.656Z
sensor.shellyplugsg3_8cbfeaa49324_potencia,17.4,2026-05-13T14:43:58.893Z
sensor.shellyplugsg3_8cbfeaa49324_potencia,18.0,2026-05-13T14:44:00.019Z
sensor.shellyplugsg3_8cbfeaa49324_potencia,17.3,2026-05-13T14:44:06.112Z
sensor.shellyplugsg3_8cbfeaa49324_potencia,17.2,2026-05-13T14:44:12.256Z
sensor.shellyplugsg3_8cbfeaa49324_potencia,17.3,2026-05-13T14:44:20.499Z
sensor.shellyplugsg3_8cbfeaa49324_potencia,19.0,2026-05-13T14:44:26.753Z
sensor.shellyplugsg3_8cbfeaa49324_potencia,19.1,2026-05-13T14:44:31.814Z
sensor.shellyplugsg3_8cbfeaa49324_potencia,18.7,2026-05-13T14:44:36.937Z
sensor.shellyplugsg3_8cbfeaa49324_potencia,13.7,2026-05-13T14:44:47.227Z
sensor.shellyplugsg3_8cbfeaa49324_potencia,18.6,2026-05-13T14:44:52.356Z
sensor.shellyplugsg3_8cbfeaa49324_potencia,18.2,2026-05-13T14:44:58.542Z
sensor.shellyplugsg3_8cbfeaa49324_potencia,15.4,2026-05-13T14:45:00.027Z
sensor.shellyplugsg3_8cbfeaa49324_potencia,17.4,2026-05-13T14:45:03.662Z
sensor.shellyplugsg3_8cbfeaa49324_potencia,12.3,2026-05-13T14:45:15.081Z
sensor.shellyplugsg3_8cbfeaa49324_potencia,17.7,2026-05-13T14:45:20.149Z
sensor.shellyplugsg3_8cbfeaa49324_potencia,13.9,2026-05-13T14:45:29.485Z
sensor.shellyplugsg3_8cbfeaa49324_potencia,19.3,2026-05-13T14:45:34.535Z
sensor.shellyplugsg3_8cbfeaa49324_potencia,18.3,2026-05-13T14:45:39.665Z
sensor.shellyplugsg3_8cbfeaa49324_potencia,17.0,2026-05-13T14:45:46.876Z
sensor.shellyplugsg3_8cbfeaa49324_potencia,18.2,2026-05-13T14:45:53.029Z
sensor.shellyplugsg3_8cbfeaa49324_potencia,18.1,2026-05-13T14:46:00.033Z
sensor.shellyplugsg3_8cbfeaa49324_potencia,17.1,2026-05-13T14:46:01.262Z
sensor.shellyplugsg3_8cbfeaa49324_potencia,18.3,2026-05-13T14:46:07.419Z
sensor.shellyplugsg3_8cbfeaa49324_potencia,18.2,2026-05-13T14:46:15.650Z
sensor.shellyplugsg3_8cbfeaa49324_potencia,14.4,2026-05-13T14:46:25.020Z
sensor.shellyplugsg3_8cbfeaa49324_potencia,18.7,2026-05-13T14:46:30.044Z
sensor.shellyplugsg3_8cbfeaa49324_potencia,16.9,2026-05-13T14:46:37.257Z
sensor.shellyplugsg3_8cbfeaa49324_potencia,18.0,2026-05-13T14:46:45.602Z
sensor.shellyplugsg3_8cbfeaa49324_potencia,16.8,2026-05-13T14:46:52.668Z
sensor.shellyplugsg3_8cbfeaa49324_potencia,18.4,2026-05-13T14:47:00.092Z
sensor.shellyplugsg3_8cbfeaa49324_potencia,17.2,2026-05-13T14:47:07.208Z
sensor.shellyplugsg3_8cbfeaa49324_potencia,18.4,2026-05-13T14:47:12.335Z
sensor.shellyplugsg3_8cbfeaa49324_potencia,17.0,2026-05-13T14:47:20.571Z
sensor.shellyplugsg3_8cbfeaa49324_potencia,17.5,2026-05-13T14:47:25.641Z
sensor.shellyplugsg3_8cbfeaa49324_potencia,13.1,2026-05-13T14:47:36.002Z
sensor.shellyplugsg3_8cbfeaa49324_potencia,18.1,2026-05-13T14:47:41.045Z
sensor.shellyplugsg3_8cbfeaa49324_potencia,14.3,2026-05-13T14:47:49.398Z
sensor.shellyplugsg3_8cbfeaa49324_potencia,16.3,2026-05-13T14:47:55.446Z
sensor.shellyplugsg3_8cbfeaa49324_potencia,17.1,2026-05-13T14:48:00.063Z
sensor.shellyplugsg3_8cbfeaa49324_potencia,16.8,2026-05-13T14:48:00.613Z
sensor.shellyplugsg3_8cbfeaa49324_potencia,16.9,2026-05-13T14:48:07.781Z
sensor.shellyplugsg3_8cbfeaa49324_potencia,17.9,2026-05-13T14:48:14.987Z
sensor.shellyplugsg3_8cbfeaa49324_potencia,17.8,2026-05-13T14:48:22.172Z
sensor.shellyplugsg3_8cbfeaa49324_potencia,16.8,2026-05-13T14:48:29.491Z
sensor.shellyplugsg3_8cbfeaa49324_potencia,16.7,2026-05-13T14:48:34.522Z
sensor.shellyplugsg3_8cbfeaa49324_potencia,18.3,2026-05-13T14:48:40.703Z
sensor.shellyplugsg3_8cbfeaa49324_potencia,15.9,2026-05-13T14:48:45.938Z
sensor.shellyplugsg3_8cbfeaa49324_potencia,16.8,2026-05-13T14:48:50.993Z
sensor.shellyplugsg3_8cbfeaa49324_potencia,18.0,2026-05-13T14:48:59.204Z
sensor.shellyplugsg3_8cbfeaa49324_potencia,13.0,2026-05-13T14:49:00.061Z
sensor.shellyplugsg3_8cbfeaa49324_potencia,17.8,2026-05-13T14:49:04.358Z
sensor.shellyplugsg3_8cbfeaa49324_potencia,16.1,2026-05-13T14:49:13.729Z
sensor.shellyplugsg3_8cbfeaa49324_potencia,17.1,2026-05-13T14:49:18.746Z
sensor.shellyplugsg3_8cbfeaa49324_potencia,13.1,2026-05-13T14:49:28.114Z
sensor.shellyplugsg3_8cbfeaa49324_potencia,17.7,2026-05-13T14:49:33.152Z
sensor.shellyplugsg3_8cbfeaa49324_potencia,13.1,2026-05-13T14:49:42.515Z
sensor.shellyplugsg3_8cbfeaa49324_potencia,17.2,2026-05-13T14:49:47.569Z
sensor.shellyplugsg3_8cbfeaa49324_potencia,13.6,2026-05-13T14:49:56.940Z
sensor.shellyplugsg3_8cbfeaa49324_potencia,17.8,2026-05-13T14:50:00.061Z
sensor.shellyplugsg3_8cbfeaa49324_potencia,17.1,2026-05-13T14:50:01.963Z
sensor.shellyplugsg3_8cbfeaa49324_potencia,12.3,2026-05-13T14:50:11.379Z
sensor.shellyplugsg3_8cbfeaa49324_potencia,10.1,2026-05-13T14:50:18.446Z
sensor.shellyplugsg3_8cbfeaa49324_potencia,10.5,2026-05-13T14:51:00.057Z
sensor.shellyplugsg3_8cbfeaa49324_potencia,11.5,2026-05-13T14:51:16.114Z
sensor.shellyplugsg3_8cbfeaa49324_potencia,15.7,2026-05-13T14:51:21.159Z
sensor.shellyplugsg3_8cbfeaa49324_potencia,17.1,2026-05-13T14:51:26.406Z
sensor.shellyplugsg3_8cbfeaa49324_potencia,16.1,2026-05-13T14:51:34.530Z
sensor.shellyplugsg3_8cbfeaa49324_potencia,17.9,2026-05-13T14:51:41.725Z
sensor.shellyplugsg3_8cbfeaa49324_potencia,13.8,2026-05-13T14:51:48.004Z
sensor.shellyplugsg3_8cbfeaa49324_potencia,17.1,2026-05-13T14:51:53.046Z
sensor.shellyplugsg3_8cbfeaa49324_potencia,17.3,2026-05-13T14:52:00.055Z
sensor.shellyplugsg3_8cbfeaa49324_potencia,14.4,2026-05-13T14:52:02.406Z
sensor.shellyplugsg3_8cbfeaa49324_potencia,17.0,2026-05-13T14:52:07.448Z
sensor.shellyplugsg3_8cbfeaa49324_potencia,18.4,2026-05-13T14:52:12.697Z
sensor.shellyplugsg3_8cbfeaa49324_potencia,17.2,2026-05-13T14:52:17.739Z
sensor.shellyplugsg3_8cbfeaa49324_potencia,18.6,2026-05-13T14:52:22.992Z
sensor.shellyplugsg3_8cbfeaa49324_potencia,16.8,2026-05-13T14:52:34.202Z
sensor.shellyplugsg3_8cbfeaa49324_potencia,18.3,2026-05-13T14:52:41.397Z
sensor.shellyplugsg3_8cbfeaa49324_potencia,18.1,2026-05-13T14:52:48.593Z
sensor.shellyplugsg3_8cbfeaa49324_potencia,18.0,2026-05-13T14:52:55.787Z
sensor.shellyplugsg3_8cbfeaa49324_potencia,16.9,2026-05-13T14:53:00.054Z
sensor.shellyplugsg3_8cbfeaa49324_potencia,17.9,2026-05-13T14:53:09.174Z
sensor.shellyplugsg3_8cbfeaa49324_potencia,18.0,2026-05-13T14:53:17.397Z
sensor.shellyplugsg3_8cbfeaa49324_potencia,16.3,2026-05-13T14:53:24.704Z
sensor.shellyplugsg3_8cbfeaa49324_potencia,16.9,2026-05-13T14:53:29.745Z
sensor.shellyplugsg3_8cbfeaa49324_potencia,16.8,2026-05-13T14:53:36.942Z
sensor.shellyplugsg3_8cbfeaa49324_potencia,15.7,2026-05-13T14:53:44.167Z
sensor.shellyplugsg3_8cbfeaa49324_potencia,18.2,2026-05-13T14:53:49.287Z
sensor.shellyplugsg3_8cbfeaa49324_potencia,17.6,2026-05-13T14:53:57.500Z
sensor.shellyplugsg3_8cbfeaa49324_potencia,17.9,2026-05-13T14:54:00.050Z
sensor.shellyplugsg3_8cbfeaa49324_potencia,18.6,2026-05-13T14:54:02.753Z
sensor.shellyplugsg3_8cbfeaa49324_potencia,18.8,2026-05-13T14:54:08.846Z
sensor.shellyplugsg3_8cbfeaa49324_potencia,16.8,2026-05-13T14:54:13.958Z
sensor.shellyplugsg3_8cbfeaa49324_potencia,18.3,2026-05-13T14:54:20.126Z
sensor.shellyplugsg3_8cbfeaa49324_potencia,16.8,2026-05-13T14:54:25.384Z
sensor.shellyplugsg3_8cbfeaa49324_potencia,17.9,2026-05-13T14:54:32.603Z
sensor.shellyplugsg3_8cbfeaa49324_potencia,16.6,2026-05-13T14:54:41.870Z
sensor.shellyplugsg3_8cbfeaa49324_potencia,18.4,2026-05-13T14:54:46.888Z
sensor.shellyplugsg3_8cbfeaa49324_potencia,17.0,2026-05-13T14:54:55.131Z
sensor.shellyplugsg3_8cbfeaa49324_potencia,18.1,2026-05-13T14:55:00.048Z
sensor.shellyplugsg3_8cbfeaa49324_potencia,18.2,2026-05-13T14:55:03.332Z
sensor.shellyplugsg3_8cbfeaa49324_potencia,17.5,2026-05-13T14:55:11.566Z
sensor.shellyplugsg3_8cbfeaa49324_potencia,18.7,2026-05-13T14:55:16.805Z
sensor.shellyplugsg3_8cbfeaa49324_potencia,17.2,2026-05-13T14:55:24.930Z
sensor.shellyplugsg3_8cbfeaa49324_potencia,18.7,2026-05-13T14:55:31.126Z
sensor.shellyplugsg3_8cbfeaa49324_potencia,17.1,2026-05-13T14:55:39.322Z
sensor.shellyplugsg3_8cbfeaa49324_potencia,18.2,2026-05-13T14:55:46.537Z
sensor.shellyplugsg3_8cbfeaa49324_potencia,17.2,2026-05-13T14:55:53.712Z
sensor.shellyplugsg3_8cbfeaa49324_potencia,17.8,2026-05-13T14:56:00.053Z
sensor.shellyplugsg3_8cbfeaa49324_potencia,18.5,2026-05-13T14:56:08.103Z
sensor.shellyplugsg3_8cbfeaa49324_potencia,15.5,2026-05-13T14:56:17.463Z
sensor.shellyplugsg3_8cbfeaa49324_potencia,17.9,2026-05-13T14:56:24.578Z
sensor.shellyplugsg3_8cbfeaa49324_potencia,13.5,2026-05-13T14:56:31.868Z
sensor.shellyplugsg3_8cbfeaa49324_potencia,18.4,2026-05-13T14:56:36.917Z
sensor.shellyplugsg3_8cbfeaa49324_potencia,15.9,2026-05-13T14:56:45.264Z
sensor.shellyplugsg3_8cbfeaa49324_potencia,17.2,2026-05-13T14:56:50.286Z
sensor.shellyplugsg3_8cbfeaa49324_potencia,18.4,2026-05-13T14:56:56.579Z
sensor.shellyplugsg3_8cbfeaa49324_potencia,15.0,2026-05-13T14:57:00.061Z
sensor.shellyplugsg3_8cbfeaa49324_potencia,16.9,2026-05-13T14:57:03.661Z
sensor.shellyplugsg3_8cbfeaa49324_potencia,17.3,2026-05-13T14:57:08.817Z
sensor.shellyplugsg3_8cbfeaa49324_potencia,14.6,2026-05-13T14:57:14.049Z
sensor.shellyplugsg3_8cbfeaa49324_potencia,17.1,2026-05-13T14:57:20.131Z
sensor.shellyplugsg3_8cbfeaa49324_potencia,18.4,2026-05-13T14:57:25.258Z
sensor.shellyplugsg3_8cbfeaa49324_potencia,17.8,2026-05-13T14:57:32.470Z
sensor.shellyplugsg3_8cbfeaa49324_potencia,17.6,2026-05-13T14:57:39.649Z
sensor.shellyplugsg3_8cbfeaa49324_potencia,18.5,2026-05-13T14:57:46.858Z
sensor.shellyplugsg3_8cbfeaa49324_potencia,17.5,2026-05-13T14:57:53.123Z
sensor.shellyplugsg3_8cbfeaa49324_potencia,17.9,2026-05-13T14:58:00.067Z
sensor.shellyplugsg3_8cbfeaa49324_potencia,17.0,2026-05-13T14:58:00.222Z
sensor.shellyplugsg3_8cbfeaa49324_potencia,17.6,2026-05-13T14:58:06.417Z
sensor.shellyplugsg3_8cbfeaa49324_potencia,17.1,2026-05-13T14:58:12.561Z
sensor.shellyplugsg3_8cbfeaa49324_potencia,18.2,2026-05-13T14:58:17.835Z
sensor.shellyplugsg3_8cbfeaa49324_potencia,13.7,2026-05-13T14:58:25.016Z
sensor.shellyplugsg3_8cbfeaa49324_potencia,17.6,2026-05-13T14:58:30.072Z
sensor.shellyplugsg3_8cbfeaa49324_potencia,17.8,2026-05-13T14:58:35.197Z
sensor.shellyplugsg3_8cbfeaa49324_potencia,16.9,2026-05-13T14:58:43.435Z
sensor.shellyplugsg3_8cbfeaa49324_potencia,18.0,2026-05-13T14:58:50.615Z
sensor.shellyplugsg3_8cbfeaa49324_potencia,17.1,2026-05-13T14:58:57.822Z
sensor.shellyplugsg3_8cbfeaa49324_potencia,17.6,2026-05-13T14:59:00.039Z
sensor.shellyplugsg3_8cbfeaa49324_potencia,12.3,2026-05-13T14:59:08.202Z
sensor.shellyplugsg3_8cbfeaa49324_potencia,16.8,2026-05-13T14:59:13.245Z
sensor.shellyplugsg3_8cbfeaa49324_potencia,18.1,2026-05-13T14:59:20.452Z
sensor.shellyplugsg3_8cbfeaa49324_potencia,17.8,2026-05-13T14:59:26.606Z
sensor.shellyplugsg3_8cbfeaa49324_potencia,16.1,2026-05-13T14:59:36.994Z
sensor.shellyplugsg3_8cbfeaa49324_potencia,17.1,2026-05-13T14:59:45.132Z
sensor.shellyplugsg3_8cbfeaa49324_potencia,18.3,2026-05-13T14:59:57.565Z
sensor.shellyplugsg3_8cbfeaa49324_potencia,17.6,2026-05-13T15:00:00.037Z
sensor.shellyplugsg3_8cbfeaa49324_potencia,18.5,2026-05-13T15:00:02.606Z
sensor.shellyplugsg3_8cbfeaa49324_potencia,16.5,2026-05-13T15:00:08.786Z
sensor.shellyplugsg3_8cbfeaa49324_potencia,18.0,2026-05-13T15:00:16.996Z
sensor.shellyplugsg3_8cbfeaa49324_potencia,17.8,2026-05-13T15:00:23.173Z
sensor.shellyplugsg3_8cbfeaa49324_potencia,14.6,2026-05-13T15:00:33.567Z
sensor.shellyplugsg3_8cbfeaa49324_potencia,18.0,2026-05-13T15:00:38.594Z
sensor.shellyplugsg3_8cbfeaa49324_potencia,12.7,2026-05-13T15:00:47.957Z
sensor.shellyplugsg3_8cbfeaa49324_potencia,10.1,2026-05-13T15:00:54.026Z
sensor.shellyplugsg3_8cbfeaa49324_potencia,11.1,2026-05-13T15:01:00.038Z
sensor.shellyplugsg3_8cbfeaa49324_potencia,10.1,2026-05-13T15:01:08.435Z
sensor.shellyplugsg3_8cbfeaa49324_potencia,11.2,2026-05-13T15:01:49.652Z
sensor.shellyplugsg3_8cbfeaa49324_potencia,10.1,2026-05-13T15:01:54.693Z
sensor.shellyplugsg3_8cbfeaa49324_potencia,13.9,2026-05-13T15:01:59.946Z
sensor.shellyplugsg3_8cbfeaa49324_potencia,15.1,2026-05-13T15:02:00.033Z
sensor.shellyplugsg3_8cbfeaa49324_potencia,16.1,2026-05-13T15:02:04.987Z
sensor.shellyplugsg3_8cbfeaa49324_potencia,12.9,2026-05-13T15:02:16.296Z
sensor.shellyplugsg3_8cbfeaa49324_potencia,17.6,2026-05-13T15:02:21.447Z
sensor.shellyplugsg3_8cbfeaa49324_potencia,16.5,2026-05-13T15:02:29.793Z
sensor.shellyplugsg3_8cbfeaa49324_potencia,17.3,2026-05-13T15:02:34.812Z
sensor.shellyplugsg3_8cbfeaa49324_potencia,18.4,2026-05-13T15:02:44.180Z
sensor.shellyplugsg3_8cbfeaa49324_potencia,17.2,2026-05-13T15:02:49.215Z
sensor.shellyplugsg3_8cbfeaa49324_potencia,17.1,2026-05-13T15:02:56.410Z
sensor.shellyplugsg3_8cbfeaa49324_potencia,16.2,2026-05-13T15:03:00.030Z
sensor.shellyplugsg3_8cbfeaa49324_potencia,17.3,2026-05-13T15:03:01.552Z
sensor.shellyplugsg3_8cbfeaa49324_potencia,18.7,2026-05-13T15:03:07.830Z
sensor.shellyplugsg3_8cbfeaa49324_potencia,17.6,2026-05-13T15:03:12.871Z
sensor.shellyplugsg3_8cbfeaa49324_potencia,16.7,2026-05-13T15:03:18.023Z
sensor.shellyplugsg3_8cbfeaa49324_potencia,17.9,2026-05-13T15:03:23.150Z
sensor.shellyplugsg3_8cbfeaa49324_potencia,17.7,2026-05-13T15:03:31.387Z
sensor.shellyplugsg3_8cbfeaa49324_potencia,15.9,2026-05-13T15:03:41.781Z
sensor.shellyplugsg3_8cbfeaa49324_potencia,17.8,2026-05-13T15:03:46.806Z
sensor.shellyplugsg3_8cbfeaa49324_potencia,14.7,2026-05-13T15:03:56.166Z
sensor.shellyplugsg3_8cbfeaa49324_potencia,17.8,2026-05-13T15:04:00.028Z
sensor.shellyplugsg3_8cbfeaa49324_potencia,17.4,2026-05-13T15:04:01.207Z
sensor.shellyplugsg3_8cbfeaa49324_potencia,18.4,2026-05-13T15:04:06.459Z
sensor.shellyplugsg3_8cbfeaa49324_potencia,16.9,2026-05-13T15:04:14.600Z
sensor.shellyplugsg3_8cbfeaa49324_potencia,18.3,2026-05-13T15:04:19.722Z
sensor.shellyplugsg3_8cbfeaa49324_potencia,16.1,2026-05-13T15:04:25.915Z
sensor.shellyplugsg3_8cbfeaa49324_potencia,17.3,2026-05-13T15:04:31.036Z
sensor.shellyplugsg3_8cbfeaa49324_potencia,18.1,2026-05-13T15:04:38.224Z
sensor.shellyplugsg3_8cbfeaa49324_potencia,18.2,2026-05-13T15:04:43.366Z
sensor.shellyplugsg3_8cbfeaa49324_potencia,17.2,2026-05-13T15:04:50.697Z
sensor.shellyplugsg3_8cbfeaa49324_potencia,16.9,2026-05-13T15:04:55.712Z
sensor.shellyplugsg3_8cbfeaa49324_potencia,17.2,2026-05-13T15:05:00.026Z
sensor.shellyplugsg3_8cbfeaa49324_potencia,18.1,2026-05-13T15:05:00.851Z
sensor.shellyplugsg3_8cbfeaa49324_potencia,16.4,2026-05-13T15:05:06.108Z
sensor.shellyplugsg3_8cbfeaa49324_potencia,17.9,2026-05-13T15:05:13.225Z
sensor.shellyplugsg3_8cbfeaa49324_potencia,18.4,2026-05-13T15:05:21.423Z
sensor.shellyplugsg3_8cbfeaa49324_potencia,17.2,2026-05-13T15:05:26.588Z
sensor.shellyplugsg3_8cbfeaa49324_potencia,18.3,2026-05-13T15:05:31.708Z
sensor.shellyplugsg3_8cbfeaa49324_potencia,13.5,2026-05-13T15:05:36.982Z
sensor.shellyplugsg3_8cbfeaa49324_potencia,17.9,2026-05-13T15:05:42.001Z
sensor.shellyplugsg3_8cbfeaa49324_potencia,13.6,2026-05-13T15:05:51.356Z
sensor.shellyplugsg3_8cbfeaa49324_potencia,18.4,2026-05-13T15:05:56.399Z
sensor.shellyplugsg3_8cbfeaa49324_potencia,18.1,2026-05-13T15:06:00.024Z
sensor.shellyplugsg3_8cbfeaa49324_potencia,12.7,2026-05-13T15:06:05.761Z
sensor.shellyplugsg3_8cbfeaa49324_potencia,17.4,2026-05-13T15:06:10.826Z
sensor.shellyplugsg3_8cbfeaa49324_potencia,18.8,2026-05-13T15:06:16.970Z
sensor.shellyplugsg3_8cbfeaa49324_potencia,17.8,2026-05-13T15:06:22.110Z
sensor.shellyplugsg3_8cbfeaa49324_potencia,18.9,2026-05-13T15:06:31.471Z
sensor.shellyplugsg3_8cbfeaa49324_potencia,16.7,2026-05-13T15:06:37.542Z
sensor.shellyplugsg3_8cbfeaa49324_potencia,19.1,2026-05-13T15:06:42.681Z
sensor.shellyplugsg3_8cbfeaa49324_potencia,14.4,2026-05-13T15:06:48.848Z
sensor.shellyplugsg3_8cbfeaa49324_potencia,18.7,2026-05-13T15:06:53.989Z
sensor.shellyplugsg3_8cbfeaa49324_potencia,17.2,2026-05-13T15:06:59.159Z
sensor.shellyplugsg3_8cbfeaa49324_potencia,16.5,2026-05-13T15:07:00.030Z
sensor.shellyplugsg3_8cbfeaa49324_potencia,18.4,2026-05-13T15:07:07.351Z
sensor.shellyplugsg3_8cbfeaa49324_potencia,15.2,2026-05-13T15:07:16.721Z
sensor.shellyplugsg3_8cbfeaa49324_potencia,17.8,2026-05-13T15:07:22.782Z
sensor.shellyplugsg3_8cbfeaa49324_potencia,13.5,2026-05-13T15:07:31.118Z
sensor.shellyplugsg3_8cbfeaa49324_potencia,16.9,2026-05-13T15:07:36.177Z
sensor.shellyplugsg3_8cbfeaa49324_potencia,17.7,2026-05-13T15:07:42.328Z
sensor.shellyplugsg3_8cbfeaa49324_potencia,17.9,2026-05-13T15:07:49.541Z
sensor.shellyplugsg3_8cbfeaa49324_potencia,12.7,2026-05-13T15:07:59.934Z
sensor.shellyplugsg3_8cbfeaa49324_potencia,17.1,2026-05-13T15:08:00.037Z
sensor.shellyplugsg3_8cbfeaa49324_potencia,18.2,2026-05-13T15:08:04.958Z
sensor.shellyplugsg3_8cbfeaa49324_potencia,17.2,2026-05-13T15:08:12.274Z
sensor.shellyplugsg3_8cbfeaa49324_potencia,17.8,2026-05-13T15:08:18.333Z
sensor.shellyplugsg3_8cbfeaa49324_potencia,16.0,2026-05-13T15:08:27.692Z
sensor.shellyplugsg3_8cbfeaa49324_potencia,18.2,2026-05-13T15:08:32.735Z
sensor.shellyplugsg3_8cbfeaa49324_potencia,14.4,2026-05-13T15:08:42.124Z
sensor.shellyplugsg3_8cbfeaa49324_potencia,18.2,2026-05-13T15:08:48.167Z
sensor.shellyplugsg3_8cbfeaa49324_potencia,18.4,2026-05-13T15:08:53.304Z
sensor.shellyplugsg3_8cbfeaa49324_potencia,17.2,2026-05-13T15:09:00.044Z
sensor.shellyplugsg3_8cbfeaa49324_potencia,17.3,2026-05-13T15:09:00.505Z
sensor.shellyplugsg3_8cbfeaa49324_potencia,18.9,2026-05-13T15:09:07.724Z
sensor.shellyplugsg3_8cbfeaa49324_potencia,16.7,2026-05-13T15:09:13.864Z
sensor.shellyplugsg3_8cbfeaa49324_potencia,18.5,2026-05-13T15:09:24.262Z
sensor.shellyplugsg3_8cbfeaa49324_potencia,17.3,2026-05-13T15:09:29.297Z
sensor.shellyplugsg3_8cbfeaa49324_potencia,18.4,2026-05-13T15:09:38.657Z
sensor.shellyplugsg3_8cbfeaa49324_potencia,18.2,2026-05-13T15:09:43.720Z
sensor.shellyplugsg3_8cbfeaa49324_potencia,18.3,2026-05-13T15:09:50.895Z
sensor.shellyplugsg3_8cbfeaa49324_potencia,16.6,2026-05-13T15:09:56.057Z
sensor.shellyplugsg3_8cbfeaa49324_potencia,17.4,2026-05-13T15:10:00.015Z
sensor.shellyplugsg3_8cbfeaa49324_potencia,17.7,2026-05-13T15:10:03.234Z
sensor.shellyplugsg3_8cbfeaa49324_potencia,16.6,2026-05-13T15:10:11.453Z
sensor.shellyplugsg3_8cbfeaa49324_potencia,17.6,2026-05-13T15:10:16.592Z
sensor.shellyplugsg3_8cbfeaa49324_potencia,16.5,2026-05-13T15:10:22.870Z
sensor.shellyplugsg3_8cbfeaa49324_potencia,18.0,2026-05-13T15:10:27.913Z
sensor.shellyplugsg3_8cbfeaa49324_potencia,15.4,2026-05-13T15:10:37.273Z
sensor.shellyplugsg3_8cbfeaa49324_potencia,17.9,2026-05-13T15:10:42.351Z
sensor.shellyplugsg3_8cbfeaa49324_potencia,15.4,2026-05-13T15:10:51.676Z
sensor.shellyplugsg3_8cbfeaa49324_potencia,16.2,2026-05-13T15:10:56.719Z
sensor.shellyplugsg3_8cbfeaa49324_potencia,17.0,2026-05-13T15:11:00.013Z
sensor.shellyplugsg3_8cbfeaa49324_potencia,17.6,2026-05-13T15:11:01.858Z
sensor.shellyplugsg3_8cbfeaa49324_potencia,17.3,2026-05-13T15:11:09.069Z
sensor.shellyplugsg3_8cbfeaa49324_potencia,18.6,2026-05-13T15:11:14.304Z
sensor.shellyplugsg3_8cbfeaa49324_potencia,17.6,2026-05-13T15:11:24.486Z
sensor.shellyplugsg3_8cbfeaa49324_potencia,15.4,2026-05-13T15:11:34.875Z
sensor.shellyplugsg3_8cbfeaa49324_potencia,11.2,2026-05-13T15:11:39.944Z
sensor.shellyplugsg3_8cbfeaa49324_potencia,10.1,2026-05-13T15:11:48.139Z
sensor.shellyplugsg3_8cbfeaa49324_potencia,10.5,2026-05-13T15:12:00.014Z
sensor.shellyplugsg3_8cbfeaa49324_potencia,11.4,2026-05-13T15:12:39.654Z
sensor.shellyplugsg3_8cbfeaa49324_potencia,17.0,2026-05-13T15:12:44.699Z
sensor.shellyplugsg3_8cbfeaa49324_potencia,18.5,2026-05-13T15:12:52.001Z
sensor.shellyplugsg3_8cbfeaa49324_potencia,16.6,2026-05-13T15:12:57.045Z
sensor.shellyplugsg3_8cbfeaa49324_potencia,17.1,2026-05-13T15:13:00.008Z
sensor.shellyplugsg3_8cbfeaa49324_potencia,17.0,2026-05-13T15:13:05.267Z
sensor.shellyplugsg3_8cbfeaa49324_potencia,14.2,2026-05-13T15:13:10.407Z
sensor.shellyplugsg3_8cbfeaa49324_potencia,16.8,2026-05-13T15:13:15.548Z
sensor.shellyplugsg3_8cbfeaa49324_potencia,17.3,2026-05-13T15:13:20.686Z
sensor.shellyplugsg3_8cbfeaa49324_potencia,13.3,2026-05-13T15:13:25.827Z
sensor.shellyplugsg3_8cbfeaa49324_potencia,17.1,2026-05-13T15:13:30.968Z
sensor.shellyplugsg3_8cbfeaa49324_potencia,19.1,2026-05-13T15:13:37.245Z
sensor.shellyplugsg3_8cbfeaa49324_potencia,17.1,2026-05-13T15:13:44.345Z
sensor.shellyplugsg3_8cbfeaa49324_potencia,15.4,2026-05-13T15:13:54.733Z
sensor.shellyplugsg3_8cbfeaa49324_potencia,17.1,2026-05-13T15:13:59.774Z
sensor.shellyplugsg3_8cbfeaa49324_potencia,17.4,2026-05-13T15:14:00.006Z
sensor.shellyplugsg3_8cbfeaa49324_potencia,15.1,2026-05-13T15:14:10.163Z
sensor.shellyplugsg3_8cbfeaa49324_potencia,17.2,2026-05-13T15:14:15.205Z
sensor.shellyplugsg3_8cbfeaa49324_potencia,18.3,2026-05-13T15:14:22.399Z
sensor.shellyplugsg3_8cbfeaa49324_potencia,17.1,2026-05-13T15:14:28.566Z
sensor.shellyplugsg3_8cbfeaa49324_potencia,17.7,2026-05-13T15:14:35.761Z
sensor.shellyplugsg3_8cbfeaa49324_potencia,17.0,2026-05-13T15:14:40.900Z
sensor.shellyplugsg3_8cbfeaa49324_potencia,18.4,2026-05-13T15:14:46.151Z
sensor.shellyplugsg3_8cbfeaa49324_potencia,17.2,2026-05-13T15:14:53.247Z
sensor.shellyplugsg3_8cbfeaa49324_potencia,18.1,2026-05-13T15:15:00.004Z
sensor.shellyplugsg3_8cbfeaa49324_potencia,18.6,2026-05-13T15:15:01.582Z
sensor.shellyplugsg3_8cbfeaa49324_potencia,17.1,2026-05-13T15:15:07.761Z
sensor.shellyplugsg3_8cbfeaa49324_potencia,18.2,2026-05-13T15:15:15.886Z
sensor.shellyplugsg3_8cbfeaa49324_potencia,17.3,2026-05-13T15:15:23.080Z
sensor.shellyplugsg3_8cbfeaa49324_potencia,17.1,2026-05-13T15:15:31.305Z
sensor.shellyplugsg3_8cbfeaa49324_potencia,15.0,2026-05-13T15:15:36.445Z
sensor.shellyplugsg3_8cbfeaa49324_potencia,17.2,2026-05-13T15:15:41.584Z
sensor.shellyplugsg3_8cbfeaa49324_potencia,18.3,2026-05-13T15:15:46.723Z
sensor.shellyplugsg3_8cbfeaa49324_potencia,17.6,2026-05-13T15:15:54.946Z
sensor.shellyplugsg3_8cbfeaa49324_potencia,18.9,2026-05-13T15:16:00.002Z
sensor.shellyplugsg3_8cbfeaa49324_potencia,18.7,2026-05-13T15:16:03.168Z
sensor.shellyplugsg3_8cbfeaa49324_potencia,18.3,2026-05-13T15:16:09.335Z
sensor.shellyplugsg3_8cbfeaa49324_potencia,14.8,2026-05-13T15:16:19.725Z
sensor.shellyplugsg3_8cbfeaa49324_potencia,17.4,2026-05-13T15:16:24.766Z
sensor.shellyplugsg3_8cbfeaa49324_potencia,18.4,2026-05-13T15:16:30.017Z
sensor.shellyplugsg3_8cbfeaa49324_potencia,17.7,2026-05-13T15:16:38.142Z
sensor.shellyplugsg3_8cbfeaa49324_potencia,15.4,2026-05-13T15:16:48.531Z
sensor.shellyplugsg3_8cbfeaa49324_potencia,17.0,2026-05-13T15:16:53.573Z
sensor.shellyplugsg3_8cbfeaa49324_potencia,17.7,2026-05-13T15:16:59.740Z
sensor.shellyplugsg3_8cbfeaa49324_potencia,18.1,2026-05-13T15:17:00.000Z
sensor.shellyplugsg3_8cbfeaa49324_potencia,17.4,2026-05-13T15:17:05.909Z
sensor.shellyplugsg3_8cbfeaa49324_potencia,18.5,2026-05-13T15:17:11.048Z
sensor.shellyplugsg3_8cbfeaa49324_potencia,15.3,2026-05-13T15:17:17.327Z
sensor.shellyplugsg3_8cbfeaa49324_potencia,16.9,2026-05-13T15:17:22.368Z
sensor.shellyplugsg3_8cbfeaa49324_potencia,18.5,2026-05-13T15:17:27.508Z
sensor.shellyplugsg3_8cbfeaa49324_potencia,17.2,2026-05-13T15:17:34.705Z
sensor.shellyplugsg3_8cbfeaa49324_potencia,17.7,2026-05-13T15:17:40.870Z
sensor.shellyplugsg3_8cbfeaa49324_potencia,17.6,2026-05-13T15:17:49.096Z
sensor.shellyplugsg3_8cbfeaa49324_potencia,13.4,2026-05-13T15:17:59.998Z
sensor.shellyplugsg3_8cbfeaa49324_potencia,17.4,2026-05-13T15:18:05.555Z
sensor.shellyplugsg3_8cbfeaa49324_potencia,14.3,2026-05-13T15:18:14.917Z
sensor.shellyplugsg3_8cbfeaa49324_potencia,18.2,2026-05-13T15:18:19.960Z
sensor.shellyplugsg3_8cbfeaa49324_potencia,17.1,2026-05-13T15:18:26.236Z
sensor.shellyplugsg3_8cbfeaa49324_potencia,18.4,2026-05-13T15:18:37.446Z
sensor.shellyplugsg3_8cbfeaa49324_potencia,17.0,2026-05-13T15:18:42.696Z
sensor.shellyplugsg3_8cbfeaa49324_potencia,17.2,2026-05-13T15:18:47.740Z
sensor.shellyplugsg3_8cbfeaa49324_potencia,18.3,2026-05-13T15:18:52.877Z
sensor.shellyplugsg3_8cbfeaa49324_potencia,17.4,2026-05-13T15:19:00.059Z
sensor.shellyplugsg3_8cbfeaa49324_potencia,17.1,2026-05-13T15:19:01.114Z
sensor.shellyplugsg3_8cbfeaa49324_potencia,18.3,2026-05-13T15:19:09.323Z
sensor.shellyplugsg3_8cbfeaa49324_potencia,16.7,2026-05-13T15:19:16.519Z
sensor.shellyplugsg3_8cbfeaa49324_potencia,18.3,2026-05-13T15:19:23.712Z
sensor.shellyplugsg3_8cbfeaa49324_potencia,17.8,2026-05-13T15:19:30.910Z
sensor.shellyplugsg3_8cbfeaa49324_potencia,15.6,2026-05-13T15:19:41.298Z
sensor.shellyplugsg3_8cbfeaa49324_potencia,16.8,2026-05-13T15:19:47.367Z
sensor.shellyplugsg3_8cbfeaa49324_potencia,17.8,2026-05-13T15:19:53.645Z
sensor.shellyplugsg3_8cbfeaa49324_potencia,17.4,2026-05-13T15:20:00.057Z
sensor.shellyplugsg3_8cbfeaa49324_potencia,17.0,2026-05-13T15:20:00.743Z
sensor.shellyplugsg3_8cbfeaa49324_potencia,18.4,2026-05-13T15:20:08.965Z
sensor.shellyplugsg3_8cbfeaa49324_potencia,18.0,2026-05-13T15:20:15.134Z
sensor.shellyplugsg3_8cbfeaa49324_potencia,18.6,2026-05-13T15:20:20.272Z
sensor.shellyplugsg3_8cbfeaa49324_potencia,14.7,2026-05-13T15:20:25.412Z
sensor.shellyplugsg3_8cbfeaa49324_potencia,17.5,2026-05-13T15:20:30.552Z
sensor.shellyplugsg3_8cbfeaa49324_potencia,17.4,2026-05-13T15:20:38.775Z
sensor.shellyplugsg3_8cbfeaa49324_potencia,16.1,2026-05-13T15:20:43.915Z
sensor.shellyplugsg3_8cbfeaa49324_potencia,18.4,2026-05-13T15:20:49.055Z
sensor.shellyplugsg3_8cbfeaa49324_potencia,17.1,2026-05-13T15:20:56.249Z
sensor.shellyplugsg3_8cbfeaa49324_potencia,18.0,2026-05-13T15:21:00.055Z
sensor.shellyplugsg3_8cbfeaa49324_potencia,18.2,2026-05-13T15:21:05.611Z
sensor.shellyplugsg3_8cbfeaa49324_potencia,17.2,2026-05-13T15:21:11.681Z
sensor.shellyplugsg3_8cbfeaa49324_potencia,18.5,2026-05-13T15:21:32.347Z
sensor.shellyplugsg3_8cbfeaa49324_potencia,14.0,2026-05-13T15:21:38.416Z
sensor.shellyplugsg3_8cbfeaa49324_potencia,17.9,2026-05-13T15:21:43.557Z
sensor.shellyplugsg3_8cbfeaa49324_potencia,16.7,2026-05-13T15:21:49.835Z
sensor.shellyplugsg3_8cbfeaa49324_potencia,17.0,2026-05-13T15:21:54.879Z
sensor.shellyplugsg3_8cbfeaa49324_potencia,17.2,2026-05-13T15:22:00.053Z
sensor.shellyplugsg3_8cbfeaa49324_potencia,18.6,2026-05-13T15:22:01.156Z
sensor.shellyplugsg3_8cbfeaa49324_potencia,17.0,2026-05-13T15:22:09.283Z
sensor.shellyplugsg3_8cbfeaa49324_potencia,18.5,2026-05-13T15:22:17.504Z
sensor.shellyplugsg3_8cbfeaa49324_potencia,10.7,2026-05-13T15:22:25.729Z
sensor.shellyplugsg3_8cbfeaa49324_potencia,10.4,2026-05-13T15:23:00.051Z
sensor.shellyplugsg3_8cbfeaa49324_potencia,13.3,2026-05-13T15:23:34.699Z
sensor.shellyplugsg3_8cbfeaa49324_potencia,15.6,2026-05-13T15:23:39.742Z
sensor.shellyplugsg3_8cbfeaa49324_potencia,16.7,2026-05-13T15:23:44.991Z
sensor.shellyplugsg3_8cbfeaa49324_potencia,18.4,2026-05-13T15:23:50.146Z
sensor.shellyplugsg3_8cbfeaa49324_potencia,17.0,2026-05-13T15:23:55.189Z
sensor.shellyplugsg3_8cbfeaa49324_potencia,18.1,2026-05-13T15:24:00.049Z
sensor.shellyplugsg3_8cbfeaa49324_potencia,17.9,2026-05-13T15:24:01.354Z
sensor.shellyplugsg3_8cbfeaa49324_potencia,16.1,2026-05-13T15:24:09.580Z
sensor.shellyplugsg3_8cbfeaa49324_potencia,18.3,2026-05-13T15:24:15.747Z
sensor.shellyplugsg3_8cbfeaa49324_potencia,17.0,2026-05-13T15:24:22.943Z
sensor.shellyplugsg3_8cbfeaa49324_potencia,17.3,2026-05-13T15:24:30.137Z
sensor.shellyplugsg3_8cbfeaa49324_potencia,14.0,2026-05-13T15:24:35.279Z
sensor.shellyplugsg3_8cbfeaa49324_potencia,16.8,2026-05-13T15:24:40.418Z
sensor.shellyplugsg3_8cbfeaa49324_potencia,18.7,2026-05-13T15:24:45.556Z
sensor.shellyplugsg3_8cbfeaa49324_potencia,17.1,2026-05-13T15:24:52.752Z
sensor.shellyplugsg3_8cbfeaa49324_potencia,16.9,2026-05-13T15:24:59.946Z
sensor.shellyplugsg3_8cbfeaa49324_potencia,17.4,2026-05-13T15:25:00.048Z
sensor.shellyplugsg3_8cbfeaa49324_potencia,12.0,2026-05-13T15:25:05.089Z
sensor.shellyplugsg3_8cbfeaa49324_potencia,17.4,2026-05-13T15:25:10.229Z
sensor.shellyplugsg3_8cbfeaa49324_potencia,17.2,2026-05-13T15:25:15.366Z
sensor.shellyplugsg3_8cbfeaa49324_potencia,17.6,2026-05-13T15:25:23.592Z
sensor.shellyplugsg3_8cbfeaa49324_potencia,16.3,2026-05-13T15:25:33.981Z
sensor.shellyplugsg3_8cbfeaa49324_potencia,17.7,2026-05-13T15:25:41.078Z
sensor.shellyplugsg3_8cbfeaa49324_potencia,16.7,2026-05-13T15:25:49.412Z
sensor.shellyplugsg3_8cbfeaa49324_potencia,17.8,2026-05-13T15:25:57.537Z
sensor.shellyplugsg3_8cbfeaa49324_potencia,18.4,2026-05-13T15:26:00.045Z
sensor.shellyplugsg3_8cbfeaa49324_potencia,14.3,2026-05-13T15:26:03.815Z
sensor.shellyplugsg3_8cbfeaa49324_potencia,18.2,2026-05-13T15:26:08.856Z
sensor.shellyplugsg3_8cbfeaa49324_potencia,14.1,2026-05-13T15:26:18.218Z
sensor.shellyplugsg3_8cbfeaa49324_potencia,17.3,2026-05-13T15:26:23.260Z
sensor.shellyplugsg3_8cbfeaa49324_potencia,18.6,2026-05-13T15:26:29.428Z
sensor.shellyplugsg3_8cbfeaa49324_potencia,16.5,2026-05-13T15:26:36.625Z
sensor.shellyplugsg3_8cbfeaa49324_potencia,18.1,2026-05-13T15:26:42.791Z
sensor.shellyplugsg3_8cbfeaa49324_potencia,16.6,2026-05-13T15:26:51.014Z
sensor.shellyplugsg3_8cbfeaa49324_potencia,17.8,2026-05-13T15:26:59.243Z
sensor.shellyplugsg3_8cbfeaa49324_potencia,18.0,2026-05-13T15:27:00.043Z
sensor.shellyplugsg3_8cbfeaa49324_potencia,16.9,2026-05-13T15:27:06.435Z
sensor.shellyplugsg3_8cbfeaa49324_potencia,18.6,2026-05-13T15:27:14.768Z
sensor.shellyplugsg3_8cbfeaa49324_potencia,16.9,2026-05-13T15:27:19.811Z
sensor.shellyplugsg3_8cbfeaa49324_potencia,18.3,2026-05-13T15:27:28.143Z
sensor.shellyplugsg3_8cbfeaa49324_potencia,17.1,2026-05-13T15:27:33.185Z
sensor.shellyplugsg3_8cbfeaa49324_potencia,18.2,2026-05-13T15:27:39.351Z
sensor.shellyplugsg3_8cbfeaa49324_potencia,17.7,2026-05-13T15:27:45.519Z
sensor.shellyplugsg3_8cbfeaa49324_potencia,18.3,2026-05-13T15:27:51.686Z
sensor.shellyplugsg3_8cbfeaa49324_potencia,17.2,2026-05-13T15:27:57.966Z
sensor.shellyplugsg3_8cbfeaa49324_potencia,17.8,2026-05-13T15:28:00.041Z
sensor.shellyplugsg3_8cbfeaa49324_potencia,18.0,2026-05-13T15:28:06.109Z
sensor.shellyplugsg3_8cbfeaa49324_potencia,15.1,2026-05-13T15:28:16.504Z
sensor.shellyplugsg3_8cbfeaa49324_potencia,17.3,2026-05-13T15:28:22.578Z
sensor.shellyplugsg3_8cbfeaa49324_potencia,18.5,2026-05-13T15:28:27.712Z
sensor.shellyplugsg3_8cbfeaa49324_potencia,17.1,2026-05-13T15:28:34.910Z
sensor.shellyplugsg3_8cbfeaa49324_potencia,18.1,2026-05-13T15:28:41.076Z
sensor.shellyplugsg3_8cbfeaa49324_potencia,17.9,2026-05-13T15:28:49.300Z
sensor.shellyplugsg3_8cbfeaa49324_potencia,18.1,2026-05-13T15:28:54.439Z
sensor.shellyplugsg3_8cbfeaa49324_potencia,15.0,2026-05-13T15:29:00.039Z
sensor.shellyplugsg3_8cbfeaa49324_potencia,17.1,2026-05-13T15:29:06.786Z
sensor.shellyplugsg3_8cbfeaa49324_potencia,18.3,2026-05-13T15:29:11.925Z
sensor.shellyplugsg3_8cbfeaa49324_potencia,18.0,2026-05-13T15:29:19.121Z
sensor.shellyplugsg3_8cbfeaa49324_potencia,17.5,2026-05-13T15:29:26.315Z
sensor.shellyplugsg3_8cbfeaa49324_potencia,17.0,2026-05-13T15:29:34.540Z
sensor.shellyplugsg3_8cbfeaa49324_potencia,18.3,2026-05-13T15:29:39.678Z
sensor.shellyplugsg3_8cbfeaa49324_potencia,16.7,2026-05-13T15:29:44.927Z
sensor.shellyplugsg3_8cbfeaa49324_potencia,17.7,2026-05-13T15:29:50.080Z
sensor.shellyplugsg3_8cbfeaa49324_potencia,17.0,2026-05-13T15:30:00.037Z
sensor.shellyplugsg3_8cbfeaa49324_potencia,18.8,2026-05-13T15:30:07.566Z
sensor.shellyplugsg3_8cbfeaa49324_potencia,17.7,2026-05-13T15:30:18.773Z
sensor.shellyplugsg3_8cbfeaa49324_potencia,18.0,2026-05-13T15:30:26.996Z
sensor.shellyplugsg3_8cbfeaa49324_potencia,17.9,2026-05-13T15:30:32.136Z
sensor.shellyplugsg3_8cbfeaa49324_potencia,19.0,2026-05-13T15:30:38.415Z
sensor.shellyplugsg3_8cbfeaa49324_potencia,15.5,2026-05-13T15:30:43.456Z
sensor.shellyplugsg3_8cbfeaa49324_potencia,18.4,2026-05-13T15:30:48.595Z
sensor.shellyplugsg3_8cbfeaa49324_potencia,17.3,2026-05-13T15:30:53.735Z
sensor.shellyplugsg3_8cbfeaa49324_potencia,16.9,2026-05-13T15:31:00.035Z
sensor.shellyplugsg3_8cbfeaa49324_potencia,16.5,2026-05-13T15:31:01.960Z
sensor.shellyplugsg3_8cbfeaa49324_potencia,16.8,2026-05-13T15:31:07.129Z
sensor.shellyplugsg3_8cbfeaa49324_potencia,15.2,2026-05-13T15:31:12.269Z
sensor.shellyplugsg3_8cbfeaa49324_potencia,18.0,2026-05-13T15:31:18.436Z
sensor.shellyplugsg3_8cbfeaa49324_potencia,15.5,2026-05-13T15:31:26.770Z
sensor.shellyplugsg3_8cbfeaa49324_potencia,16.8,2026-05-13T15:31:31.813Z
sensor.shellyplugsg3_8cbfeaa49324_potencia,18.0,2026-05-13T15:31:37.063Z
sensor.shellyplugsg3_8cbfeaa49324_potencia,14.2,2026-05-13T15:31:42.215Z
sensor.shellyplugsg3_8cbfeaa49324_potencia,17.9,2026-05-13T15:31:47.257Z
sensor.shellyplugsg3_8cbfeaa49324_potencia,16.9,2026-05-13T15:31:53.535Z
sensor.shellyplugsg3_8cbfeaa49324_potencia,16.3,2026-05-13T15:31:58.576Z
sensor.shellyplugsg3_8cbfeaa49324_potencia,17.4,2026-05-13T15:32:00.032Z
sensor.shellyplugsg3_8cbfeaa49324_potencia,17.3,2026-05-13T15:32:10.910Z
sensor.shellyplugsg3_8cbfeaa49324_potencia,17.9,2026-05-13T15:32:18.106Z
sensor.shellyplugsg3_8cbfeaa49324_potencia,15.3,2026-05-13T15:32:26.439Z
sensor.shellyplugsg3_8cbfeaa49324_potencia,17.3,2026-05-13T15:32:31.481Z
sensor.shellyplugsg3_8cbfeaa49324_potencia,16.8,2026-05-13T15:32:36.620Z
sensor.shellyplugsg3_8cbfeaa49324_potencia,17.3,2026-05-13T15:32:41.760Z
sensor.shellyplugsg3_8cbfeaa49324_potencia,18.4,2026-05-13T15:32:52.149Z
sensor.shellyplugsg3_8cbfeaa49324_potencia,17.9,2026-05-13T15:32:59.248Z
sensor.shellyplugsg3_8cbfeaa49324_potencia,13.4,2026-05-13T15:33:09.639Z
sensor.shellyplugsg3_8cbfeaa49324_potencia,17.3,2026-05-13T15:33:14.682Z
sensor.shellyplugsg3_8cbfeaa49324_potencia,18.4,2026-05-13T15:33:23.015Z
sensor.shellyplugsg3_8cbfeaa49324_potencia,11.0,2026-05-13T15:33:28.058Z
sensor.shellyplugsg3_8cbfeaa49324_potencia,10.0,2026-05-13T15:33:46.667Z
sensor.shellyplugsg3_8cbfeaa49324_potencia,10.1,2026-05-13T15:34:00.029Z
sensor.shellyplugsg3_8cbfeaa49324_potencia,11.1,2026-05-13T15:34:27.791Z
sensor.shellyplugsg3_8cbfeaa49324_potencia,15.7,2026-05-13T15:34:32.834Z
sensor.shellyplugsg3_8cbfeaa49324_potencia,17.1,2026-05-13T15:34:41.058Z
sensor.shellyplugsg3_8cbfeaa49324_potencia,16.9,2026-05-13T15:34:49.282Z
sensor.shellyplugsg3_8cbfeaa49324_potencia,17.9,2026-05-13T15:34:55.446Z
sensor.shellyplugsg3_8cbfeaa49324_potencia,14.9,2026-05-13T15:35:00.027Z
sensor.shellyplugsg3_8cbfeaa49324_potencia,18.3,2026-05-13T15:35:05.737Z
sensor.shellyplugsg3_8cbfeaa49324_potencia,13.1,2026-05-13T15:35:15.102Z
sensor.shellyplugsg3_8cbfeaa49324_potencia,17.1,2026-05-13T15:35:20.145Z
sensor.shellyplugsg3_8cbfeaa49324_potencia,17.5,2026-05-13T15:35:26.310Z
sensor.shellyplugsg3_8cbfeaa49324_potencia,17.0,2026-05-13T15:35:33.508Z
sensor.shellyplugsg3_8cbfeaa49324_potencia,18.2,2026-05-13T15:35:38.646Z
sensor.shellyplugsg3_8cbfeaa49324_potencia,15.2,2026-05-13T15:35:43.896Z
sensor.shellyplugsg3_8cbfeaa49324_potencia,17.0,2026-05-13T15:35:48.940Z
sensor.shellyplugsg3_8cbfeaa49324_potencia,18.5,2026-05-13T15:35:54.078Z
sensor.shellyplugsg3_8cbfeaa49324_potencia,13.1,2026-05-13T15:35:59.219Z
sensor.shellyplugsg3_8cbfeaa49324_potencia,14.6,2026-05-13T15:36:00.025Z
sensor.shellyplugsg3_8cbfeaa49324_potencia,16.8,2026-05-13T15:36:04.358Z
sensor.shellyplugsg3_8cbfeaa49324_potencia,18.2,2026-05-13T15:36:10.522Z
sensor.shellyplugsg3_8cbfeaa49324_potencia,16.7,2026-05-13T15:36:18.747Z
sensor.shellyplugsg3_8cbfeaa49324_potencia,18.2,2026-05-13T15:36:26.052Z
sensor.shellyplugsg3_8cbfeaa49324_potencia,17.7,2026-05-13T15:36:34.177Z
sensor.shellyplugsg3_8cbfeaa49324_potencia,19.0,2026-05-13T15:36:42.509Z
sensor.shellyplugsg3_8cbfeaa49324_potencia,17.2,2026-05-13T15:36:48.578Z
sensor.shellyplugsg3_8cbfeaa49324_potencia,18.6,2026-05-13T15:36:57.939Z
sensor.shellyplugsg3_8cbfeaa49324_potencia,16.6,2026-05-13T15:37:00.022Z
sensor.shellyplugsg3_8cbfeaa49324_potencia,18.1,2026-05-13T15:37:02.983Z
sensor.shellyplugsg3_8cbfeaa49324_potencia,15.1,2026-05-13T15:37:13.394Z
sensor.shellyplugsg3_8cbfeaa49324_potencia,17.2,2026-05-13T15:37:19.463Z
sensor.shellyplugsg3_8cbfeaa49324_potencia,18.6,2026-05-13T15:37:24.603Z
sensor.shellyplugsg3_8cbfeaa49324_potencia,18.1,2026-05-13T15:37:30.771Z
sensor.shellyplugsg3_8cbfeaa49324_potencia,13.1,2026-05-13T15:37:43.217Z
sensor.shellyplugsg3_8cbfeaa49324_potencia,18.0,2026-05-13T15:37:48.260Z
sensor.shellyplugsg3_8cbfeaa49324_potencia,15.5,2026-05-13T15:37:57.620Z
sensor.shellyplugsg3_8cbfeaa49324_potencia,17.4,2026-05-13T15:38:00.020Z
sensor.shellyplugsg3_8cbfeaa49324_potencia,17.5,2026-05-13T15:38:03.689Z
sensor.shellyplugsg3_8cbfeaa49324_potencia,18.7,2026-05-13T15:38:10.885Z
sensor.shellyplugsg3_8cbfeaa49324_potencia,16.5,2026-05-13T15:38:16.027Z
sensor.shellyplugsg3_8cbfeaa49324_potencia,18.2,2026-05-13T15:38:22.193Z
sensor.shellyplugsg3_8cbfeaa49324_potencia,16.5,2026-05-13T15:38:29.500Z
sensor.shellyplugsg3_8cbfeaa49324_potencia,17.1,2026-05-13T15:38:35.570Z
sensor.shellyplugsg3_8cbfeaa49324_potencia,17.2,2026-05-13T15:38:41.736Z
sensor.shellyplugsg3_8cbfeaa49324_potencia,18.5,2026-05-13T15:38:46.988Z
sensor.shellyplugsg3_8cbfeaa49324_potencia,17.2,2026-05-13T15:38:55.223Z
sensor.shellyplugsg3_8cbfeaa49324_potencia,16.7,2026-05-13T15:39:00.018Z
sensor.shellyplugsg3_8cbfeaa49324_potencia,17.5,2026-05-13T15:39:01.303Z
sensor.shellyplugsg3_8cbfeaa49324_potencia,17.0,2026-05-13T15:39:06.442Z
sensor.shellyplugsg3_8cbfeaa49324_potencia,13.2,2026-05-13T15:39:11.583Z
sensor.shellyplugsg3_8cbfeaa49324_potencia,17.2,2026-05-13T15:39:16.724Z
sensor.shellyplugsg3_8cbfeaa49324_potencia,18.5,2026-05-13T15:39:21.861Z
sensor.shellyplugsg3_8cbfeaa49324_potencia,17.0,2026-05-13T15:39:30.087Z
sensor.shellyplugsg3_8cbfeaa49324_potencia,18.2,2026-05-13T15:39:38.308Z
sensor.shellyplugsg3_8cbfeaa49324_potencia,12.9,2026-05-13T15:39:55.895Z
sensor.shellyplugsg3_8cbfeaa49324_potencia,18.2,2026-05-13T15:40:00.016Z
sensor.shellyplugsg3_8cbfeaa49324_potencia,17.5,2026-05-13T15:40:00.938Z
sensor.shellyplugsg3_8cbfeaa49324_potencia,18.8,2026-05-13T15:40:09.166Z
sensor.shellyplugsg3_8cbfeaa49324_potencia,17.4,2026-05-13T15:40:14.307Z
sensor.shellyplugsg3_8cbfeaa49324_potencia,18.5,2026-05-13T15:40:19.445Z
sensor.shellyplugsg3_8cbfeaa49324_potencia,17.0,2026-05-13T15:40:26.643Z
sensor.shellyplugsg3_8cbfeaa49324_potencia,18.2,2026-05-13T15:40:34.864Z
sensor.shellyplugsg3_8cbfeaa49324_potencia,16.2,2026-05-13T15:40:40.114Z
sensor.shellyplugsg3_8cbfeaa49324_potencia,17.9,2026-05-13T15:40:47.212Z
sensor.shellyplugsg3_8cbfeaa49324_potencia,16.2,2026-05-13T15:40:55.546Z
sensor.shellyplugsg3_8cbfeaa49324_potencia,17.8,2026-05-13T15:41:00.014Z
sensor.shellyplugsg3_8cbfeaa49324_potencia,18.4,2026-05-13T15:41:02.643Z
sensor.shellyplugsg3_8cbfeaa49324_potencia,15.0,2026-05-13T15:41:09.950Z
sensor.shellyplugsg3_8cbfeaa49324_potencia,17.1,2026-05-13T15:41:14.991Z
sensor.shellyplugsg3_8cbfeaa49324_potencia,18.3,2026-05-13T15:41:21.158Z
sensor.shellyplugsg3_8cbfeaa49324_potencia,18.1,2026-05-13T15:41:28.354Z
sensor.shellyplugsg3_8cbfeaa49324_potencia,13.4,2026-05-13T15:41:38.744Z
sensor.shellyplugsg3_8cbfeaa49324_potencia,18.2,2026-05-13T15:41:43.787Z
sensor.shellyplugsg3_8cbfeaa49324_potencia,17.8,2026-05-13T15:41:49.953Z
sensor.shellyplugsg3_8cbfeaa49324_potencia,17.2,2026-05-13T15:41:58.178Z
sensor.shellyplugsg3_8cbfeaa49324_potencia,18.2,2026-05-13T15:42:00.011Z
sensor.shellyplugsg3_8cbfeaa49324_potencia,18.3,2026-05-13T15:42:07.539Z
sensor.shellyplugsg3_8cbfeaa49324_potencia,16.5,2026-05-13T15:42:12.582Z
sensor.shellyplugsg3_8cbfeaa49324_potencia,18.7,2026-05-13T15:42:17.720Z
sensor.shellyplugsg3_8cbfeaa49324_potencia,12.9,2026-05-13T15:42:23.890Z
sensor.shellyplugsg3_8cbfeaa49324_potencia,17.9,2026-05-13T15:42:29.029Z
sensor.shellyplugsg3_8cbfeaa49324_potencia,14.3,2026-05-13T15:42:38.390Z
sensor.shellyplugsg3_8cbfeaa49324_potencia,17.1,2026-05-13T15:42:43.431Z
sensor.shellyplugsg3_8cbfeaa49324_potencia,18.3,2026-05-13T15:42:51.655Z
sensor.shellyplugsg3_8cbfeaa49324_potencia,16.5,2026-05-13T15:42:56.794Z
sensor.shellyplugsg3_8cbfeaa49324_potencia,17.8,2026-05-13T15:43:00.009Z
sensor.shellyplugsg3_8cbfeaa49324_potencia,17.7,2026-05-13T15:43:01.933Z
sensor.shellyplugsg3_8cbfeaa49324_potencia,15.2,2026-05-13T15:43:08.243Z
sensor.shellyplugsg3_8cbfeaa49324_potencia,17.7,2026-05-13T15:43:13.284Z
sensor.shellyplugsg3_8cbfeaa49324_potencia,13.2,2026-05-13T15:43:22.648Z
sensor.shellyplugsg3_8cbfeaa49324_potencia,17.2,2026-05-13T15:43:27.691Z
sensor.shellyplugsg3_8cbfeaa49324_potencia,14.5,2026-05-13T15:43:37.052Z
sensor.shellyplugsg3_8cbfeaa49324_potencia,17.3,2026-05-13T15:43:42.107Z
sensor.shellyplugsg3_8cbfeaa49324_potencia,17.7,2026-05-13T15:43:48.272Z
sensor.shellyplugsg3_8cbfeaa49324_potencia,17.4,2026-05-13T15:44:00.007Z
sensor.shellyplugsg3_8cbfeaa49324_potencia,15.6,2026-05-13T15:44:06.885Z
sensor.shellyplugsg3_8cbfeaa49324_potencia,16.5,2026-05-13T15:44:11.927Z
sensor.shellyplugsg3_8cbfeaa49324_potencia,17.0,2026-05-13T15:44:17.069Z
sensor.shellyplugsg3_8cbfeaa49324_potencia,12.4,2026-05-13T15:44:23.236Z
sensor.shellyplugsg3_8cbfeaa49324_potencia,10.7,2026-05-13T15:44:29.404Z
sensor.shellyplugsg3_8cbfeaa49324_potencia,10.5,2026-05-13T15:45:00.005Z
sensor.shellyplugsg3_8cbfeaa49324_potencia,12.8,2026-05-13T15:45:26.056Z
sensor.shellyplugsg3_8cbfeaa49324_potencia,15.8,2026-05-13T15:45:31.099Z
sensor.shellyplugsg3_8cbfeaa49324_potencia,16.9,2026-05-13T15:45:40.459Z
sensor.shellyplugsg3_8cbfeaa49324_potencia,17.0,2026-05-13T15:45:46.528Z
sensor.shellyplugsg3_8cbfeaa49324_potencia,18.1,2026-05-13T15:45:51.779Z
sensor.shellyplugsg3_8cbfeaa49324_potencia,18.3,2026-05-13T15:45:56.819Z
sensor.shellyplugsg3_8cbfeaa49324_potencia,16.2,2026-05-13T15:46:00.003Z
sensor.shellyplugsg3_8cbfeaa49324_potencia,17.4,2026-05-13T15:46:01.959Z
sensor.shellyplugsg3_8cbfeaa49324_potencia,15.7,2026-05-13T15:46:13.377Z
sensor.shellyplugsg3_8cbfeaa49324_potencia,17.9,2026-05-13T15:46:19.446Z
sensor.shellyplugsg3_8cbfeaa49324_potencia,17.7,2026-05-13T15:46:31.781Z
sensor.shellyplugsg3_8cbfeaa49324_potencia,12.8,2026-05-13T15:46:43.199Z
sensor.shellyplugsg3_8cbfeaa49324_potencia,17.3,2026-05-13T15:46:48.243Z
sensor.shellyplugsg3_8cbfeaa49324_potencia,17.5,2026-05-13T15:46:56.463Z
sensor.shellyplugsg3_8cbfeaa49324_potencia,16.9,2026-05-13T15:47:00.001Z
sensor.shellyplugsg3_8cbfeaa49324_potencia,17.1,2026-05-13T15:47:01.605Z
sensor.shellyplugsg3_8cbfeaa49324_potencia,18.4,2026-05-13T15:47:07.771Z
sensor.shellyplugsg3_8cbfeaa49324_potencia,15.5,2026-05-13T15:47:13.021Z
sensor.shellyplugsg3_8cbfeaa49324_potencia,17.3,2026-05-13T15:47:18.065Z
sensor.shellyplugsg3_8cbfeaa49324_potencia,18.8,2026-05-13T15:47:36.674Z
sensor.shellyplugsg3_8cbfeaa49324_potencia,18.5,2026-05-13T15:47:41.715Z
sensor.shellyplugsg3_8cbfeaa49324_potencia,17.0,2026-05-13T15:47:47.882Z
sensor.shellyplugsg3_8cbfeaa49324_potencia,17.7,2026-05-13T15:47:56.105Z
sensor.shellyplugsg3_8cbfeaa49324_potencia,16.7,2026-05-13T15:47:59.998Z
sensor.shellyplugsg3_8cbfeaa49324_potencia,17.8,2026-05-13T15:48:02.274Z
sensor.shellyplugsg3_8cbfeaa49324_potencia,13.3,2026-05-13T15:48:13.692Z
sensor.shellyplugsg3_8cbfeaa49324_potencia,16.9,2026-05-13T15:48:18.735Z
sensor.shellyplugsg3_8cbfeaa49324_potencia,15.8,2026-05-13T15:48:24.900Z
sensor.shellyplugsg3_8cbfeaa49324_potencia,16.9,2026-05-13T15:48:31.068Z
sensor.shellyplugsg3_8cbfeaa49324_potencia,14.4,2026-05-13T15:48:44.541Z
sensor.shellyplugsg3_8cbfeaa49324_potencia,16.8,2026-05-13T15:48:49.583Z
sensor.shellyplugsg3_8cbfeaa49324_potencia,17.2,2026-05-13T15:48:55.751Z
sensor.shellyplugsg3_8cbfeaa49324_potencia,16.9,2026-05-13T15:49:00.061Z
sensor.shellyplugsg3_8cbfeaa49324_potencia,18.3,2026-05-13T15:49:07.169Z
sensor.shellyplugsg3_8cbfeaa49324_potencia,15.4,2026-05-13T15:49:14.378Z
sensor.shellyplugsg3_8cbfeaa49324_potencia,17.3,2026-05-13T15:49:19.432Z
sensor.shellyplugsg3_8cbfeaa49324_potencia,19.1,2026-05-13T15:49:26.626Z
sensor.shellyplugsg3_8cbfeaa49324_potencia,16.9,2026-05-13T15:49:31.767Z
sensor.shellyplugsg3_8cbfeaa49324_potencia,18.0,2026-05-13T15:49:37.934Z
sensor.shellyplugsg3_8cbfeaa49324_potencia,16.8,2026-05-13T15:49:44.212Z
sensor.shellyplugsg3_8cbfeaa49324_potencia,17.9,2026-05-13T15:49:51.308Z
sensor.shellyplugsg3_8cbfeaa49324_potencia,19.1,2026-05-13T15:49:57.587Z
sensor.shellyplugsg3_8cbfeaa49324_potencia,16.9,2026-05-13T15:50:00.059Z
sensor.shellyplugsg3_8cbfeaa49324_potencia,18.0,2026-05-13T15:50:03.659Z
sensor.shellyplugsg3_8cbfeaa49324_potencia,16.9,2026-05-13T15:50:08.908Z
sensor.shellyplugsg3_8cbfeaa49324_potencia,18.3,2026-05-13T15:50:17.033Z
sensor.shellyplugsg3_8cbfeaa49324_potencia,17.8,2026-05-13T15:50:22.175Z
sensor.shellyplugsg3_8cbfeaa49324_potencia,17.4,2026-05-13T15:50:27.312Z
sensor.shellyplugsg3_8cbfeaa49324_potencia,16.7,2026-05-13T15:50:33.483Z
sensor.shellyplugsg3_8cbfeaa49324_potencia,18.5,2026-05-13T15:50:41.704Z
sensor.shellyplugsg3_8cbfeaa49324_potencia,17.1,2026-05-13T15:50:48.899Z
sensor.shellyplugsg3_8cbfeaa49324_potencia,12.8,2026-05-13T15:51:00.057Z
sensor.shellyplugsg3_8cbfeaa49324_potencia,17.9,2026-05-13T15:51:05.362Z
sensor.shellyplugsg3_8cbfeaa49324_potencia,16.6,2026-05-13T15:51:14.722Z
sensor.shellyplugsg3_8cbfeaa49324_potencia,17.2,2026-05-13T15:51:19.765Z
sensor.shellyplugsg3_8cbfeaa49324_potencia,18.5,2026-05-13T15:51:25.930Z
sensor.shellyplugsg3_8cbfeaa49324_potencia,17.5,2026-05-13T15:51:34.155Z
sensor.shellyplugsg3_8cbfeaa49324_potencia,16.3,2026-05-13T15:51:39.404Z
sensor.shellyplugsg3_8cbfeaa49324_potencia,14.7,2026-05-13T15:51:45.584Z
sensor.shellyplugsg3_8cbfeaa49324_potencia,16.2,2026-05-13T15:51:50.626Z
sensor.shellyplugsg3_8cbfeaa49324_potencia,17.8,2026-05-13T15:51:56.809Z
sensor.shellyplugsg3_8cbfeaa49324_potencia,13.8,2026-05-13T15:52:00.055Z
sensor.shellyplugsg3_8cbfeaa49324_potencia,17.3,2026-05-13T15:52:05.018Z
sensor.shellyplugsg3_8cbfeaa49324_potencia,18.4,2026-05-13T15:52:12.322Z
sensor.shellyplugsg3_8cbfeaa49324_potencia,17.1,2026-05-13T15:52:19.420Z
sensor.shellyplugsg3_8cbfeaa49324_potencia,18.1,2026-05-13T15:52:24.558Z
sensor.shellyplugsg3_8cbfeaa49324_potencia,12.8,2026-05-13T15:52:30.838Z
sensor.shellyplugsg3_8cbfeaa49324_potencia,17.1,2026-05-13T15:52:35.882Z
sensor.shellyplugsg3_8cbfeaa49324_potencia,18.3,2026-05-13T15:52:41.133Z
sensor.shellyplugsg3_8cbfeaa49324_potencia,17.6,2026-05-13T15:52:49.257Z
sensor.shellyplugsg3_8cbfeaa49324_potencia,19.2,2026-05-13T15:52:57.590Z
sensor.shellyplugsg3_8cbfeaa49324_potencia,13.8,2026-05-13T15:53:00.053Z
sensor.shellyplugsg3_8cbfeaa49324_potencia,16.8,2026-05-13T15:53:02.644Z
sensor.shellyplugsg3_8cbfeaa49324_potencia,18.0,2026-05-13T15:53:10.867Z
sensor.shellyplugsg3_8cbfeaa49324_potencia,14.7,2026-05-13T15:53:16.117Z
sensor.shellyplugsg3_8cbfeaa49324_potencia,17.5,2026-05-13T15:53:21.156Z
sensor.shellyplugsg3_8cbfeaa49324_potencia,18.9,2026-05-13T15:53:27.434Z
sensor.shellyplugsg3_8cbfeaa49324_potencia,16.9,2026-05-13T15:53:33.504Z
sensor.shellyplugsg3_8cbfeaa49324_potencia,18.2,2026-05-13T15:53:42.864Z
sensor.shellyplugsg3_8cbfeaa49324_potencia,17.1,2026-05-13T15:53:49.962Z
sensor.shellyplugsg3_8cbfeaa49324_potencia,18.4,2026-05-13T15:53:56.128Z
sensor.shellyplugsg3_8cbfeaa49324_potencia,15.5,2026-05-13T15:54:00.051Z
sensor.shellyplugsg3_8cbfeaa49324_potencia,17.3,2026-05-13T15:54:04.353Z
sensor.shellyplugsg3_8cbfeaa49324_potencia,17.0,2026-05-13T15:54:11.546Z
sensor.shellyplugsg3_8cbfeaa49324_potencia,16.8,2026-05-13T15:54:16.686Z
sensor.shellyplugsg3_8cbfeaa49324_potencia,17.8,2026-05-13T15:54:24.910Z
sensor.shellyplugsg3_8cbfeaa49324_potencia,16.7,2026-05-13T15:54:31.190Z
sensor.shellyplugsg3_8cbfeaa49324_potencia,18.0,2026-05-13T15:54:36.234Z
sensor.shellyplugsg3_8cbfeaa49324_potencia,16.9,2026-05-13T15:54:42.509Z
sensor.shellyplugsg3_8cbfeaa49324_potencia,17.0,2026-05-13T15:54:49.608Z
sensor.shellyplugsg3_8cbfeaa49324_potencia,18.0,2026-05-13T15:54:57.830Z
sensor.shellyplugsg3_8cbfeaa49324_potencia,16.2,2026-05-13T15:55:00.049Z
sensor.shellyplugsg3_8cbfeaa49324_potencia,17.3,2026-05-13T15:55:03.999Z
sensor.shellyplugsg3_8cbfeaa49324_potencia,17.1,2026-05-13T15:55:19.451Z
sensor.shellyplugsg3_8cbfeaa49324_potencia,16.8,2026-05-13T15:55:25.632Z
sensor.shellyplugsg3_8cbfeaa49324_potencia,13.1,2026-05-13T15:55:31.801Z
sensor.shellyplugsg3_8cbfeaa49324_potencia,10.7,2026-05-13T15:55:36.941Z
sensor.shellyplugsg3_8cbfeaa49324_potencia,10.3,2026-05-13T15:56:00.046Z
sensor.shellyplugsg3_8cbfeaa49324_potencia,13.7,2026-05-13T15:56:43.855Z
sensor.shellyplugsg3_8cbfeaa49324_potencia,16.0,2026-05-13T15:56:48.897Z
sensor.shellyplugsg3_8cbfeaa49324_potencia,17.2,2026-05-13T15:56:56.090Z
sensor.shellyplugsg3_8cbfeaa49324_potencia,14.6,2026-05-13T15:57:00.044Z
sensor.shellyplugsg3_8cbfeaa49324_potencia,18.4,2026-05-13T15:57:06.372Z
sensor.shellyplugsg3_8cbfeaa49324_potencia,17.3,2026-05-13T15:57:11.509Z
sensor.shellyplugsg3_8cbfeaa49324_potencia,18.5,2026-05-13T15:57:27.039Z
sensor.shellyplugsg3_8cbfeaa49324_potencia,17.2,2026-05-13T15:57:32.082Z
sensor.shellyplugsg3_8cbfeaa49324_potencia,17.3,2026-05-13T15:57:38.248Z
sensor.shellyplugsg3_8cbfeaa49324_potencia,13.7,2026-05-13T15:57:46.585Z
sensor.shellyplugsg3_8cbfeaa49324_potencia,17.1,2026-05-13T15:57:51.628Z
sensor.shellyplugsg3_8cbfeaa49324_potencia,18.2,2026-05-13T15:57:59.960Z
sensor.shellyplugsg3_8cbfeaa49324_potencia,17.7,2026-05-13T15:58:00.043Z
sensor.shellyplugsg3_8cbfeaa49324_potencia,17.5,2026-05-13T15:58:06.031Z
sensor.shellyplugsg3_8cbfeaa49324_potencia,19.0,2026-05-13T15:58:12.309Z
sensor.shellyplugsg3_8cbfeaa49324_potencia,16.7,2026-05-13T15:58:17.350Z
sensor.shellyplugsg3_8cbfeaa49324_potencia,17.3,2026-05-13T15:58:24.546Z
sensor.shellyplugsg3_8cbfeaa49324_potencia,17.1,2026-05-13T15:58:29.684Z
sensor.shellyplugsg3_8cbfeaa49324_potencia,18.4,2026-05-13T15:58:35.853Z
sensor.shellyplugsg3_8cbfeaa49324_potencia,14.5,2026-05-13T15:58:46.242Z
sensor.shellyplugsg3_8cbfeaa49324_potencia,17.6,2026-05-13T15:58:51.283Z
sensor.shellyplugsg3_8cbfeaa49324_potencia,18.9,2026-05-13T15:58:56.422Z
sensor.shellyplugsg3_8cbfeaa49324_potencia,18.0,2026-05-13T15:59:00.040Z
sensor.shellyplugsg3_8cbfeaa49324_potencia,16.6,2026-05-13T15:59:03.618Z
sensor.shellyplugsg3_8cbfeaa49324_potencia,18.0,2026-05-13T15:59:10.812Z
sensor.shellyplugsg3_8cbfeaa49324_potencia,17.0,2026-05-13T15:59:15.950Z
sensor.shellyplugsg3_8cbfeaa49324_potencia,17.2,2026-05-13T15:59:21.093Z
sensor.shellyplugsg3_8cbfeaa49324_potencia,18.1,2026-05-13T15:59:26.231Z
sensor.shellyplugsg3_8cbfeaa49324_potencia,16.7,2026-05-13T15:59:31.483Z
sensor.shellyplugsg3_8cbfeaa49324_potencia,18.5,2026-05-13T15:59:36.635Z
sensor.shellyplugsg3_8cbfeaa49324_potencia,18.9,2026-05-13T15:59:44.762Z
sensor.shellyplugsg3_8cbfeaa49324_potencia,18.2,2026-05-13T15:59:49.898Z
sensor.shellyplugsg3_8cbfeaa49324_potencia,18.6,2026-05-13T15:59:55.038Z
sensor.shellyplugsg3_8cbfeaa49324_potencia,17.5,2026-05-13T16:00:00.038Z
sensor.shellyplugsg3_8cbfeaa49324_potencia,18.2,2026-05-13T16:00:00.177Z
sensor.shellyplugsg3_8cbfeaa49324_potencia,17.5,2026-05-13T16:00:05.319Z
sensor.shellyplugsg3_8cbfeaa49324_potencia,17.6,2026-05-13T16:00:12.512Z
sensor.shellyplugsg3_8cbfeaa49324_potencia,18.1,2026-05-13T16:00:20.737Z
sensor.shellyplugsg3_8cbfeaa49324_potencia,16.1,2026-05-13T16:00:31.125Z
sensor.shellyplugsg3_8cbfeaa49324_potencia,16.7,2026-05-13T16:00:36.169Z
sensor.shellyplugsg3_8cbfeaa49324_potencia,17.9,2026-05-13T16:00:41.307Z
sensor.shellyplugsg3_8cbfeaa49324_potencia,15.6,2026-05-13T16:00:48.501Z
sensor.shellyplugsg3_8cbfeaa49324_potencia,17.9,2026-05-13T16:00:53.641Z
sensor.shellyplugsg3_8cbfeaa49324_potencia,17.6,2026-05-13T16:01:00.035Z
sensor.shellyplugsg3_8cbfeaa49324_potencia,15.1,2026-05-13T16:01:01.975Z
sensor.shellyplugsg3_8cbfeaa49324_potencia,18.8,2026-05-13T16:01:07.016Z
sensor.shellyplugsg3_8cbfeaa49324_potencia,17.4,2026-05-13T16:01:13.293Z
sensor.shellyplugsg3_8cbfeaa49324_potencia,16.5,2026-05-13T16:01:19.362Z
sensor.shellyplugsg3_8cbfeaa49324_potencia,18.1,2026-05-13T16:01:24.503Z
sensor.shellyplugsg3_8cbfeaa49324_potencia,13.4,2026-05-13T16:01:31.811Z
sensor.shellyplugsg3_8cbfeaa49324_potencia,17.9,2026-05-13T16:01:36.854Z
sensor.shellyplugsg3_8cbfeaa49324_potencia,13.7,2026-05-13T16:01:47.244Z
sensor.shellyplugsg3_8cbfeaa49324_potencia,16.8,2026-05-13T16:01:52.287Z
sensor.shellyplugsg3_8cbfeaa49324_potencia,18.3,2026-05-13T16:01:57.424Z
sensor.shellyplugsg3_8cbfeaa49324_potencia,17.5,2026-05-13T16:02:00.033Z
sensor.shellyplugsg3_8cbfeaa49324_potencia,16.3,2026-05-13T16:02:05.647Z
sensor.shellyplugsg3_8cbfeaa49324_potencia,17.9,2026-05-13T16:02:10.788Z
sensor.shellyplugsg3_8cbfeaa49324_potencia,15.4,2026-05-13T16:02:17.065Z
sensor.shellyplugsg3_8cbfeaa49324_potencia,18.4,2026-05-13T16:02:22.106Z
sensor.shellyplugsg3_8cbfeaa49324_potencia,17.4,2026-05-13T16:02:30.330Z
sensor.shellyplugsg3_8cbfeaa49324_potencia,17.0,2026-05-13T16:02:35.470Z
sensor.shellyplugsg3_8cbfeaa49324_potencia,18.1,2026-05-13T16:02:41.637Z
sensor.shellyplugsg3_8cbfeaa49324_potencia,13.2,2026-05-13T16:02:46.889Z
sensor.shellyplugsg3_8cbfeaa49324_potencia,17.5,2026-05-13T16:02:51.933Z
sensor.shellyplugsg3_8cbfeaa49324_potencia,18.4,2026-05-13T16:03:00.031Z
sensor.shellyplugsg3_8cbfeaa49324_potencia,13.6,2026-05-13T16:03:02.321Z
sensor.shellyplugsg3_8cbfeaa49324_potencia,17.0,2026-05-13T16:03:07.362Z
sensor.shellyplugsg3_8cbfeaa49324_potencia,18.0,2026-05-13T16:03:13.537Z
sensor.shellyplugsg3_8cbfeaa49324_potencia,18.4,2026-05-13T16:03:21.752Z
sensor.shellyplugsg3_8cbfeaa49324_potencia,18.2,2026-05-13T16:03:26.891Z
sensor.shellyplugsg3_8cbfeaa49324_potencia,14.1,2026-05-13T16:03:32.194Z
sensor.shellyplugsg3_8cbfeaa49324_potencia,17.4,2026-05-13T16:03:37.187Z
sensor.shellyplugsg3_8cbfeaa49324_potencia,18.7,2026-05-13T16:03:42.325Z
sensor.shellyplugsg3_8cbfeaa49324_potencia,15.1,2026-05-13T16:03:47.464Z
sensor.shellyplugsg3_8cbfeaa49324_potencia,18.8,2026-05-13T16:03:52.604Z
sensor.shellyplugsg3_8cbfeaa49324_potencia,17.5,2026-05-13T16:03:57.745Z
sensor.shellyplugsg3_8cbfeaa49324_potencia,17.7,2026-05-13T16:04:00.029Z
sensor.shellyplugsg3_8cbfeaa49324_potencia,13.7,2026-05-13T16:04:02.998Z
sensor.shellyplugsg3_8cbfeaa49324_potencia,17.0,2026-05-13T16:04:08.041Z
sensor.shellyplugsg3_8cbfeaa49324_potencia,19.3,2026-05-13T16:04:13.178Z
sensor.shellyplugsg3_8cbfeaa49324_potencia,17.3,2026-05-13T16:04:19.347Z
sensor.shellyplugsg3_8cbfeaa49324_potencia,18.0,2026-05-13T16:04:25.514Z
sensor.shellyplugsg3_8cbfeaa49324_potencia,16.9,2026-05-13T16:04:30.764Z
sensor.shellyplugsg3_8cbfeaa49324_potencia,18.6,2026-05-13T16:04:40.028Z
sensor.shellyplugsg3_8cbfeaa49324_potencia,18.2,2026-05-13T16:04:45.080Z
sensor.shellyplugsg3_8cbfeaa49324_potencia,17.1,2026-05-13T16:04:51.250Z
sensor.shellyplugsg3_8cbfeaa49324_potencia,18.2,2026-05-13T16:04:59.583Z
sensor.shellyplugsg3_8cbfeaa49324_potencia,17.8,2026-05-13T16:05:00.027Z
sensor.shellyplugsg3_8cbfeaa49324_potencia,17.4,2026-05-13T16:05:06.681Z
sensor.shellyplugsg3_8cbfeaa49324_potencia,13.2,2026-05-13T16:05:19.127Z
sensor.shellyplugsg3_8cbfeaa49324_potencia,16.7,2026-05-13T16:05:24.170Z
sensor.shellyplugsg3_8cbfeaa49324_potencia,17.9,2026-05-13T16:05:30.336Z
sensor.shellyplugsg3_8cbfeaa49324_potencia,17.3,2026-05-13T16:05:37.531Z
sensor.shellyplugsg3_8cbfeaa49324_potencia,18.4,2026-05-13T16:05:42.781Z
sensor.shellyplugsg3_8cbfeaa49324_potencia,17.3,2026-05-13T16:05:47.822Z
sensor.shellyplugsg3_8cbfeaa49324_potencia,18.5,2026-05-13T16:05:52.961Z
sensor.shellyplugsg3_8cbfeaa49324_potencia,17.2,2026-05-13T16:05:59.128Z
sensor.shellyplugsg3_8cbfeaa49324_potencia,17.7,2026-05-13T16:06:00.025Z
sensor.shellyplugsg3_8cbfeaa49324_potencia,17.0,2026-05-13T16:06:06.328Z
sensor.shellyplugsg3_8cbfeaa49324_potencia,18.1,2026-05-13T16:06:11.577Z
sensor.shellyplugsg3_8cbfeaa49324_potencia,17.9,2026-05-13T16:06:16.620Z
sensor.shellyplugsg3_8cbfeaa49324_potencia,17.6,2026-05-13T16:06:22.788Z
sensor.shellyplugsg3_8cbfeaa49324_potencia,13.0,2026-05-13T16:06:34.207Z
sensor.shellyplugsg3_8cbfeaa49324_potencia,17.7,2026-05-13T16:06:39.250Z
sensor.shellyplugsg3_8cbfeaa49324_potencia,12.7,2026-05-13T16:06:49.640Z
sensor.shellyplugsg3_8cbfeaa49324_potencia,11.0,2026-05-13T16:06:55.711Z
sensor.shellyplugsg3_8cbfeaa49324_potencia,10.4,2026-05-13T16:07:00.022Z
sensor.shellyplugsg3_8cbfeaa49324_potencia,9.9,2026-05-13T16:07:44.126Z
sensor.shellyplugsg3_8cbfeaa49324_potencia,10.9,2026-05-13T16:07:52.363Z
sensor.shellyplugsg3_8cbfeaa49324_potencia,15.2,2026-05-13T16:07:58.433Z
sensor.shellyplugsg3_8cbfeaa49324_potencia,15.9,2026-05-13T16:08:00.020Z
sensor.shellyplugsg3_8cbfeaa49324_potencia,16.3,2026-05-13T16:08:13.849Z
sensor.shellyplugsg3_8cbfeaa49324_potencia,16.7,2026-05-13T16:08:21.045Z
sensor.shellyplugsg3_8cbfeaa49324_potencia,16.4,2026-05-13T16:08:26.188Z
sensor.shellyplugsg3_8cbfeaa49324_potencia,17.9,2026-05-13T16:08:32.355Z
sensor.shellyplugsg3_8cbfeaa49324_potencia,16.2,2026-05-13T16:08:45.827Z
sensor.shellyplugsg3_8cbfeaa49324_potencia,17.7,2026-05-13T16:08:50.868Z
sensor.shellyplugsg3_8cbfeaa49324_potencia,16.4,2026-05-13T16:08:56.118Z
sensor.shellyplugsg3_8cbfeaa49324_potencia,16.5,2026-05-13T16:09:00.018Z
sensor.shellyplugsg3_8cbfeaa49324_potencia,17.1,2026-05-13T16:09:02.189Z
sensor.shellyplugsg3_8cbfeaa49324_potencia,18.4,2026-05-13T16:09:08.354Z
sensor.shellyplugsg3_8cbfeaa49324_potencia,16.2,2026-05-13T16:09:14.524Z
sensor.shellyplugsg3_8cbfeaa49324_potencia,18.1,2026-05-13T16:09:25.828Z
sensor.shellyplugsg3_8cbfeaa49324_potencia,17.6,2026-05-13T16:09:33.025Z
sensor.shellyplugsg3_8cbfeaa49324_potencia,18.6,2026-05-13T16:09:40.330Z
sensor.shellyplugsg3_8cbfeaa49324_potencia,17.9,2026-05-13T16:09:48.455Z
sensor.shellyplugsg3_8cbfeaa49324_potencia,15.2,2026-05-13T16:09:58.845Z
sensor.shellyplugsg3_8cbfeaa49324_potencia,17.0,2026-05-13T16:10:00.016Z
sensor.shellyplugsg3_8cbfeaa49324_potencia,18.5,2026-05-13T16:10:12.109Z
sensor.shellyplugsg3_8cbfeaa49324_potencia,17.7,2026-05-13T16:10:18.279Z
sensor.shellyplugsg3_8cbfeaa49324_potencia,18.9,2026-05-13T16:10:27.638Z
sensor.shellyplugsg3_8cbfeaa49324_potencia,17.4,2026-05-13T16:10:32.694Z
sensor.shellyplugsg3_8cbfeaa49324_potencia,18.7,2026-05-13T16:10:37.942Z
sensor.shellyplugsg3_8cbfeaa49324_potencia,17.4,2026-05-13T16:10:49.153Z
sensor.shellyplugsg3_8cbfeaa49324_potencia,17.2,2026-05-13T16:10:55.319Z
sensor.shellyplugsg3_8cbfeaa49324_potencia,16.1,2026-05-13T16:11:00.014Z
sensor.shellyplugsg3_8cbfeaa49324_potencia,17.2,2026-05-13T16:11:06.626Z
sensor.shellyplugsg3_8cbfeaa49324_potencia,18.3,2026-05-13T16:11:11.766Z
sensor.shellyplugsg3_8cbfeaa49324_potencia,13.1,2026-05-13T16:11:30.381Z
sensor.shellyplugsg3_8cbfeaa49324_potencia,18.2,2026-05-13T16:11:35.425Z
sensor.shellyplugsg3_8cbfeaa49324_potencia,18.7,2026-05-13T16:11:40.562Z
sensor.shellyplugsg3_8cbfeaa49324_potencia,12.2,2026-05-13T16:11:45.704Z
sensor.shellyplugsg3_8cbfeaa49324_potencia,17.3,2026-05-13T16:11:50.845Z
sensor.shellyplugsg3_8cbfeaa49324_potencia,18.7,2026-05-13T16:11:58.149Z
sensor.shellyplugsg3_8cbfeaa49324_potencia,17.9,2026-05-13T16:12:00.011Z
sensor.shellyplugsg3_8cbfeaa49324_potencia,17.6,2026-05-13T16:12:05.245Z
sensor.shellyplugsg3_8cbfeaa49324_potencia,18.6,2026-05-13T16:12:11.524Z
sensor.shellyplugsg3_8cbfeaa49324_potencia,17.6,2026-05-13T16:12:19.650Z
sensor.shellyplugsg3_8cbfeaa49324_potencia,18.6,2026-05-13T16:12:24.900Z
sensor.shellyplugsg3_8cbfeaa49324_potencia,13.1,2026-05-13T16:12:31.082Z
sensor.shellyplugsg3_8cbfeaa49324_potencia,18.3,2026-05-13T16:12:36.125Z
sensor.shellyplugsg3_8cbfeaa49324_potencia,16.9,2026-05-13T16:12:50.515Z
sensor.shellyplugsg3_8cbfeaa49324_potencia,18.6,2026-05-13T16:12:55.653Z
sensor.shellyplugsg3_8cbfeaa49324_potencia,18.2,2026-05-13T16:13:00.010Z
sensor.shellyplugsg3_8cbfeaa49324_potencia,16.5,2026-05-13T16:13:01.930Z
sensor.shellyplugsg3_8cbfeaa49324_potencia,17.9,2026-05-13T16:13:10.054Z
sensor.shellyplugsg3_8cbfeaa49324_potencia,13.5,2026-05-13T16:13:16.335Z
sensor.shellyplugsg3_8cbfeaa49324_potencia,17.9,2026-05-13T16:13:21.378Z
sensor.shellyplugsg3_8cbfeaa49324_potencia,13.0,2026-05-13T16:13:31.768Z
sensor.shellyplugsg3_8cbfeaa49324_potencia,16.8,2026-05-13T16:13:36.811Z
sensor.shellyplugsg3_8cbfeaa49324_potencia,18.0,2026-05-13T16:13:42.976Z
sensor.shellyplugsg3_8cbfeaa49324_potencia,17.2,2026-05-13T16:13:51.201Z
sensor.shellyplugsg3_8cbfeaa49324_potencia,18.3,2026-05-13T16:13:57.367Z
sensor.shellyplugsg3_8cbfeaa49324_potencia,17.4,2026-05-13T16:14:00.007Z
sensor.shellyplugsg3_8cbfeaa49324_potencia,16.1,2026-05-13T16:14:02.618Z
sensor.shellyplugsg3_8cbfeaa49324_potencia,17.4,2026-05-13T16:14:07.659Z
sensor.shellyplugsg3_8cbfeaa49324_potencia,18.3,2026-05-13T16:14:13.826Z
sensor.shellyplugsg3_8cbfeaa49324_potencia,17.6,2026-05-13T16:14:21.023Z
sensor.shellyplugsg3_8cbfeaa49324_potencia,17.7,2026-05-13T16:14:28.219Z
sensor.shellyplugsg3_8cbfeaa49324_potencia,17.0,2026-05-13T16:14:33.359Z
sensor.shellyplugsg3_8cbfeaa49324_potencia,19.3,2026-05-13T16:14:39.526Z
sensor.shellyplugsg3_8cbfeaa49324_potencia,18.8,2026-05-13T16:14:45.692Z
sensor.shellyplugsg3_8cbfeaa49324_potencia,17.2,2026-05-13T16:14:50.834Z
sensor.shellyplugsg3_8cbfeaa49324_potencia,18.5,2026-05-13T16:14:55.973Z
sensor.shellyplugsg3_8cbfeaa49324_potencia,17.3,2026-05-13T16:15:00.006Z
sensor.shellyplugsg3_8cbfeaa49324_potencia,17.7,2026-05-13T16:15:02.140Z
sensor.shellyplugsg3_8cbfeaa49324_potencia,16.7,2026-05-13T16:15:07.280Z
sensor.shellyplugsg3_8cbfeaa49324_potencia,18.0,2026-05-13T16:15:13.447Z
sensor.shellyplugsg3_8cbfeaa49324_potencia,18.4,2026-05-13T16:15:21.673Z
sensor.shellyplugsg3_8cbfeaa49324_potencia,16.8,2026-05-13T16:15:28.977Z
sensor.shellyplugsg3_8cbfeaa49324_potencia,14.9,2026-05-13T16:15:34.021Z
sensor.shellyplugsg3_8cbfeaa49324_potencia,17.8,2026-05-13T16:15:39.160Z
sensor.shellyplugsg3_8cbfeaa49324_potencia,15.6,2026-05-13T16:15:48.519Z
sensor.shellyplugsg3_8cbfeaa49324_potencia,17.4,2026-05-13T16:15:53.561Z
sensor.shellyplugsg3_8cbfeaa49324_potencia,17.7,2026-05-13T16:16:00.004Z
sensor.shellyplugsg3_8cbfeaa49324_potencia,16.1,2026-05-13T16:16:03.950Z
sensor.shellyplugsg3_8cbfeaa49324_potencia,17.5,2026-05-13T16:16:12.075Z
sensor.shellyplugsg3_8cbfeaa49324_potencia,13.8,2026-05-13T16:16:19.383Z
sensor.shellyplugsg3_8cbfeaa49324_potencia,17.2,2026-05-13T16:16:24.426Z
sensor.shellyplugsg3_8cbfeaa49324_potencia,18.7,2026-05-13T16:16:30.703Z
sensor.shellyplugsg3_8cbfeaa49324_potencia,17.2,2026-05-13T16:16:35.746Z
sensor.shellyplugsg3_8cbfeaa49324_potencia,14.4,2026-05-13T16:16:50.248Z
sensor.shellyplugsg3_8cbfeaa49324_potencia,18.5,2026-05-13T16:16:55.291Z
sensor.shellyplugsg3_8cbfeaa49324_potencia,17.6,2026-05-13T16:17:00.001Z
sensor.shellyplugsg3_8cbfeaa49324_potencia,17.1,2026-05-13T16:17:02.596Z
sensor.shellyplugsg3_8cbfeaa49324_potencia,17.3,2026-05-13T16:17:09.695Z
sensor.shellyplugsg3_8cbfeaa49324_potencia,18.1,2026-05-13T16:17:15.860Z
sensor.shellyplugsg3_8cbfeaa49324_potencia,17.1,2026-05-13T16:17:23.057Z
sensor.shellyplugsg3_8cbfeaa49324_potencia,17.4,2026-05-13T16:17:30.252Z
sensor.shellyplugsg3_8cbfeaa49324_potencia,13.6,2026-05-13T16:17:36.531Z
sensor.shellyplugsg3_8cbfeaa49324_potencia,18.4,2026-05-13T16:17:41.574Z
sensor.shellyplugsg3_8cbfeaa49324_potencia,18.2,2026-05-13T16:17:48.772Z
sensor.shellyplugsg3_8cbfeaa49324_potencia,16.6,2026-05-13T16:17:53.910Z
sensor.shellyplugsg3_8cbfeaa49324_potencia,17.4,2026-05-13T16:17:59.998Z
sensor.shellyplugsg3_8cbfeaa49324_potencia,16.6,2026-05-13T16:18:01.102Z
sensor.shellyplugsg3_8cbfeaa49324_potencia,15.2,2026-05-13T16:18:06.241Z
sensor.shellyplugsg3_8cbfeaa49324_potencia,10.9,2026-05-13T16:18:11.383Z
sensor.shellyplugsg3_8cbfeaa49324_potencia,10.0,2026-05-13T16:18:59.996Z
sensor.shellyplugsg3_8cbfeaa49324_potencia,12.2,2026-05-13T16:19:11.105Z
sensor.shellyplugsg3_8cbfeaa49324_potencia,15.3,2026-05-13T16:19:16.148Z
sensor.shellyplugsg3_8cbfeaa49324_potencia,18.0,2026-05-13T16:19:21.288Z
sensor.shellyplugsg3_8cbfeaa49324_potencia,16.9,2026-05-13T16:19:27.454Z
sensor.shellyplugsg3_8cbfeaa49324_potencia,18.0,2026-05-13T16:19:39.788Z
sensor.shellyplugsg3_8cbfeaa49324_potencia,17.1,2026-05-13T16:19:48.013Z
sensor.shellyplugsg3_8cbfeaa49324_potencia,18.3,2026-05-13T16:19:59.428Z
sensor.shellyplugsg3_8cbfeaa49324_potencia,13.4,2026-05-13T16:20:00.061Z
sensor.shellyplugsg3_8cbfeaa49324_potencia,17.0,2026-05-13T16:20:04.471Z
sensor.shellyplugsg3_8cbfeaa49324_potencia,18.0,2026-05-13T16:20:12.692Z
sensor.shellyplugsg3_8cbfeaa49324_potencia,17.7,2026-05-13T16:20:19.887Z
sensor.shellyplugsg3_8cbfeaa49324_potencia,18.9,2026-05-13T16:20:29.249Z
sensor.shellyplugsg3_8cbfeaa49324_potencia,17.2,2026-05-13T16:20:34.292Z
sensor.shellyplugsg3_8cbfeaa49324_potencia,16.8,2026-05-13T16:20:40.458Z
sensor.shellyplugsg3_8cbfeaa49324_potencia,16.9,2026-05-13T16:20:50.740Z
sensor.shellyplugsg3_8cbfeaa49324_potencia,16.8,2026-05-13T16:21:00.059Z
sensor.shellyplugsg3_8cbfeaa49324_potencia,14.0,2026-05-13T16:21:02.158Z
sensor.shellyplugsg3_8cbfeaa49324_potencia,18.2,2026-05-13T16:21:07.201Z
sensor.shellyplugsg3_8cbfeaa49324_potencia,15.1,2026-05-13T16:21:17.590Z
sensor.shellyplugsg3_8cbfeaa49324_potencia,18.2,2026-05-13T16:21:23.670Z
sensor.shellyplugsg3_8cbfeaa49324_potencia,15.2,2026-05-13T16:21:33.032Z
sensor.shellyplugsg3_8cbfeaa49324_potencia,18.1,2026-05-13T16:21:38.073Z
sensor.shellyplugsg3_8cbfeaa49324_potencia,14.9,2026-05-13T16:21:48.462Z
sensor.shellyplugsg3_8cbfeaa49324_potencia,17.8,2026-05-13T16:21:53.503Z
sensor.shellyplugsg3_8cbfeaa49324_potencia,17.9,2026-05-13T16:21:59.671Z
sensor.shellyplugsg3_8cbfeaa49324_potencia,17.6,2026-05-13T16:22:00.058Z
sensor.shellyplugsg3_8cbfeaa49324_potencia,17.1,2026-05-13T16:22:06.869Z
sensor.shellyplugsg3_8cbfeaa49324_potencia,18.2,2026-05-13T16:22:12.118Z
sensor.shellyplugsg3_8cbfeaa49324_potencia,12.9,2026-05-13T16:22:19.329Z
sensor.shellyplugsg3_8cbfeaa49324_potencia,17.2,2026-05-13T16:22:24.372Z
sensor.shellyplugsg3_8cbfeaa49324_potencia,18.6,2026-05-13T16:22:30.537Z
sensor.shellyplugsg3_8cbfeaa49324_potencia,17.1,2026-05-13T16:22:38.759Z
sensor.shellyplugsg3_8cbfeaa49324_potencia,18.2,2026-05-13T16:22:43.905Z
sensor.shellyplugsg3_8cbfeaa49324_potencia,14.0,2026-05-13T16:22:49.150Z
sensor.shellyplugsg3_8cbfeaa49324_potencia,17.7,2026-05-13T16:22:54.194Z
sensor.shellyplugsg3_8cbfeaa49324_potencia,18.3,2026-05-13T16:23:00.055Z
sensor.shellyplugsg3_8cbfeaa49324_potencia,17.8,2026-05-13T16:23:00.360Z
sensor.shellyplugsg3_8cbfeaa49324_potencia,17.5,2026-05-13T16:23:08.585Z
sensor.shellyplugsg3_8cbfeaa49324_potencia,18.2,2026-05-13T16:23:15.779Z
sensor.shellyplugsg3_8cbfeaa49324_potencia,17.3,2026-05-13T16:23:21.949Z
sensor.shellyplugsg3_8cbfeaa49324_potencia,19.1,2026-05-13T16:23:27.198Z
sensor.shellyplugsg3_8cbfeaa49324_potencia,18.0,2026-05-13T16:23:33.267Z
sensor.shellyplugsg3_8cbfeaa49324_potencia,16.4,2026-05-13T16:23:39.433Z
sensor.shellyplugsg3_8cbfeaa49324_potencia,18.2,2026-05-13T16:23:45.600Z
sensor.shellyplugsg3_8cbfeaa49324_potencia,12.9,2026-05-13T16:23:50.741Z
sensor.shellyplugsg3_8cbfeaa49324_potencia,16.9,2026-05-13T16:23:55.881Z
sensor.shellyplugsg3_8cbfeaa49324_potencia,16.7,2026-05-13T16:24:00.053Z
sensor.shellyplugsg3_8cbfeaa49324_potencia,15.1,2026-05-13T16:24:06.158Z
sensor.shellyplugsg3_8cbfeaa49324_potencia,18.2,2026-05-13T16:24:11.300Z
sensor.shellyplugsg3_8cbfeaa49324_potencia,17.1,2026-05-13T16:24:21.689Z
sensor.shellyplugsg3_8cbfeaa49324_potencia,18.2,2026-05-13T16:24:26.841Z
sensor.shellyplugsg3_8cbfeaa49324_potencia,17.1,2026-05-13T16:24:40.107Z
sensor.shellyplugsg3_8cbfeaa49324_potencia,18.5,2026-05-13T16:24:48.439Z
sensor.shellyplugsg3_8cbfeaa49324_potencia,17.6,2026-05-13T16:24:56.566Z
sensor.shellyplugsg3_8cbfeaa49324_potencia,17.4,2026-05-13T16:25:00.051Z
sensor.shellyplugsg3_8cbfeaa49324_potencia,15.7,2026-05-13T16:25:07.983Z
sensor.shellyplugsg3_8cbfeaa49324_potencia,18.1,2026-05-13T16:25:13.024Z
sensor.shellyplugsg3_8cbfeaa49324_potencia,13.7,2026-05-13T16:25:23.415Z
sensor.shellyplugsg3_8cbfeaa49324_potencia,18.1,2026-05-13T16:25:28.458Z
sensor.shellyplugsg3_8cbfeaa49324_potencia,16.3,2026-05-13T16:25:37.819Z
sensor.shellyplugsg3_8cbfeaa49324_potencia,18.3,2026-05-13T16:25:42.862Z
sensor.shellyplugsg3_8cbfeaa49324_potencia,18.1,2026-05-13T16:25:48.000Z
sensor.shellyplugsg3_8cbfeaa49324_potencia,12.7,2026-05-13T16:25:54.280Z
sensor.shellyplugsg3_8cbfeaa49324_potencia,18.2,2026-05-13T16:25:59.324Z
sensor.shellyplugsg3_8cbfeaa49324_potencia,18.0,2026-05-13T16:26:00.048Z
sensor.shellyplugsg3_8cbfeaa49324_potencia,14.9,2026-05-13T16:26:09.712Z
sensor.shellyplugsg3_8cbfeaa49324_potencia,17.1,2026-05-13T16:26:14.753Z
sensor.shellyplugsg3_8cbfeaa49324_potencia,18.1,2026-05-13T16:26:20.921Z
sensor.shellyplugsg3_8cbfeaa49324_potencia,17.0,2026-05-13T16:26:28.117Z
sensor.shellyplugsg3_8cbfeaa49324_potencia,18.4,2026-05-13T16:26:35.312Z
sensor.shellyplugsg3_8cbfeaa49324_potencia,16.9,2026-05-13T16:26:43.535Z
sensor.shellyplugsg3_8cbfeaa49324_potencia,17.1,2026-05-13T16:26:50.730Z
sensor.shellyplugsg3_8cbfeaa49324_potencia,17.4,2026-05-13T16:26:56.900Z
sensor.shellyplugsg3_8cbfeaa49324_potencia,18.0,2026-05-13T16:27:00.046Z
sensor.shellyplugsg3_8cbfeaa49324_potencia,16.4,2026-05-13T16:27:06.260Z
sensor.shellyplugsg3_8cbfeaa49324_potencia,12.9,2026-05-13T16:27:11.303Z
sensor.shellyplugsg3_8cbfeaa49324_potencia,17.7,2026-05-13T16:27:16.443Z
sensor.shellyplugsg3_8cbfeaa49324_potencia,18.9,2026-05-13T16:27:24.776Z
sensor.shellyplugsg3_8cbfeaa49324_potencia,19.0,2026-05-13T16:27:30.845Z
sensor.shellyplugsg3_8cbfeaa49324_potencia,18.0,2026-05-13T16:27:37.013Z
sensor.shellyplugsg3_8cbfeaa49324_potencia,16.8,2026-05-13T16:27:43.291Z
sensor.shellyplugsg3_8cbfeaa49324_potencia,17.2,2026-05-13T16:27:50.388Z
sensor.shellyplugsg3_8cbfeaa49324_potencia,17.8,2026-05-13T16:27:55.527Z
sensor.shellyplugsg3_8cbfeaa49324_potencia,17.0,2026-05-13T16:28:00.044Z
sensor.shellyplugsg3_8cbfeaa49324_potencia,18.0,2026-05-13T16:28:01.696Z
sensor.shellyplugsg3_8cbfeaa49324_potencia,14.0,2026-05-13T16:28:13.116Z
sensor.shellyplugsg3_8cbfeaa49324_potencia,18.0,2026-05-13T16:28:18.159Z
sensor.shellyplugsg3_8cbfeaa49324_potencia,18.1,2026-05-13T16:28:23.297Z
sensor.shellyplugsg3_8cbfeaa49324_potencia,14.7,2026-05-13T16:28:28.547Z
sensor.shellyplugsg3_8cbfeaa49324_potencia,17.2,2026-05-13T16:28:33.589Z
sensor.shellyplugsg3_8cbfeaa49324_potencia,18.5,2026-05-13T16:28:39.867Z
sensor.shellyplugsg3_8cbfeaa49324_potencia,18.1,2026-05-13T16:28:47.992Z
sensor.shellyplugsg3_8cbfeaa49324_potencia,16.6,2026-05-13T16:28:58.382Z
sensor.shellyplugsg3_8cbfeaa49324_potencia,17.4,2026-05-13T16:29:00.042Z
sensor.shellyplugsg3_8cbfeaa49324_potencia,17.7,2026-05-13T16:29:09.591Z
sensor.shellyplugsg3_8cbfeaa49324_potencia,13.4,2026-05-13T16:29:14.844Z
sensor.shellyplugsg3_8cbfeaa49324_potencia,16.4,2026-05-13T16:29:19.887Z
sensor.shellyplugsg3_8cbfeaa49324_potencia,17.7,2026-05-13T16:29:28.108Z
sensor.shellyplugsg3_8cbfeaa49324_potencia,11.2,2026-05-13T16:29:34.277Z
sensor.shellyplugsg3_8cbfeaa49324_potencia,10.2,2026-05-13T16:29:42.498Z
sensor.shellyplugsg3_8cbfeaa49324_potencia,10.3,2026-05-13T16:30:00.040Z
sensor.shellyplugsg3_8cbfeaa49324_potencia,14.7,2026-05-13T16:30:39.152Z
sensor.shellyplugsg3_8cbfeaa49324_potencia,15.9,2026-05-13T16:30:46.249Z
sensor.shellyplugsg3_8cbfeaa49324_potencia,17.3,2026-05-13T16:30:51.387Z
sensor.shellyplugsg3_8cbfeaa49324_potencia,16.2,2026-05-13T16:30:58.694Z
sensor.shellyplugsg3_8cbfeaa49324_potencia,16.5,2026-05-13T16:31:00.038Z
sensor.shellyplugsg3_8cbfeaa49324_potencia,17.5,2026-05-13T16:31:03.735Z
sensor.shellyplugsg3_8cbfeaa49324_potencia,12.4,2026-05-13T16:31:12.071Z
sensor.shellyplugsg3_8cbfeaa49324_potencia,17.7,2026-05-13T16:31:17.115Z
sensor.shellyplugsg3_8cbfeaa49324_potencia,17.3,2026-05-13T16:31:23.280Z
sensor.shellyplugsg3_8cbfeaa49324_potencia,18.3,2026-05-13T16:31:31.615Z
sensor.shellyplugsg3_8cbfeaa49324_potencia,19.2,2026-05-13T16:31:36.656Z
sensor.shellyplugsg3_8cbfeaa49324_potencia,17.8,2026-05-13T16:31:41.796Z
sensor.shellyplugsg3_8cbfeaa49324_potencia,18.4,2026-05-13T16:31:46.937Z
sensor.shellyplugsg3_8cbfeaa49324_potencia,18.3,2026-05-13T16:31:52.075Z
sensor.shellyplugsg3_8cbfeaa49324_potencia,16.8,2026-05-13T16:32:00.035Z
sensor.shellyplugsg3_8cbfeaa49324_potencia,18.8,2026-05-13T16:32:12.744Z
sensor.shellyplugsg3_8cbfeaa49324_potencia,17.9,2026-05-13T16:32:17.787Z
sensor.shellyplugsg3_8cbfeaa49324_potencia,16.4,2026-05-13T16:32:29.203Z
sensor.shellyplugsg3_8cbfeaa49324_potencia,17.2,2026-05-13T16:32:34.247Z
sensor.shellyplugsg3_8cbfeaa49324_potencia,18.2,2026-05-13T16:32:42.468Z
sensor.shellyplugsg3_8cbfeaa49324_potencia,18.1,2026-05-13T16:32:48.636Z
sensor.shellyplugsg3_8cbfeaa49324_potencia,18.3,2026-05-13T16:32:55.830Z
sensor.shellyplugsg3_8cbfeaa49324_potencia,17.6,2026-05-13T16:33:00.033Z
sensor.shellyplugsg3_8cbfeaa49324_potencia,16.2,2026-05-13T16:33:00.970Z
sensor.shellyplugsg3_8cbfeaa49324_potencia,17.5,2026-05-13T16:33:06.109Z
sensor.shellyplugsg3_8cbfeaa49324_potencia,18.7,2026-05-13T16:33:12.388Z
sensor.shellyplugsg3_8cbfeaa49324_potencia,17.3,2026-05-13T16:33:20.514Z
sensor.shellyplugsg3_8cbfeaa49324_potencia,18.4,2026-05-13T16:33:26.678Z
sensor.shellyplugsg3_8cbfeaa49324_potencia,17.1,2026-05-13T16:33:34.904Z
sensor.shellyplugsg3_8cbfeaa49324_potencia,18.3,2026-05-13T16:33:40.151Z
sensor.shellyplugsg3_8cbfeaa49324_potencia,16.3,2026-05-13T16:33:48.387Z
sensor.shellyplugsg3_8cbfeaa49324_potencia,18.2,2026-05-13T16:33:56.512Z
sensor.shellyplugsg3_8cbfeaa49324_potencia,15.6,2026-05-13T16:34:02.789Z
sensor.shellyplugsg3_8cbfeaa49324_potencia,17.3,2026-05-13T16:34:07.833Z
sensor.shellyplugsg3_8cbfeaa49324_potencia,13.5,2026-05-13T16:34:19.251Z
sensor.shellyplugsg3_8cbfeaa49324_potencia,17.3,2026-05-13T16:34:24.294Z
sensor.shellyplugsg3_8cbfeaa49324_potencia,13.3,2026-05-13T16:34:34.683Z
sensor.shellyplugsg3_8cbfeaa49324_potencia,16.3,2026-05-13T16:34:39.726Z
sensor.shellyplugsg3_8cbfeaa49324_potencia,18.3,2026-05-13T16:34:45.891Z
sensor.shellyplugsg3_8cbfeaa49324_potencia,17.3,2026-05-13T16:34:54.117Z
sensor.shellyplugsg3_8cbfeaa49324_potencia,17.5,2026-05-13T16:35:00.283Z
sensor.shellyplugsg3_8cbfeaa49324_potencia,16.2,2026-05-13T16:35:06.561Z
sensor.shellyplugsg3_8cbfeaa49324_potencia,17.7,2026-05-13T16:35:13.659Z
sensor.shellyplugsg3_8cbfeaa49324_potencia,18.9,2026-05-13T16:35:19.936Z
sensor.shellyplugsg3_8cbfeaa49324_potencia,17.9,2026-05-13T16:35:26.007Z
sensor.shellyplugsg3_8cbfeaa49324_potencia,15.4,2026-05-13T16:35:37.424Z
sensor.shellyplugsg3_8cbfeaa49324_potencia,17.6,2026-05-13T16:35:43.498Z
sensor.shellyplugsg3_8cbfeaa49324_potencia,17.5,2026-05-13T16:35:48.632Z
sensor.shellyplugsg3_8cbfeaa49324_potencia,17.8,2026-05-13T16:35:56.855Z
sensor.shellyplugsg3_8cbfeaa49324_potencia,18.4,2026-05-13T16:36:00.027Z
sensor.shellyplugsg3_8cbfeaa49324_potencia,17.8,2026-05-13T16:36:01.995Z
sensor.shellyplugsg3_8cbfeaa49324_potencia,15.8,2026-05-13T16:36:08.274Z
sensor.shellyplugsg3_8cbfeaa49324_potencia,17.3,2026-05-13T16:36:13.315Z
sensor.shellyplugsg3_8cbfeaa49324_potencia,18.4,2026-05-13T16:36:20.510Z
sensor.shellyplugsg3_8cbfeaa49324_potencia,17.1,2026-05-13T16:36:27.709Z
sensor.shellyplugsg3_8cbfeaa49324_potencia,17.0,2026-05-13T16:36:41.068Z
sensor.shellyplugsg3_8cbfeaa49324_potencia,18.0,2026-05-13T16:36:49.290Z
sensor.shellyplugsg3_8cbfeaa49324_potencia,16.5,2026-05-13T16:36:54.542Z
sensor.shellyplugsg3_8cbfeaa49324_potencia,16.8,2026-05-13T16:36:59.585Z
sensor.shellyplugsg3_8cbfeaa49324_potencia,17.5,2026-05-13T16:37:00.023Z
sensor.shellyplugsg3_8cbfeaa49324_potencia,17.8,2026-05-13T16:37:05.751Z
sensor.shellyplugsg3_8cbfeaa49324_potencia,14.7,2026-05-13T16:37:11.001Z
sensor.shellyplugsg3_8cbfeaa49324_potencia,18.1,2026-05-13T16:37:17.071Z
sensor.shellyplugsg3_8cbfeaa49324_potencia,16.6,2026-05-13T16:37:23.349Z
sensor.shellyplugsg3_8cbfeaa49324_potencia,16.9,2026-05-13T16:37:29.428Z
sensor.shellyplugsg3_8cbfeaa49324_potencia,18.6,2026-05-13T16:37:34.559Z
sensor.shellyplugsg3_8cbfeaa49324_potencia,17.2,2026-05-13T16:37:40.726Z
sensor.shellyplugsg3_8cbfeaa49324_potencia,17.3,2026-05-13T16:37:45.868Z
sensor.shellyplugsg3_8cbfeaa49324_potencia,18.5,2026-05-13T16:37:52.035Z
sensor.shellyplugsg3_8cbfeaa49324_potencia,16.0,2026-05-13T16:37:57.285Z
sensor.shellyplugsg3_8cbfeaa49324_potencia,16.8,2026-05-13T16:38:00.021Z
sensor.shellyplugsg3_8cbfeaa49324_potencia,17.2,2026-05-13T16:38:02.379Z
sensor.shellyplugsg3_8cbfeaa49324_potencia,17.4,2026-05-13T16:38:08.494Z
sensor.shellyplugsg3_8cbfeaa49324_potencia,16.2,2026-05-13T16:38:13.634Z
sensor.shellyplugsg3_8cbfeaa49324_potencia,17.8,2026-05-13T16:38:18.774Z
sensor.shellyplugsg3_8cbfeaa49324_potencia,15.7,2026-05-13T16:38:28.135Z
sensor.shellyplugsg3_8cbfeaa49324_potencia,17.1,2026-05-13T16:38:33.179Z
sensor.shellyplugsg3_8cbfeaa49324_potencia,17.3,2026-05-13T16:38:38.318Z
sensor.shellyplugsg3_8cbfeaa49324_potencia,15.7,2026-05-13T16:39:00.019Z
sensor.shellyplugsg3_8cbfeaa49324_potencia,17.2,2026-05-13T16:39:05.070Z
sensor.shellyplugsg3_8cbfeaa49324_potencia,15.3,2026-05-13T16:39:31.902Z
sensor.shellyplugsg3_8cbfeaa49324_potencia,17.2,2026-05-13T16:39:36.945Z
sensor.shellyplugsg3_8cbfeaa49324_potencia,16.7,2026-05-13T16:39:52.363Z
sensor.shellyplugsg3_8cbfeaa49324_potencia,18.2,2026-05-13T16:39:57.502Z
sensor.shellyplugsg3_8cbfeaa49324_potencia,15.8,2026-05-13T16:40:03.779Z
sensor.shellyplugsg3_8cbfeaa49324_potencia,17.0,2026-05-13T16:40:08.820Z
sensor.shellyplugsg3_8cbfeaa49324_potencia,18.1,2026-05-13T16:40:17.042Z
sensor.shellyplugsg3_8cbfeaa49324_potencia,16.2,2026-05-13T16:40:23.211Z
sensor.shellyplugsg3_8cbfeaa49324_potencia,18.5,2026-05-13T16:40:29.378Z
sensor.shellyplugsg3_8cbfeaa49324_potencia,16.7,2026-05-13T16:40:37.601Z
sensor.shellyplugsg3_8cbfeaa49324_potencia,17.8,2026-05-13T16:40:45.824Z
sensor.shellyplugsg3_8cbfeaa49324_potencia,17.7,2026-05-13T16:40:54.046Z
sensor.shellyplugsg3_8cbfeaa49324_potencia,17.8,2026-05-13T16:41:00.015Z
sensor.shellyplugsg3_8cbfeaa49324_potencia,14.8,2026-05-13T16:41:05.465Z
sensor.shellyplugsg3_8cbfeaa49324_potencia,10.9,2026-05-13T16:41:10.508Z
sensor.shellyplugsg3_8cbfeaa49324_potencia,10.0,2026-05-13T16:42:00.013Z
sensor.shellyplugsg3_8cbfeaa49324_potencia,14.4,2026-05-13T16:42:10.231Z
sensor.shellyplugsg3_8cbfeaa49324_potencia,16.2,2026-05-13T16:42:16.301Z
sensor.shellyplugsg3_8cbfeaa49324_potencia,17.5,2026-05-13T16:42:26.579Z
sensor.shellyplugsg3_8cbfeaa49324_potencia,17.4,2026-05-13T16:42:34.802Z
sensor.shellyplugsg3_8cbfeaa49324_potencia,17.5,2026-05-13T16:42:40.969Z
sensor.shellyplugsg3_8cbfeaa49324_potencia,16.7,2026-05-13T16:42:47.139Z
sensor.shellyplugsg3_8cbfeaa49324_potencia,17.7,2026-05-13T16:42:52.277Z
sensor.shellyplugsg3_8cbfeaa49324_potencia,17.9,2026-05-13T16:42:58.444Z
sensor.shellyplugsg3_8cbfeaa49324_potencia,17.2,2026-05-13T16:43:00.010Z
sensor.shellyplugsg3_8cbfeaa49324_potencia,18.6,2026-05-13T16:43:03.585Z
sensor.shellyplugsg3_8cbfeaa49324_potencia,17.8,2026-05-13T16:43:08.723Z
sensor.shellyplugsg3_8cbfeaa49324_potencia,16.6,2026-05-13T16:43:13.978Z
sensor.shellyplugsg3_8cbfeaa49324_potencia,18.4,2026-05-13T16:43:26.211Z
sensor.shellyplugsg3_8cbfeaa49324_potencia,17.3,2026-05-13T16:43:34.436Z
sensor.shellyplugsg3_8cbfeaa49324_potencia,13.3,2026-05-13T16:43:46.882Z
sensor.shellyplugsg3_8cbfeaa49324_potencia,17.1,2026-05-13T16:43:51.924Z
sensor.shellyplugsg3_8cbfeaa49324_potencia,17.5,2026-05-13T16:44:00.008Z
sensor.shellyplugsg3_8cbfeaa49324_potencia,18.2,2026-05-13T16:44:00.145Z
sensor.shellyplugsg3_8cbfeaa49324_potencia,16.6,2026-05-13T16:44:05.286Z
sensor.shellyplugsg3_8cbfeaa49324_potencia,18.2,2026-05-13T16:44:10.424Z
sensor.shellyplugsg3_8cbfeaa49324_potencia,16.6,2026-05-13T16:44:18.759Z
sensor.shellyplugsg3_8cbfeaa49324_potencia,17.9,2026-05-13T16:44:23.911Z
sensor.shellyplugsg3_8cbfeaa49324_potencia,15.8,2026-05-13T16:44:33.176Z
sensor.shellyplugsg3_8cbfeaa49324_potencia,18.6,2026-05-13T16:44:38.219Z
sensor.shellyplugsg3_8cbfeaa49324_potencia,18.3,2026-05-13T16:44:43.357Z
sensor.shellyplugsg3_8cbfeaa49324_potencia,17.1,2026-05-13T16:44:48.607Z
sensor.shellyplugsg3_8cbfeaa49324_potencia,17.4,2026-05-13T16:44:53.650Z
sensor.shellyplugsg3_8cbfeaa49324_potencia,18.1,2026-05-13T16:45:00.006Z
sensor.shellyplugsg3_8cbfeaa49324_potencia,18.4,2026-05-13T16:45:01.871Z
sensor.shellyplugsg3_8cbfeaa49324_potencia,17.0,2026-05-13T16:45:08.039Z
sensor.shellyplugsg3_8cbfeaa49324_potencia,17.4,2026-05-13T16:45:16.262Z
sensor.shellyplugsg3_8cbfeaa49324_potencia,14.5,2026-05-13T16:45:21.403Z
sensor.shellyplugsg3_8cbfeaa49324_potencia,19.0,2026-05-13T16:45:26.544Z
sensor.shellyplugsg3_8cbfeaa49324_potencia,17.5,2026-05-13T16:45:34.764Z
sensor.shellyplugsg3_8cbfeaa49324_potencia,18.5,2026-05-13T16:45:40.934Z
sensor.shellyplugsg3_8cbfeaa49324_potencia,17.5,2026-05-13T16:45:46.182Z
sensor.shellyplugsg3_8cbfeaa49324_potencia,14.1,2026-05-13T16:45:52.363Z
sensor.shellyplugsg3_8cbfeaa49324_potencia,16.8,2026-05-13T16:45:57.404Z
sensor.shellyplugsg3_8cbfeaa49324_potencia,17.8,2026-05-13T16:46:00.004Z
sensor.shellyplugsg3_8cbfeaa49324_potencia,16.6,2026-05-13T16:46:02.543Z
sensor.shellyplugsg3_8cbfeaa49324_potencia,18.1,2026-05-13T16:46:12.825Z
sensor.shellyplugsg3_8cbfeaa49324_potencia,14.2,2026-05-13T16:46:24.243Z
sensor.shellyplugsg3_8cbfeaa49324_potencia,18.2,2026-05-13T16:46:29.286Z
sensor.shellyplugsg3_8cbfeaa49324_potencia,16.9,2026-05-13T16:46:41.621Z
sensor.shellyplugsg3_8cbfeaa49324_potencia,17.9,2026-05-13T16:47:00.002Z
sensor.shellyplugsg3_8cbfeaa49324_potencia,18.2,2026-05-13T16:47:06.398Z
sensor.shellyplugsg3_8cbfeaa49324_potencia,16.8,2026-05-13T16:47:11.439Z
sensor.shellyplugsg3_8cbfeaa49324_potencia,17.2,2026-05-13T16:47:16.581Z
sensor.shellyplugsg3_8cbfeaa49324_potencia,18.6,2026-05-13T16:47:22.858Z
sensor.shellyplugsg3_8cbfeaa49324_potencia,16.3,2026-05-13T16:47:28.928Z
sensor.shellyplugsg3_8cbfeaa49324_potencia,17.5,2026-05-13T16:47:34.067Z
sensor.shellyplugsg3_8cbfeaa49324_potencia,18.6,2026-05-13T16:47:40.235Z
sensor.shellyplugsg3_8cbfeaa49324_potencia,17.1,2026-05-13T16:47:47.432Z
sensor.shellyplugsg3_8cbfeaa49324_potencia,18.0,2026-05-13T16:47:52.570Z
sensor.shellyplugsg3_8cbfeaa49324_potencia,15.3,2026-05-13T16:47:58.849Z
sensor.shellyplugsg3_8cbfeaa49324_potencia,16.9,2026-05-13T16:48:00.000Z
sensor.shellyplugsg3_8cbfeaa49324_potencia,18.1,2026-05-13T16:48:04.918Z
sensor.shellyplugsg3_8cbfeaa49324_potencia,16.9,2026-05-13T16:48:15.308Z
sensor.shellyplugsg3_8cbfeaa49324_potencia,18.1,2026-05-13T16:48:23.433Z
sensor.shellyplugsg3_8cbfeaa49324_potencia,16.2,2026-05-13T16:48:29.712Z
sensor.shellyplugsg3_8cbfeaa49324_potencia,17.1,2026-05-13T16:48:34.756Z
sensor.shellyplugsg3_8cbfeaa49324_potencia,18.0,2026-05-13T16:48:40.921Z
sensor.shellyplugsg3_8cbfeaa49324_potencia,14.4,2026-05-13T16:48:46.174Z
sensor.shellyplugsg3_8cbfeaa49324_potencia,17.7,2026-05-13T16:48:51.218Z
sensor.shellyplugsg3_8cbfeaa49324_potencia,18.2,2026-05-13T16:48:59.997Z
sensor.shellyplugsg3_8cbfeaa49324_potencia,13.2,2026-05-13T16:49:01.607Z
sensor.shellyplugsg3_8cbfeaa49324_potencia,18.3,2026-05-13T16:49:06.651Z
sensor.shellyplugsg3_8cbfeaa49324_potencia,18.4,2026-05-13T16:49:12.816Z
sensor.shellyplugsg3_8cbfeaa49324_potencia,18.1,2026-05-13T16:49:21.039Z
sensor.shellyplugsg3_8cbfeaa49324_potencia,13.6,2026-05-13T16:49:33.488Z
sensor.shellyplugsg3_8cbfeaa49324_potencia,18.3,2026-05-13T16:49:38.531Z
sensor.shellyplugsg3_8cbfeaa49324_potencia,14.2,2026-05-13T16:49:48.918Z
sensor.shellyplugsg3_8cbfeaa49324_potencia,18.2,2026-05-13T16:49:53.960Z
sensor.shellyplugsg3_8cbfeaa49324_potencia,17.9,2026-05-13T16:49:59.995Z
sensor.shellyplugsg3_8cbfeaa49324_potencia,13.6,2026-05-13T16:50:04.353Z
sensor.shellyplugsg3_8cbfeaa49324_potencia,17.2,2026-05-13T16:50:09.396Z
sensor.shellyplugsg3_8cbfeaa49324_potencia,18.3,2026-05-13T16:50:17.728Z
sensor.shellyplugsg3_8cbfeaa49324_potencia,16.6,2026-05-13T16:50:24.825Z
sensor.shellyplugsg3_8cbfeaa49324_potencia,17.8,2026-05-13T16:50:29.964Z
sensor.shellyplugsg3_8cbfeaa49324_potencia,13.9,2026-05-13T16:50:36.244Z
sensor.shellyplugsg3_8cbfeaa49324_potencia,16.8,2026-05-13T16:50:41.287Z
sensor.shellyplugsg3_8cbfeaa49324_potencia,16.9,2026-05-13T16:50:47.453Z
sensor.shellyplugsg3_8cbfeaa49324_potencia,16.5,2026-05-13T16:50:54.648Z
sensor.shellyplugsg3_8cbfeaa49324_potencia,17.7,2026-05-13T16:50:59.788Z
sensor.shellyplugsg3_8cbfeaa49324_potencia,17.9,2026-05-13T16:50:59.993Z
sensor.shellyplugsg3_8cbfeaa49324_potencia,16.5,2026-05-13T16:51:07.094Z
sensor.shellyplugsg3_8cbfeaa49324_potencia,17.9,2026-05-13T16:51:12.135Z
sensor.shellyplugsg3_8cbfeaa49324_potencia,16.8,2026-05-13T16:51:18.414Z
sensor.shellyplugsg3_8cbfeaa49324_potencia,15.8,2026-05-13T16:51:24.483Z
sensor.shellyplugsg3_8cbfeaa49324_potencia,17.3,2026-05-13T16:51:29.623Z
sensor.shellyplugsg3_8cbfeaa49324_potencia,17.1,2026-05-13T16:51:34.763Z
sensor.shellyplugsg3_8cbfeaa49324_potencia,18.4,2026-05-13T16:51:46.182Z
sensor.shellyplugsg3_8cbfeaa49324_potencia,13.8,2026-05-13T16:51:54.419Z
sensor.shellyplugsg3_8cbfeaa49324_potencia,17.8,2026-05-13T16:52:00.060Z
sensor.shellyplugsg3_8cbfeaa49324_potencia,17.0,2026-05-13T16:52:00.490Z
sensor.shellyplugsg3_8cbfeaa49324_potencia,17.6,2026-05-13T16:52:05.628Z
sensor.shellyplugsg3_8cbfeaa49324_potencia,12.8,2026-05-13T16:52:10.881Z
sensor.shellyplugsg3_8cbfeaa49324_potencia,16.8,2026-05-13T16:52:15.924Z
sensor.shellyplugsg3_8cbfeaa49324_potencia,18.3,2026-05-13T16:52:24.144Z
sensor.shellyplugsg3_8cbfeaa49324_potencia,16.7,2026-05-13T16:52:30.314Z
sensor.shellyplugsg3_8cbfeaa49324_potencia,16.9,2026-05-13T16:52:36.480Z
sensor.shellyplugsg3_8cbfeaa49324_potencia,11.2,2026-05-13T16:52:44.705Z
sensor.shellyplugsg3_8cbfeaa49324_potencia,10.1,2026-05-13T16:52:58.066Z
sensor.shellyplugsg3_8cbfeaa49324_potencia,10.4,2026-05-13T16:53:00.058Z
sensor.shellyplugsg3_8cbfeaa49324_potencia,11.3,2026-05-13T16:53:46.484Z
sensor.shellyplugsg3_8cbfeaa49324_potencia,16.7,2026-05-13T16:53:51.527Z
sensor.shellyplugsg3_8cbfeaa49324_potencia,17.1,2026-05-13T16:54:00.056Z
sensor.shellyplugsg3_8cbfeaa49324_potencia,17.7,2026-05-13T16:54:01.916Z
sensor.shellyplugsg3_8cbfeaa49324_potencia,16.5,2026-05-13T16:54:09.013Z
sensor.shellyplugsg3_8cbfeaa49324_potencia,17.5,2026-05-13T16:54:15.184Z
sensor.shellyplugsg3_8cbfeaa49324_potencia,14.2,2026-05-13T16:54:20.324Z
sensor.shellyplugsg3_8cbfeaa49324_potencia,16.9,2026-05-13T16:54:26.492Z
sensor.shellyplugsg3_8cbfeaa49324_potencia,17.9,2026-05-13T16:54:34.714Z
sensor.shellyplugsg3_8cbfeaa49324_potencia,17.3,2026-05-13T16:54:40.883Z
sensor.shellyplugsg3_8cbfeaa49324_potencia,14.5,2026-05-13T16:54:53.329Z
sensor.shellyplugsg3_8cbfeaa49324_potencia,16.8,2026-05-13T16:54:58.372Z
sensor.shellyplugsg3_8cbfeaa49324_potencia,17.9,2026-05-13T16:55:00.054Z
sensor.shellyplugsg3_8cbfeaa49324_potencia,16.9,2026-05-13T16:55:12.761Z
sensor.shellyplugsg3_8cbfeaa49324_potencia,18.3,2026-05-13T16:55:18.928Z
sensor.shellyplugsg3_8cbfeaa49324_potencia,12.6,2026-05-13T16:55:25.208Z
sensor.shellyplugsg3_8cbfeaa49324_potencia,17.0,2026-05-13T16:55:30.251Z
sensor.shellyplugsg3_8cbfeaa49324_potencia,17.2,2026-05-13T16:55:36.416Z
sensor.shellyplugsg3_8cbfeaa49324_potencia,13.1,2026-05-13T16:55:41.670Z
sensor.shellyplugsg3_8cbfeaa49324_potencia,17.5,2026-05-13T16:55:46.713Z
sensor.shellyplugsg3_8cbfeaa49324_potencia,16.5,2026-05-13T16:55:54.018Z
sensor.shellyplugsg3_8cbfeaa49324_potencia,16.9,2026-05-13T16:56:01.117Z
sensor.shellyplugsg3_8cbfeaa49324_potencia,18.3,2026-05-13T16:56:06.254Z
sensor.shellyplugsg3_8cbfeaa49324_potencia,14.2,2026-05-13T16:56:13.561Z
sensor.shellyplugsg3_8cbfeaa49324_potencia,18.6,2026-05-13T16:56:18.605Z
sensor.shellyplugsg3_8cbfeaa49324_potencia,17.5,2026-05-13T16:56:25.798Z
sensor.shellyplugsg3_8cbfeaa49324_potencia,17.1,2026-05-13T16:56:30.938Z
sensor.shellyplugsg3_8cbfeaa49324_potencia,18.3,2026-05-13T16:56:39.271Z
sensor.shellyplugsg3_8cbfeaa49324_potencia,12.4,2026-05-13T16:56:45.454Z
sensor.shellyplugsg3_8cbfeaa49324_potencia,16.8,2026-05-13T16:56:50.497Z
sensor.shellyplugsg3_8cbfeaa49324_potencia,17.1,2026-05-13T16:56:55.635Z
sensor.shellyplugsg3_8cbfeaa49324_potencia,16.7,2026-05-13T16:57:00.050Z
sensor.shellyplugsg3_8cbfeaa49324_potencia,17.1,2026-05-13T16:57:11.056Z
sensor.shellyplugsg3_8cbfeaa49324_potencia,18.2,2026-05-13T16:57:16.306Z
sensor.shellyplugsg3_8cbfeaa49324_potencia,16.4,2026-05-13T16:57:21.348Z
sensor.shellyplugsg3_8cbfeaa49324_potencia,18.2,2026-05-13T16:57:26.486Z
sensor.shellyplugsg3_8cbfeaa49324_potencia,17.0,2026-05-13T16:57:32.654Z
sensor.shellyplugsg3_8cbfeaa49324_potencia,16.3,2026-05-13T16:57:37.796Z
sensor.shellyplugsg3_8cbfeaa49324_potencia,17.1,2026-05-13T16:57:46.018Z
sensor.shellyplugsg3_8cbfeaa49324_potencia,17.2,2026-05-13T16:57:54.243Z
sensor.shellyplugsg3_8cbfeaa49324_potencia,18.0,2026-05-13T16:58:00.047Z
sensor.shellyplugsg3_8cbfeaa49324_potencia,18.4,2026-05-13T16:58:03.604Z
sensor.shellyplugsg3_8cbfeaa49324_potencia,17.4,2026-05-13T16:58:10.703Z
sensor.shellyplugsg3_8cbfeaa49324_potencia,18.5,2026-05-13T16:58:21.091Z
sensor.shellyplugsg3_8cbfeaa49324_potencia,17.1,2026-05-13T16:58:27.162Z
sensor.shellyplugsg3_8cbfeaa49324_potencia,17.8,2026-05-13T16:58:32.301Z
sensor.shellyplugsg3_8cbfeaa49324_potencia,13.6,2026-05-13T16:58:38.582Z
sensor.shellyplugsg3_8cbfeaa49324_potencia,17.3,2026-05-13T16:58:43.627Z
sensor.shellyplugsg3_8cbfeaa49324_potencia,17.2,2026-05-13T16:58:50.818Z
sensor.shellyplugsg3_8cbfeaa49324_potencia,18.8,2026-05-13T16:58:59.043Z
sensor.shellyplugsg3_8cbfeaa49324_potencia,18.5,2026-05-13T16:59:00.045Z
sensor.shellyplugsg3_8cbfeaa49324_potencia,17.3,2026-05-13T16:59:04.293Z
sensor.shellyplugsg3_8cbfeaa49324_potencia,17.2,2026-05-13T16:59:11.392Z
sensor.shellyplugsg3_8cbfeaa49324_potencia,18.4,2026-05-13T16:59:17.670Z
sensor.shellyplugsg3_8cbfeaa49324_potencia,18.2,2026-05-13T16:59:23.739Z
sensor.shellyplugsg3_8cbfeaa49324_potencia,17.3,2026-05-13T16:59:29.908Z
sensor.shellyplugsg3_8cbfeaa49324_potencia,18.4,2026-05-13T16:59:37.101Z
sensor.shellyplugsg3_8cbfeaa49324_potencia,13.5,2026-05-13T16:59:42.354Z
sensor.shellyplugsg3_8cbfeaa49324_potencia,17.5,2026-05-13T16:59:47.397Z
sensor.shellyplugsg3_8cbfeaa49324_potencia,17.4,2026-05-13T16:59:53.563Z
sensor.shellyplugsg3_8cbfeaa49324_potencia,18.1,2026-05-13T16:59:58.704Z
sensor.shellyplugsg3_8cbfeaa49324_potencia,16.7,2026-05-13T17:00:00.043Z
sensor.shellyplugsg3_8cbfeaa49324_potencia,17.2,2026-05-13T17:00:13.092Z
sensor.shellyplugsg3_8cbfeaa49324_potencia,16.5,2026-05-13T17:00:18.233Z
sensor.shellyplugsg3_8cbfeaa49324_potencia,17.9,2026-05-13T17:00:23.371Z
sensor.shellyplugsg3_8cbfeaa49324_potencia,15.0,2026-05-13T17:00:29.650Z
sensor.shellyplugsg3_8cbfeaa49324_potencia,18.2,2026-05-13T17:00:35.719Z
sensor.shellyplugsg3_8cbfeaa49324_potencia,13.6,2026-05-13T17:00:46.110Z
sensor.shellyplugsg3_8cbfeaa49324_potencia,18.1,2026-05-13T17:00:51.153Z
sensor.shellyplugsg3_8cbfeaa49324_potencia,18.3,2026-05-13T17:01:00.041Z
sensor.shellyplugsg3_8cbfeaa49324_potencia,13.8,2026-05-13T17:01:01.543Z
sensor.shellyplugsg3_8cbfeaa49324_potencia,17.1,2026-05-13T17:01:06.586Z
sensor.shellyplugsg3_8cbfeaa49324_potencia,18.4,2026-05-13T17:01:12.751Z
sensor.shellyplugsg3_8cbfeaa49324_potencia,17.5,2026-05-13T17:01:20.975Z
sensor.shellyplugsg3_8cbfeaa49324_potencia,18.8,2026-05-13T17:01:31.362Z
sensor.shellyplugsg3_8cbfeaa49324_potencia,17.8,2026-05-13T17:01:37.431Z
sensor.shellyplugsg3_8cbfeaa49324_potencia,13.4,2026-05-13T17:01:48.850Z
sensor.shellyplugsg3_8cbfeaa49324_potencia,17.8,2026-05-13T17:01:53.894Z
sensor.shellyplugsg3_8cbfeaa49324_potencia,16.5,2026-05-13T17:02:00.040Z
sensor.shellyplugsg3_8cbfeaa49324_potencia,17.6,2026-05-13T17:02:04.171Z
sensor.shellyplugsg3_8cbfeaa49324_potencia,16.9,2026-05-13T17:02:09.310Z
sensor.shellyplugsg3_8cbfeaa49324_potencia,18.0,2026-05-13T17:02:16.506Z
sensor.shellyplugsg3_8cbfeaa49324_potencia,17.2,2026-05-13T17:02:24.728Z
sensor.shellyplugsg3_8cbfeaa49324_potencia,18.3,2026-05-13T17:02:31.923Z
sensor.shellyplugsg3_8cbfeaa49324_potencia,17.2,2026-05-13T17:02:40.148Z
sensor.shellyplugsg3_8cbfeaa49324_potencia,18.4,2026-05-13T17:02:45.398Z
sensor.shellyplugsg3_8cbfeaa49324_potencia,17.3,2026-05-13T17:02:52.495Z
sensor.shellyplugsg3_8cbfeaa49324_potencia,17.2,2026-05-13T17:02:57.636Z
sensor.shellyplugsg3_8cbfeaa49324_potencia,17.7,2026-05-13T17:03:00.038Z
sensor.shellyplugsg3_8cbfeaa49324_potencia,18.8,2026-05-13T17:03:02.885Z
sensor.shellyplugsg3_8cbfeaa49324_potencia,17.7,2026-05-13T17:03:07.926Z
sensor.shellyplugsg3_8cbfeaa49324_potencia,17.9,2026-05-13T17:03:13.067Z
sensor.shellyplugsg3_8cbfeaa49324_potencia,16.7,2026-05-13T17:03:18.317Z
sensor.shellyplugsg3_8cbfeaa49324_potencia,17.8,2026-05-13T17:03:23.358Z
sensor.shellyplugsg3_8cbfeaa49324_potencia,16.8,2026-05-13T17:03:29.526Z
sensor.shellyplugsg3_8cbfeaa49324_potencia,18.5,2026-05-13T17:03:35.693Z
sensor.shellyplugsg3_8cbfeaa49324_potencia,16.1,2026-05-13T17:03:42.890Z
sensor.shellyplugsg3_8cbfeaa49324_potencia,18.7,2026-05-13T17:03:48.028Z
sensor.shellyplugsg3_8cbfeaa49324_potencia,17.7,2026-05-13T17:03:53.168Z
sensor.shellyplugsg3_8cbfeaa49324_potencia,16.5,2026-05-13T17:04:00.034Z
sensor.shellyplugsg3_8cbfeaa49324_potencia,16.8,2026-05-13T17:04:01.390Z
sensor.shellyplugsg3_8cbfeaa49324_potencia,16.9,2026-05-13T17:04:06.530Z
sensor.shellyplugsg3_8cbfeaa49324_potencia,16.5,2026-05-13T17:04:13.729Z
sensor.shellyplugsg3_8cbfeaa49324_potencia,17.6,2026-05-13T17:04:21.950Z
sensor.shellyplugsg3_8cbfeaa49324_potencia,13.1,2026-05-13T17:04:29.257Z
sensor.shellyplugsg3_8cbfeaa49324_potencia,11.0,2026-05-13T17:04:35.328Z
sensor.shellyplugsg3_8cbfeaa49324_potencia,10.1,2026-05-13T17:05:00.032Z
sensor.shellyplugsg3_8cbfeaa49324_potencia,10.0,2026-05-13T17:05:10.381Z
sensor.shellyplugsg3_8cbfeaa49324_potencia,10.1,2026-05-13T17:05:17.478Z
sensor.shellyplugsg3_8cbfeaa49324_potencia,11.1,2026-05-13T17:05:30.952Z
sensor.shellyplugsg3_8cbfeaa49324_potencia,10.1,2026-05-13T17:05:35.994Z
sensor.shellyplugsg3_8cbfeaa49324_potencia,15.4,2026-05-13T17:05:42.162Z
sensor.shellyplugsg3_8cbfeaa49324_potencia,18.1,2026-05-13T17:05:48.329Z
sensor.shellyplugsg3_8cbfeaa49324_potencia,17.1,2026-05-13T17:05:54.496Z
sensor.shellyplugsg3_8cbfeaa49324_potencia,17.4,2026-05-13T17:06:00.030Z
sensor.shellyplugsg3_8cbfeaa49324_potencia,18.1,2026-05-13T17:06:05.803Z
sensor.shellyplugsg3_8cbfeaa49324_potencia,16.8,2026-05-13T17:06:10.943Z
sensor.shellyplugsg3_8cbfeaa49324_potencia,17.5,2026-05-13T17:06:17.112Z
sensor.shellyplugsg3_8cbfeaa49324_potencia,14.2,2026-05-13T17:06:29.556Z
sensor.shellyplugsg3_8cbfeaa49324_potencia,16.8,2026-05-13T17:06:34.597Z
sensor.shellyplugsg3_8cbfeaa49324_potencia,17.9,2026-05-13T17:06:39.737Z
sensor.shellyplugsg3_8cbfeaa49324_potencia,15.7,2026-05-13T17:06:46.015Z
sensor.shellyplugsg3_8cbfeaa49324_potencia,16.6,2026-05-13T17:06:51.057Z
sensor.shellyplugsg3_8cbfeaa49324_potencia,18.7,2026-05-13T17:06:58.251Z
sensor.shellyplugsg3_8cbfeaa49324_potencia,18.2,2026-05-13T17:07:00.028Z
sensor.shellyplugsg3_8cbfeaa49324_potencia,17.5,2026-05-13T17:07:03.391Z
sensor.shellyplugsg3_8cbfeaa49324_potencia,16.5,2026-05-13T17:07:08.642Z
sensor.shellyplugsg3_8cbfeaa49324_potencia,18.0,2026-05-13T17:07:15.739Z
sensor.shellyplugsg3_8cbfeaa49324_potencia,18.4,2026-05-13T17:07:21.908Z
sensor.shellyplugsg3_8cbfeaa49324_potencia,18.1,2026-05-13T17:07:29.102Z
sensor.shellyplugsg3_8cbfeaa49324_potencia,17.3,2026-05-13T17:07:37.327Z
sensor.shellyplugsg3_8cbfeaa49324_potencia,17.5,2026-05-13T17:07:43.494Z
sensor.shellyplugsg3_8cbfeaa49324_potencia,13.9,2026-05-13T17:07:49.773Z
sensor.shellyplugsg3_8cbfeaa49324_potencia,18.4,2026-05-13T17:07:54.813Z
sensor.shellyplugsg3_8cbfeaa49324_potencia,17.6,2026-05-13T17:08:00.026Z
sensor.shellyplugsg3_8cbfeaa49324_potencia,17.3,2026-05-13T17:08:04.175Z
sensor.shellyplugsg3_8cbfeaa49324_potencia,16.9,2026-05-13T17:08:10.246Z
sensor.shellyplugsg3_8cbfeaa49324_potencia,16.6,2026-05-13T17:08:15.384Z
sensor.shellyplugsg3_8cbfeaa49324_potencia,17.5,2026-05-13T17:08:20.524Z
sensor.shellyplugsg3_8cbfeaa49324_potencia,18.5,2026-05-13T17:08:26.742Z
sensor.shellyplugsg3_8cbfeaa49324_potencia,17.8,2026-05-13T17:08:31.831Z
sensor.shellyplugsg3_8cbfeaa49324_potencia,18.0,2026-05-13T17:08:36.971Z
sensor.shellyplugsg3_8cbfeaa49324_potencia,17.9,2026-05-13T17:08:42.112Z
sensor.shellyplugsg3_8cbfeaa49324_potencia,13.0,2026-05-13T17:08:54.559Z
sensor.shellyplugsg3_8cbfeaa49324_potencia,16.9,2026-05-13T17:08:59.602Z
sensor.shellyplugsg3_8cbfeaa49324_potencia,17.9,2026-05-13T17:09:00.023Z
sensor.shellyplugsg3_8cbfeaa49324_potencia,16.8,2026-05-13T17:09:04.740Z
sensor.shellyplugsg3_8cbfeaa49324_potencia,17.2,2026-05-13T17:09:09.880Z
sensor.shellyplugsg3_8cbfeaa49324_potencia,16.9,2026-05-13T17:09:15.021Z
sensor.shellyplugsg3_8cbfeaa49324_potencia,17.4,2026-05-13T17:09:20.158Z
sensor.shellyplugsg3_8cbfeaa49324_potencia,17.3,2026-05-13T17:09:25.298Z
sensor.shellyplugsg3_8cbfeaa49324_potencia,18.5,2026-05-13T17:09:31.576Z
sensor.shellyplugsg3_8cbfeaa49324_potencia,16.8,2026-05-13T17:09:46.897Z
sensor.shellyplugsg3_8cbfeaa49324_potencia,18.4,2026-05-13T17:09:52.038Z
sensor.shellyplugsg3_8cbfeaa49324_potencia,19.4,2026-05-13T17:09:58.314Z
sensor.shellyplugsg3_8cbfeaa49324_potencia,16.9,2026-05-13T17:10:00.022Z
sensor.shellyplugsg3_8cbfeaa49324_potencia,17.1,2026-05-13T17:10:03.355Z
sensor.shellyplugsg3_8cbfeaa49324_potencia,18.4,2026-05-13T17:10:09.634Z
sensor.shellyplugsg3_8cbfeaa49324_potencia,13.8,2026-05-13T17:10:14.787Z
sensor.shellyplugsg3_8cbfeaa49324_potencia,16.9,2026-05-13T17:10:19.830Z
sensor.shellyplugsg3_8cbfeaa49324_potencia,18.0,2026-05-13T17:10:24.969Z
sensor.shellyplugsg3_8cbfeaa49324_potencia,17.8,2026-05-13T17:10:30.107Z
sensor.shellyplugsg3_8cbfeaa49324_potencia,17.4,2026-05-13T17:10:35.249Z
sensor.shellyplugsg3_8cbfeaa49324_potencia,18.4,2026-05-13T17:10:43.470Z
sensor.shellyplugsg3_8cbfeaa49324_potencia,16.7,2026-05-13T17:10:50.666Z
sensor.shellyplugsg3_8cbfeaa49324_potencia,18.1,2026-05-13T17:10:55.805Z
sensor.shellyplugsg3_8cbfeaa49324_potencia,18.0,2026-05-13T17:11:00.020Z
sensor.shellyplugsg3_8cbfeaa49324_potencia,16.9,2026-05-13T17:11:03.000Z
sensor.shellyplugsg3_8cbfeaa49324_potencia,18.2,2026-05-13T17:11:11.226Z
sensor.shellyplugsg3_8cbfeaa49324_potencia,17.1,2026-05-13T17:11:16.477Z
sensor.shellyplugsg3_8cbfeaa49324_potencia,16.6,2026-05-13T17:11:23.575Z
sensor.shellyplugsg3_8cbfeaa49324_potencia,18.0,2026-05-13T17:11:31.796Z
sensor.shellyplugsg3_8cbfeaa49324_potencia,17.5,2026-05-13T17:11:40.019Z
sensor.shellyplugsg3_8cbfeaa49324_potencia,18.0,2026-05-13T17:11:46.186Z
sensor.shellyplugsg3_8cbfeaa49324_potencia,15.5,2026-05-13T17:11:51.438Z
sensor.shellyplugsg3_8cbfeaa49324_potencia,17.8,2026-05-13T17:11:57.507Z
sensor.shellyplugsg3_8cbfeaa49324_potencia,17.2,2026-05-13T17:12:00.020Z
sensor.shellyplugsg3_8cbfeaa49324_potencia,13.7,2026-05-13T17:12:07.899Z
sensor.shellyplugsg3_8cbfeaa49324_potencia,17.4,2026-05-13T17:12:12.942Z
sensor.shellyplugsg3_8cbfeaa49324_potencia,18.0,2026-05-13T17:12:19.107Z
sensor.shellyplugsg3_8cbfeaa49324_potencia,17.0,2026-05-13T17:12:26.305Z
sensor.shellyplugsg3_8cbfeaa49324_potencia,17.6,2026-05-13T17:12:31.444Z
sensor.shellyplugsg3_8cbfeaa49324_potencia,16.3,2026-05-13T17:12:40.806Z
sensor.shellyplugsg3_8cbfeaa49324_potencia,17.9,2026-05-13T17:12:45.847Z
sensor.shellyplugsg3_8cbfeaa49324_potencia,19.1,2026-05-13T17:12:51.097Z
sensor.shellyplugsg3_8cbfeaa49324_potencia,16.5,2026-05-13T17:12:57.168Z
sensor.shellyplugsg3_8cbfeaa49324_potencia,17.6,2026-05-13T17:13:00.016Z
sensor.shellyplugsg3_8cbfeaa49324_potencia,18.9,2026-05-13T17:13:11.667Z
sensor.shellyplugsg3_8cbfeaa49324_potencia,18.0,2026-05-13T17:13:16.708Z
sensor.shellyplugsg3_8cbfeaa49324_potencia,18.3,2026-05-13T17:13:23.904Z
sensor.shellyplugsg3_8cbfeaa49324_potencia,18.4,2026-05-13T17:13:32.129Z
sensor.shellyplugsg3_8cbfeaa49324_potencia,13.4,2026-05-13T17:13:44.576Z
sensor.shellyplugsg3_8cbfeaa49324_potencia,16.8,2026-05-13T17:13:49.619Z
sensor.shellyplugsg3_8cbfeaa49324_potencia,18.0,2026-05-13T17:13:55.783Z
sensor.shellyplugsg3_8cbfeaa49324_potencia,18.3,2026-05-13T17:14:00.014Z
sensor.shellyplugsg3_8cbfeaa49324_potencia,13.1,2026-05-13T17:14:01.056Z
sensor.shellyplugsg3_8cbfeaa49324_potencia,17.3,2026-05-13T17:14:06.099Z
sensor.shellyplugsg3_8cbfeaa49324_potencia,14.6,2026-05-13T17:14:16.486Z
sensor.shellyplugsg3_8cbfeaa49324_potencia,16.9,2026-05-13T17:14:22.554Z
sensor.shellyplugsg3_8cbfeaa49324_potencia,18.4,2026-05-13T17:14:27.805Z
sensor.shellyplugsg3_8cbfeaa49324_potencia,16.2,2026-05-13T17:14:32.958Z
sensor.shellyplugsg3_8cbfeaa49324_potencia,17.4,2026-05-13T17:14:38.001Z
sensor.shellyplugsg3_8cbfeaa49324_potencia,18.5,2026-05-13T17:14:47.362Z
sensor.shellyplugsg3_8cbfeaa49324_potencia,17.1,2026-05-13T17:14:53.434Z
sensor.shellyplugsg3_8cbfeaa49324_potencia,18.0,2026-05-13T17:15:00.011Z
sensor.shellyplugsg3_8cbfeaa49324_potencia,13.5,2026-05-13T17:15:05.879Z
sensor.shellyplugsg3_8cbfeaa49324_potencia,16.9,2026-05-13T17:15:10.922Z
sensor.shellyplugsg3_8cbfeaa49324_potencia,16.7,2026-05-13T17:15:17.088Z
sensor.shellyplugsg3_8cbfeaa49324_potencia,16.8,2026-05-13T17:15:25.311Z
sensor.shellyplugsg3_8cbfeaa49324_potencia,17.6,2026-05-13T17:15:52.048Z
sensor.shellyplugsg3_8cbfeaa49324_potencia,17.4,2026-05-13T17:15:58.217Z
sensor.shellyplugsg3_8cbfeaa49324_potencia,18.0,2026-05-13T17:16:00.009Z
sensor.shellyplugsg3_8cbfeaa49324_potencia,14.7,2026-05-13T17:16:10.663Z
sensor.shellyplugsg3_8cbfeaa49324_potencia,18.1,2026-05-13T17:16:15.706Z
sensor.shellyplugsg3_8cbfeaa49324_potencia,14.7,2026-05-13T17:16:26.096Z
sensor.shellyplugsg3_8cbfeaa49324_potencia,11.0,2026-05-13T17:16:31.139Z
sensor.shellyplugsg3_8cbfeaa49324_potencia,10.0,2026-05-13T17:17:00.007Z
sensor.shellyplugsg3_8cbfeaa49324_potencia,13.8,2026-05-13T17:17:31.889Z
sensor.shellyplugsg3_8cbfeaa49324_potencia,17.5,2026-05-13T17:17:36.930Z
sensor.shellyplugsg3_8cbfeaa49324_potencia,17.9,2026-05-13T17:17:42.071Z
sensor.shellyplugsg3_8cbfeaa49324_potencia,13.6,2026-05-13T17:17:49.377Z
sensor.shellyplugsg3_8cbfeaa49324_potencia,17.1,2026-05-13T17:17:54.421Z
sensor.shellyplugsg3_8cbfeaa49324_potencia,18.0,2026-05-13T17:18:00.005Z
sensor.shellyplugsg3_8cbfeaa49324_potencia,16.8,2026-05-13T17:18:09.839Z
sensor.shellyplugsg3_8cbfeaa49324_potencia,18.1,2026-05-13T17:18:16.007Z
sensor.shellyplugsg3_8cbfeaa49324_potencia,16.1,2026-05-13T17:18:22.284Z
sensor.shellyplugsg3_8cbfeaa49324_potencia,18.1,2026-05-13T17:18:27.327Z
sensor.shellyplugsg3_8cbfeaa49324_potencia,14.1,2026-05-13T17:18:38.746Z
sensor.shellyplugsg3_8cbfeaa49324_potencia,16.5,2026-05-13T17:18:43.788Z
sensor.shellyplugsg3_8cbfeaa49324_potencia,17.9,2026-05-13T17:18:49.953Z
sensor.shellyplugsg3_8cbfeaa49324_potencia,12.9,2026-05-13T17:18:55.205Z
sensor.shellyplugsg3_8cbfeaa49324_potencia,16.6,2026-05-13T17:19:00.003Z
sensor.shellyplugsg3_8cbfeaa49324_potencia,17.2,2026-05-13T17:19:00.250Z
sensor.shellyplugsg3_8cbfeaa49324_potencia,17.3,2026-05-13T17:19:05.386Z
sensor.shellyplugsg3_8cbfeaa49324_potencia,13.2,2026-05-13T17:19:10.527Z
sensor.shellyplugsg3_8cbfeaa49324_potencia,17.1,2026-05-13T17:19:15.668Z
sensor.shellyplugsg3_8cbfeaa49324_potencia,18.2,2026-05-13T17:19:23.889Z
sensor.shellyplugsg3_8cbfeaa49324_potencia,17.0,2026-05-13T17:19:30.055Z
sensor.shellyplugsg3_8cbfeaa49324_potencia,18.2,2026-05-13T17:19:36.223Z
sensor.shellyplugsg3_8cbfeaa49324_potencia,17.0,2026-05-13T17:19:42.501Z
sensor.shellyplugsg3_8cbfeaa49324_potencia,17.2,2026-05-13T17:19:47.545Z
sensor.shellyplugsg3_8cbfeaa49324_potencia,18.4,2026-05-13T17:19:55.877Z
sensor.shellyplugsg3_8cbfeaa49324_potencia,13.2,2026-05-13T17:20:00.000Z
sensor.shellyplugsg3_8cbfeaa49324_potencia,17.2,2026-05-13T17:20:04.003Z
sensor.shellyplugsg3_8cbfeaa49324_potencia,18.2,2026-05-13T17:20:09.151Z
sensor.shellyplugsg3_8cbfeaa49324_potencia,13.1,2026-05-13T17:20:15.430Z
sensor.shellyplugsg3_8cbfeaa49324_potencia,17.0,2026-05-13T17:20:20.473Z
sensor.shellyplugsg3_8cbfeaa49324_potencia,18.6,2026-05-13T17:20:25.611Z
sensor.shellyplugsg3_8cbfeaa49324_potencia,13.4,2026-05-13T17:20:31.890Z
sensor.shellyplugsg3_8cbfeaa49324_potencia,18.2,2026-05-13T17:20:36.934Z
sensor.shellyplugsg3_8cbfeaa49324_potencia,17.2,2026-05-13T17:20:43.210Z
sensor.shellyplugsg3_8cbfeaa49324_potencia,14.2,2026-05-13T17:20:48.364Z
sensor.shellyplugsg3_8cbfeaa49324_potencia,17.6,2026-05-13T17:20:53.407Z
sensor.shellyplugsg3_8cbfeaa49324_potencia,17.7,2026-05-13T17:21:00.059Z
sensor.shellyplugsg3_8cbfeaa49324_potencia,18.6,2026-05-13T17:21:01.739Z
sensor.shellyplugsg3_8cbfeaa49324_potencia,18.9,2026-05-13T17:21:12.947Z
sensor.shellyplugsg3_8cbfeaa49324_potencia,17.0,2026-05-13T17:21:19.115Z
sensor.shellyplugsg3_8cbfeaa49324_potencia,18.4,2026-05-13T17:21:24.257Z
sensor.shellyplugsg3_8cbfeaa49324_potencia,13.0,2026-05-13T17:21:36.705Z
sensor.shellyplugsg3_8cbfeaa49324_potencia,17.0,2026-05-13T17:21:41.748Z
sensor.shellyplugsg3_8cbfeaa49324_potencia,16.7,2026-05-13T17:21:46.885Z
sensor.shellyplugsg3_8cbfeaa49324_potencia,18.5,2026-05-13T17:21:52.136Z
sensor.shellyplugsg3_8cbfeaa49324_potencia,16.8,2026-05-13T17:21:57.179Z
sensor.shellyplugsg3_8cbfeaa49324_potencia,18.4,2026-05-13T17:22:00.058Z
sensor.shellyplugsg3_8cbfeaa49324_potencia,17.7,2026-05-13T17:22:10.540Z
sensor.shellyplugsg3_8cbfeaa49324_potencia,15.2,2026-05-13T17:22:25.042Z
sensor.shellyplugsg3_8cbfeaa49324_potencia,18.5,2026-05-13T17:22:31.111Z
sensor.shellyplugsg3_8cbfeaa49324_potencia,18.4,2026-05-13T17:22:37.279Z
sensor.shellyplugsg3_8cbfeaa49324_potencia,17.0,2026-05-13T17:22:45.502Z
sensor.shellyplugsg3_8cbfeaa49324_potencia,18.1,2026-05-13T17:22:53.836Z
sensor.shellyplugsg3_8cbfeaa49324_potencia,16.9,2026-05-13T17:23:00.056Z
sensor.shellyplugsg3_8cbfeaa49324_potencia,18.2,2026-05-13T17:23:01.963Z
sensor.shellyplugsg3_8cbfeaa49324_potencia,15.5,2026-05-13T17:23:14.444Z
sensor.shellyplugsg3_8cbfeaa49324_potencia,16.8,2026-05-13T17:23:19.485Z
sensor.shellyplugsg3_8cbfeaa49324_potencia,17.9,2026-05-13T17:23:25.654Z
sensor.shellyplugsg3_8cbfeaa49324_potencia,17.8,2026-05-13T17:23:33.877Z
sensor.shellyplugsg3_8cbfeaa49324_potencia,19.1,2026-05-13T17:23:42.209Z
sensor.shellyplugsg3_8cbfeaa49324_potencia,17.4,2026-05-13T17:23:49.308Z
sensor.shellyplugsg3_8cbfeaa49324_potencia,18.7,2026-05-13T17:23:56.613Z
sensor.shellyplugsg3_8cbfeaa49324_potencia,18.4,2026-05-13T17:24:00.053Z
sensor.shellyplugsg3_8cbfeaa49324_potencia,16.6,2026-05-13T17:24:01.766Z
sensor.shellyplugsg3_8cbfeaa49324_potencia,17.2,2026-05-13T17:24:06.809Z
sensor.shellyplugsg3_8cbfeaa49324_potencia,18.2,2026-05-13T17:24:14.003Z
sensor.shellyplugsg3_8cbfeaa49324_potencia,18.6,2026-05-13T17:24:22.227Z
sensor.shellyplugsg3_8cbfeaa49324_potencia,18.3,2026-05-13T17:24:30.448Z
sensor.shellyplugsg3_8cbfeaa49324_potencia,17.2,2026-05-13T17:24:38.673Z
sensor.shellyplugsg3_8cbfeaa49324_potencia,18.4,2026-05-13T17:24:47.005Z
sensor.shellyplugsg3_8cbfeaa49324_potencia,17.2,2026-05-13T17:24:54.102Z
sensor.shellyplugsg3_8cbfeaa49324_potencia,18.5,2026-05-13T17:24:59.241Z
sensor.shellyplugsg3_8cbfeaa49324_potencia,18.8,2026-05-13T17:25:00.051Z
sensor.shellyplugsg3_8cbfeaa49324_potencia,14.3,2026-05-13T17:25:06.549Z
sensor.shellyplugsg3_8cbfeaa49324_potencia,18.1,2026-05-13T17:25:11.592Z
sensor.shellyplugsg3_8cbfeaa49324_potencia,13.0,2026-05-13T17:25:23.009Z
sensor.shellyplugsg3_8cbfeaa49324_potencia,18.5,2026-05-13T17:25:28.052Z
sensor.shellyplugsg3_8cbfeaa49324_potencia,16.5,2026-05-13T17:25:33.191Z
sensor.shellyplugsg3_8cbfeaa49324_potencia,13.6,2026-05-13T17:25:39.361Z
sensor.shellyplugsg3_8cbfeaa49324_potencia,17.1,2026-05-13T17:25:44.501Z
sensor.shellyplugsg3_8cbfeaa49324_potencia,12.7,2026-05-13T17:25:55.919Z
sensor.shellyplugsg3_8cbfeaa49324_potencia,17.2,2026-05-13T17:26:00.049Z
sensor.shellyplugsg3_8cbfeaa49324_potencia,17.0,2026-05-13T17:26:00.962Z
sensor.shellyplugsg3_8cbfeaa49324_potencia,17.4,2026-05-13T17:26:06.116Z
sensor.shellyplugsg3_8cbfeaa49324_potencia,16.7,2026-05-13T17:26:16.395Z
sensor.shellyplugsg3_8cbfeaa49324_potencia,17.8,2026-05-13T17:26:21.534Z
sensor.shellyplugsg3_8cbfeaa49324_potencia,16.4,2026-05-13T17:26:27.813Z
sensor.shellyplugsg3_8cbfeaa49324_potencia,17.1,2026-05-13T17:26:32.856Z
sensor.shellyplugsg3_8cbfeaa49324_potencia,14.9,2026-05-13T17:26:45.299Z
sensor.shellyplugsg3_8cbfeaa49324_potencia,17.0,2026-05-13T17:26:50.340Z
sensor.shellyplugsg3_8cbfeaa49324_potencia,17.1,2026-05-13T17:27:00.046Z
sensor.shellyplugsg3_8cbfeaa49324_potencia,12.9,2026-05-13T17:27:01.760Z
sensor.shellyplugsg3_8cbfeaa49324_potencia,17.9,2026-05-13T17:27:06.803Z
sensor.shellyplugsg3_8cbfeaa49324_potencia,13.9,2026-05-13T17:27:17.191Z
sensor.shellyplugsg3_8cbfeaa49324_potencia,17.7,2026-05-13T17:27:22.231Z
sensor.shellyplugsg3_8cbfeaa49324_potencia,18.9,2026-05-13T17:27:32.621Z
sensor.shellyplugsg3_8cbfeaa49324_potencia,17.9,2026-05-13T17:27:37.662Z
sensor.shellyplugsg3_8cbfeaa49324_potencia,16.4,2026-05-13T17:27:49.080Z
sensor.shellyplugsg3_8cbfeaa49324_potencia,17.4,2026-05-13T17:27:54.123Z
sensor.shellyplugsg3_8cbfeaa49324_potencia,17.6,2026-05-13T17:28:00.044Z
sensor.shellyplugsg3_8cbfeaa49324_potencia,18.5,2026-05-13T17:28:03.485Z
sensor.shellyplugsg3_8cbfeaa49324_potencia,17.5,2026-05-13T17:28:08.526Z
sensor.shellyplugsg3_8cbfeaa49324_potencia,14.6,2026-05-13T17:28:22.000Z
sensor.shellyplugsg3_8cbfeaa49324_potencia,11.5,2026-05-13T17:28:27.043Z
sensor.shellyplugsg3_8cbfeaa49324_potencia,10.3,2026-05-13T17:28:34.236Z
sensor.shellyplugsg3_8cbfeaa49324_potencia,10.4,2026-05-13T17:29:00.042Z
sensor.shellyplugsg3_8cbfeaa49324_potencia,11.7,2026-05-13T17:29:24.721Z
sensor.shellyplugsg3_8cbfeaa49324_potencia,10.2,2026-05-13T17:29:31.817Z
sensor.shellyplugsg3_8cbfeaa49324_potencia,9.9,2026-05-13T17:30:00.043Z
sensor.shellyplugsg3_8cbfeaa49324_potencia,10.6,2026-05-13T17:31:00.038Z
sensor.shellyplugsg3_8cbfeaa49324_potencia,10.1,2026-05-13T17:32:00.036Z
sensor.shellyplugsg3_8cbfeaa49324_potencia,9.8,2026-05-13T17:34:00.031Z
